user_id,monthly_income,monthly_expenses,monthly_savings,emergency_fund_savings,debt,savings_rate,debt_to_income,emergency_fund_months,savings_score,debt_score,emergency_fund_score,financial_health_score
1,161958,129286,32672,189724.4019410948,119879,20.173131305647143,74.01857271638326,1.4674783189293104,40.346262611294286,25.98142728361674,24.457971982155172,31.270324824249286
2,150268,104950,45318,374321.17929587513,168266,30.158117496739163,111.97726728245534,3.566662022828729,60.316234993478325,0.0,59.444367047145484,41.95980411153498
3,127498,106217,21281,510789.0656186273,16023,16.691242215564166,12.567255956956188,4.80892009394567,33.38248443112833,87.43274404304381,80.14866823242784,63.627417455092825
4,81090,33270,47820,258151.2062514364,194027,58.971513133555305,239.27364656554445,7.759278817295955,100.0,0.0,100.0,70.0
5,104925,53109,51816,77252.33746721526,184779,49.38384560400286,176.10578984989277,1.454599737656805,98.76769120800571,0.0,24.24332896094675,46.78007517148632
6,125305,82999,42306,286808.03681821574,130608,33.7624196959419,104.23207374007421,3.455560149136926,67.5248393918838,0.0,57.592669152282106,44.28773650243815
7,278042,196277,81765,219035.49189760647,130523,29.40742765481474,46.943627221786635,1.1159508852163345,58.81485530962948,53.056372778213365,18.59918142027224,45.022608383397476
8,42747,24929,17818,90954.94909237191,84654,41.68245724846188,198.03494982104007,3.6485598737362874,83.36491449692376,0.0,60.80933122893812,51.588765167450944
9,206845,103388,103457,425325.3609496518,31551,50.016679155889676,15.253450651453987,4.113875507308893,100.0,84.74654934854601,68.56459178848155,85.99334234110827
10,156216,66114,90102,321337.7627088936,87313,57.67783069595944,55.89248220412762,4.860358815211508,100.0,44.10751779587238,81.00598025352514,77.53404941481926
11,181699,158278,23421,713249.0603532501,174073,12.889999394603164,95.80294883296,4.506305742764314,25.779998789206328,4.1970511670400015,75.10509571273857,34.10264357961611
12,247624,101026,146598,186610.2370184258,120174,59.20185442444998,48.53083707556618,1.847150604977192,100.0,51.46916292443382,30.785843416286536,64.6765019022161
13,194555,89693,104862,355311.22078888124,110510,53.89838349052967,56.8014186219835,3.9614152808901615,100.0,43.1985813780165,66.02358801483602,72.76665081785576
14,146530,125233,21297,259262.3474857193,19457,14.534225073363816,13.278509520234763,2.070239852800135,29.06845014672763,86.72149047976524,34.50399754666891,47.9950264666213
15,237629,156843,80786,685981.4427443041,171829,33.99669232290672,72.30977700533184,4.373682234746237,67.99338464581344,27.69022299466816,72.89470391243728,57.372831930457004
16,49692,43967,5725,272642.11875774496,196769,11.52096917008774,395.9772196731868,6.2010625868889155,23.04193834017548,0.0,100.0,39.21677533607019
17,77065,65305,11760,312366.8649300633,11534,15.259845584895867,14.966586647635113,4.783199830488681,30.519691169791734,85.03341335236489,79.71999717481135,61.633899626069564
18,265735,182087,83648,758697.1832425772,55591,31.477976179276347,20.91971324816076,4.166674080206589,62.95595235855269,79.08028675183924,69.44456800344315,69.7398373700058
19,260884,155053,105831,336587.85138910305,9268,40.56630533110501,3.5525367596326336,2.1707922541911673,81.13261066221003,96.44746324036737,36.17987090318612,72.24124450795006
20,126807,73342,53465,164834.39047593504,139643,42.162498915675,110.12246957975506,2.247476077499046,84.32499783135,0.0,37.457934624984105,44.96737952003523
21,294444,138524,155920,888988.2764957807,114752,52.95404219478067,38.97243618480933,6.417575846032317,100.0,61.02756381519067,100.0,88.3082691445572
22,88984,79502,9482,491160.02918898285,198635,10.655848242380653,223.2255236896521,6.177958154373259,21.311696484761306,0.0,100.0,38.524678593904525
23,173767,69986,103781,456567.0682547202,39504,59.72422842081638,22.733890784786524,6.523691427638673,100.0,77.26610921521348,100.0,93.17983276456404
24,204231,156135,48096,963378.364638481,38660,23.54980389852667,18.929545465673673,6.170162773487566,47.09960779705334,81.07045453432633,100.0,73.16097947911923
25,174633,101153,73480,93764.02382516356,22662,42.07681251538942,12.97692875916923,0.9269524762010376,84.15362503077884,87.02307124083077,15.449207936683958,64.40313376556595
26,48392,34438,13954,91163.72943900428,89135,28.835344685071913,184.193668374938,2.647184198821194,57.670689370143826,0.0,44.1197366470199,36.3041967421635
27,167478,93032,74446,242019.63851833864,194407,44.45121150240629,116.07912681068558,2.6014665762139764,88.90242300481258,0.0,43.35777627023294,48.56830208299492
28,50965,42994,7971,162419.26793930278,113252,15.640145197684685,222.215245756892,3.7777194012955944,31.28029039536937,0.0,62.96199002159324,31.400713164625717
29,179182,135573,43609,825135.291169109,98806,24.337824111796944,55.14281568461118,6.0862803889351795,48.67564822359389,44.85718431538882,100.0,62.927414584054205
30,177982,93980,84002,30399.589958574223,131278,47.196907552449126,73.75914418311964,0.3234687163074508,94.39381510489825,26.240855816880355,5.391145271790846,47.247126368560664
31,258126,117562,140564,413194.2226587493,50015,54.455575959027755,19.376196121274106,3.514692014926161,100.0,80.6238038787259,58.57820024876935,81.76060123824857
32,288550,184004,104546,829159.66676754,87939,36.23150233928262,30.47617397331485,4.506204575811069,72.46300467856524,69.52382602668516,75.10340959685115,72.37337255848699
33,189213,88866,100347,429697.23861522006,198286,53.03388244993737,104.79512507068753,4.835339034222538,100.0,0.0,80.58898390370896,64.17669517111268
34,289002,144943,144059,1093280.2006190836,75450,49.847059881938534,26.10708576411236,7.542828564463848,99.69411976387707,73.89291423588764,100.0,92.04552217631712
35,133426,64125,69301,476934.89565174,64044,51.93965194190038,47.99964025002623,7.437581218740585,100.0,52.00035974997377,100.0,85.60010792499213
36,213629,153108,60521,1067420.7043396886,95259,28.329955202711243,44.59085611035955,6.971684721501742,56.65991040542249,55.40914388964045,100.0,69.28670732906113
37,283307,139751,143556,997888.1007837832,152906,50.67153300130247,53.97183973569308,7.140471987919823,100.0,46.02816026430692,100.0,83.80844807929208
38,58047,46653,11394,334442.77932264586,44262,19.628921391286372,76.2520026874774,7.168730399387947,39.257842782572745,23.7479973125226,100.0,52.82753630678588
39,165117,75132,89985,137001.7970568093,192445,54.4977197986882,116.55068829981165,1.8234813003355335,100.0,0.0,30.391355005592224,49.117406501677664
40,177848,143880,33968,990735.3305513816,189125,19.099455714992576,106.34080788088704,6.8858446660507475,38.19891142998515,0.0,100.0,45.27956457199406
41,61959,41329,20630,160300.30309036333,13545,33.29621201116868,21.861230813925335,3.8786397708718656,66.59242402233735,78.13876918607467,64.64399618119776,69.47179921911668
42,167659,87528,80131,117841.42671449811,61087,47.79403431966074,36.43526443555073,1.3463283373834443,95.58806863932148,63.56473556444927,22.438805623057405,64.0362898119806
43,266911,181246,85665,585549.5252766854,51005,32.09496798558321,19.10936604336277,3.230689368464327,64.18993597116642,80.89063395663723,53.84482280773878,66.09661141777937
44,217648,114691,102957,226515.7001841761,65318,47.30436300815997,30.010843196353747,1.9750085027088098,94.60872601631993,69.98915680364625,32.91680837848016,68.7152799611659
45,281025,212492,68533,251738.3033572628,93264,24.386798327550927,33.18708299973312,1.1846954396271991,48.773596655101855,66.81291700026688,19.744923993786653,45.47679096025681
46,286458,201890,84568,811886.9439973987,112181,29.521954352819613,39.161412842371305,4.021432185830892,59.043908705639225,60.838587157628695,67.0238697638482,61.97630055869875
47,171926,92723,79203,673737.1019558882,177789,46.068075800053506,103.41018810418436,7.26612708773323,92.13615160010701,0.0,100.0,66.85446064004282
48,291009,193656,97353,693727.172148533,157381,33.45360452769502,54.08114525667591,3.582265316584733,66.90720905539004,45.91885474332409,59.70442194307889,58.449866628076904
49,258527,180024,78503,116444.31375776583,109751,30.36549373953204,42.45243243452328,0.646826610661722,60.73098747906408,57.54756756547672,10.780443511028698,44.79079831457726
50,158906,82802,76104,532012.624862145,106308,47.89246472757479,66.89992825947415,6.425118051039166,95.78492945514958,33.10007174052585,100.0,78.24399330421758
51,223155,198989,24166,634893.4158207934,110078,10.829244247272076,49.328045528892474,3.1905955395564245,21.65848849454415,50.671954471107526,53.176592325940405,39.81795943693204
52,120623,96398,24225,116230.95842543576,86202,20.083234540676322,71.46398282251312,1.2057403517234357,40.166469081352645,28.536017177486883,20.09567252872393,30.6560945444043
53,280965,210135,70830,1442969.8195962482,133883,25.209545672948586,47.65113092378054,6.866870438509759,50.41909134589717,52.34886907621946,100.0,65.8722972612247
54,96250,49099,47151,279333.8471453939,142483,48.98805194805195,148.03428571428572,5.6891962595041425,97.9761038961039,0.0,94.81993765840238,67.63642285596228
55,173983,77959,96024,586578.0254107603,71295,55.19159917923015,40.97814154256451,7.524186115916832,100.0,59.02185845743549,100.0,87.70655753723065
56,259686,225502,34184,248089.98357447816,8155,13.163589873924664,3.1403310151490644,1.100167553167946,26.32717974784933,96.85966898485094,18.336125886132436,45.08961036043475
57,244728,111776,132952,826868.4310136371,85981,54.32643587983394,35.13329083717433,7.397548946228502,100.0,64.86670916282567,100.0,89.4600127488477
58,231785,122607,109178,647349.3114569007,96601,47.10313437021378,41.67698513708825,5.279872368273432,94.20626874042756,58.32301486291175,87.9978728045572,81.57877379641171
59,261807,177400,84407,751680.1008028444,133121,32.24016164579251,50.84699797942759,4.237204626848052,64.48032329158502,49.15300202057241,70.62007711413419,61.72405305704599
60,202688,90510,112178,649655.9860188449,117796,55.345161035680455,58.116908746447734,7.177726063626615,100.0,41.883091253552266,100.0,82.56492737606568
61,69855,50054,19801,135758.3772892133,117858,28.345859279937013,168.71805883616062,2.712238328389605,56.691718559874026,0.0,45.203972139826746,36.23787906589764
62,213714,163059,50655,1170255.2150208582,6295,23.702237569836324,2.9455253282424176,7.176882079620617,47.40447513967265,97.05447467175759,100.0,78.07813245739634
63,160885,127089,33796,652761.2790248182,143946,21.00630885415048,89.47136153152874,5.136253169234302,42.01261770830096,10.528638468471257,85.60421948723837,45.64490447003327
64,156336,75168,81168,540340.1699456279,192339,51.91894381332515,123.02924470371508,7.188433508216634,100.0,0.0,100.0,70.0
65,294205,119034,175171,96628.50906812212,133272,59.54045648442413,45.299026189221806,0.8117723429282568,100.0,54.700973810778194,13.529539048804281,60.469153857874744
66,283548,153671,129877,375404.5582638663,77505,45.804237730472444,27.33399636040459,2.4429108827551476,91.60847546094489,72.6660036395954,40.715181379252456,70.65774569003231
67,42869,26759,16110,212885.4979360236,94179,37.57960297650983,219.6902190393991,7.9556597008865655,75.15920595301967,0.0,100.0,60.06368238120787
68,130272,53286,76986,210540.964058116,135059,59.09635224760501,103.67461925816752,3.9511497214674773,100.0,0.0,65.85249535779128,59.75574860733738
69,98871,71663,27208,486863.1781299542,86416,27.518685964539653,87.40277735635323,6.7937872839534235,55.037371929079306,12.597222643646774,100.0,55.79411556472576
70,110271,75442,34829,56536.09467589562,171890,31.584913531209473,155.87960569868778,0.7493981426247398,63.169827062418946,0.0,12.489969043745663,29.01492153809128
71,216597,115359,101238,225171.2101645416,47333,46.74025956038172,21.85302658854924,1.9519171470326686,93.48051912076345,78.14697341145076,32.53195245054448,70.59588540690395
72,174508,112273,62235,813843.4335482017,30746,35.66312146148027,17.61867650766727,7.248790301748432,71.32624292296055,82.38132349233273,100.0,83.24489421688403
73,89377,51395,37982,265240.698332487,170862,42.49639168913703,191.16998780446872,5.160826896244519,84.99278337827405,0.0,86.01378160407532,59.80124783253221
74,147455,122694,24761,225938.81041303507,45714,16.792241700857886,31.0020006103557,1.8414821459324422,33.58448340171577,68.99799938964429,30.691369098874038,43.340603907241814
75,227907,93933,133974,485049.193371584,187563,58.784504205662834,82.29804262264871,5.163778367257343,100.0,17.70195737735129,86.0629727876224,71.1294790494921
76,164123,104213,59910,233070.57519732483,43525,36.503110472024034,26.519744338087897,2.2364827343740687,73.00622094404807,73.48025566191211,37.27471223956781,62.42897874806321
77,218274,168913,49361,1287889.799170856,3420,22.61423715147017,1.5668380109403777,7.624574776191625,45.22847430294034,98.43316198905963,100.0,77.62133831789403
78,136752,92496,44256,423478.1138274069,197307,32.36223236223236,144.28088803088804,4.5783397533667065,64.72446472446472,0.0,76.30566255611177,48.781484656619426
79,225312,98613,126699,241165.6013037349,6102,56.232690668939064,2.7082445675330207,2.445576154297455,100.0,97.29175543246699,40.75960257162425,81.41540740122737
80,221408,123647,97761,167658.1571959622,165656,44.15423110276052,74.81933805463217,1.3559419734887397,88.30846220552104,25.18066194536783,22.599032891478995,49.657293333262466
81,203817,176928,26889,985177.278928877,182957,13.192716996128881,89.76532870172753,5.568238373399784,26.385433992257763,10.234671298272474,92.8039728899964,41.46576685338377
82,76631,38657,37974,207555.1594389386,18070,49.55435789693466,23.580535292505644,5.369148134592405,99.10871579386932,76.41946470749436,89.48580224320675,89.41506640275806
83,75777,39940,35837,94351.24881161933,176089,47.29271414809243,232.3778983068741,2.3623247073515103,94.58542829618486,0.0,39.37207845585851,49.64579485523149
84,237392,195690,41702,213883.42679912492,105510,17.56672507919391,44.4454741524567,1.0929706515362303,35.13345015838782,55.5545258475433,18.21617752560384,36.18459107529927
85,94748,51946,42802,174447.49095166623,182065,45.174568328619074,192.15709038713217,3.358246851570212,90.34913665723815,0.0,55.970780859503535,52.93088892074632
86,69592,49115,20477,32059.98536286244,110627,29.42435912173813,158.96511093229105,0.6527534432019229,58.84871824347626,0.0,10.879224053365382,26.803254513400123
87,110316,54842,55474,31124.334160880266,70031,50.2864498350194,63.48217846912506,0.5675273359994214,100.0,36.51782153087494,9.45878893332369,53.79298313925958
88,247501,209139,38362,565503.7528701868,144475,15.499735354604628,58.373501521205974,2.7039612548122864,30.999470709209255,41.626498478794026,45.06602091353811,38.407544101383344
89,72097,32226,39871,149085.2465899416,118834,55.30188496053927,164.82516609567665,4.626241127969392,100.0,0.0,77.10401879948986,63.131205639846954
90,133848,63915,69933,502034.8830109408,22677,52.248072440380135,16.942352519275598,7.854727106484249,100.0,83.0576474807244,100.0,94.91729424421732
91,95609,79374,16235,158907.61191668955,70313,16.980618979384786,73.54223974730412,2.0020108841269124,33.96123795876957,26.457760252695877,33.36684806878188,31.53187767995115
92,167813,92571,75242,397746.0589441728,113632,44.836812404283336,67.71346677551799,4.296659417573244,89.67362480856667,32.286533224482014,71.61099029288741,67.03870697863749
93,251207,197196,54011,340472.3467061399,114692,21.500595126728157,45.65637104061591,1.7265682199747454,43.001190253456315,54.34362895938409,28.776136999579087,42.13640588907148
94,258214,114304,143910,47259.41965165227,187251,55.7328417514155,72.51775658949553,0.4134537693488616,100.0,27.482243410504466,6.890896155814359,50.31194186989564
95,203165,136185,66980,694467.129084266,73523,32.968277016218344,36.188812049319516,5.099439211985652,65.93655403243669,63.811187950680484,84.9906535330942,71.01517405810708
96,276175,245222,30953,1012865.6320889256,83613,11.207748710057029,30.275368878428534,4.130402786409562,22.415497420114058,69.72463112157146,68.84004644015937,50.53560223656487
97,262866,209660,53206,454261.51839685184,28251,20.240731018846102,10.747300906165117,2.1666580100965938,40.481462037692204,89.25269909383488,36.110966834943234,53.80168459371032
98,143481,63020,80461,12780.830800337058,8308,56.0778082115402,5.790313700071787,0.20280594732366009,100.0,94.20968629992821,3.3800991220610013,69.27693562659677
99,45949,37585,8364,209265.5242882531,74740,18.202790049837862,162.65859975189883,5.567793648749584,36.405580099675724,0.0,92.79656081249307,42.40120028361821
100,156352,76088,80264,95223.85362206076,177247,51.335448219402366,113.3640759312321,1.2514963413686884,100.0,0.0,20.858272356144806,46.25748170684344
101,178877,79946,98931,116955.24003792634,187628,55.30671914220386,104.89218848706095,1.4629279768584587,100.0,0.0,24.382132947640976,47.31463988429229
102,154548,111140,43408,459404.976403109,29375,28.087066801252686,19.007039884048968,4.133570059412533,56.17413360250537,80.99296011595104,68.89283432354222,67.43539177285012
103,180734,111664,69070,652152.8819564712,67215,38.21638429957839,37.19001405380283,5.840314532494548,76.43276859915677,62.80998594619717,97.3385755415758,78.6176758859946
104,109042,84935,24107,9780.087654146517,192461,22.107995084462868,176.5017149355294,0.11514790903804693,44.215990168925735,0.0,1.9191318173007823,18.26213561276053
105,49435,20911,28524,6813.439882335876,78781,57.70001011429149,159.36279963588552,0.3258304185517611,100.0,0.0,5.430506975862684,41.62915209275881
106,231475,112882,118593,15497.435975773042,166319,51.23361054109515,71.85181985095582,0.1372888146540019,100.0,28.14818014904418,2.288146910900031,49.130898117983264
107,161172,102623,58549,142195.9639662039,59101,36.327029508847694,36.669520760429855,1.3856149592801215,72.65405901769539,63.330479239570145,23.09358265466869,54.98884217534981
108,273828,164092,109736,808448.5943166744,98116,40.074791474940476,35.83125173466556,4.926800784417732,80.14958294988095,64.16874826533444,82.1133464069622,75.94446158164138
109,137379,58063,79316,174009.0579444544,23289,57.73517058647973,16.952372633371912,2.9969009170117697,100.0,83.04762736662809,49.94834861686283,79.89879279504727
110,150226,97882,52344,670679.5090815629,9540,34.84350245629918,6.350432015762918,6.851918729506578,69.68700491259835,93.64956798423708,100.0,85.96967236031047
111,56364,27137,29227,15320.192785643718,104182,51.85402029664324,184.83783975587252,0.5645499792034387,100.0,0.0,9.409166320057311,42.82274989601719
112,202049,83497,118552,391284.0296767229,191962,58.67487589644096,95.00764665996863,4.686204650187706,100.0,4.9923533400313715,78.10341083646178,64.92872925294795
113,237459,163309,74150,507133.1398308871,166267,31.226443301791047,70.01924542763172,3.1053594096521753,62.452886603582094,29.980754572368284,51.755990160869594,49.502178061404194
114,131680,82843,48837,361604.2534184,103691,37.087636695018226,78.74468408262454,4.3649343145274795,74.17527339003645,21.255315917375455,72.74890524212466,57.871375703864615
115,277378,224735,52643,1171291.44162768,82986,18.978794280728824,29.918018011522186,5.211878174862305,37.95758856145765,70.08198198847782,86.86463624770508,62.26702089543792
116,260715,139998,120717,240336.3806474637,3373,46.302284103331225,1.2937498801373146,1.716712957666993,92.60456820666245,98.70625011986269,28.61188262778322,75.23726710695875
117,183233,76862,106371,380161.84046383295,27350,58.05231590379463,14.926350602784433,4.946031074703143,100.0,85.07364939721556,82.43385124505238,90.25225019268038
118,133008,96811,36197,298485.05817837856,146377,27.214152532178517,110.05127511127151,3.0831729677245208,54.42830506435703,0.0,51.386216128742014,37.187186864365415
119,115353,65787,49566,137202.48743244287,20358,42.968973498738656,17.648435671373957,2.085556225887225,85.93794699747731,82.35156432862604,34.75927043145375,69.50842922701486
120,43267,32296,10971,89999.03181936369,11338,25.356507268819193,26.204728777128068,2.786692835625579,50.71301453763839,73.79527122287193,46.44488059375965,56.35725136004483
121,171484,71953,99531,240579.7665602483,44425,58.04098341536237,25.90620699307224,3.34356825372463,100.0,74.09379300692777,55.72613756207717,78.94597917070148
122,78756,61060,17696,394122.6334372732,114352,22.469399156889633,145.1978261973691,6.454677914138114,44.938798313779266,0.0,100.0,47.97551932551171
123,123042,74601,48441,222023.3697458193,196582,39.36948359096894,159.76820922936884,2.976144686342265,78.73896718193788,0.0,49.602411439037745,46.37631030448647
124,205983,117493,88490,874859.763657117,61476,42.95985591043921,29.84518139846492,7.446058604828518,85.91971182087842,70.15481860153508,100.0,85.4143303088119
125,84811,52116,32695,313059.17255217343,112856,38.550423883694336,133.06764452724295,6.006968542331979,77.10084776738867,0.0,100.0,60.84033910695547
126,108450,48971,59479,353591.34714404045,14397,54.844628861226376,13.275242047026278,7.220423253436533,100.0,86.72475795297372,100.0,96.01742738589212
127,212627,172914,39713,442728.4537008576,66234,18.677308149952733,31.15032427678517,2.560396808244894,37.354616299905466,68.84967572321483,42.6732801374149,48.398733278151106
128,79954,47540,32414,4121.7756109870725,155538,40.54081096630562,194.53435725542187,0.08670121184238688,81.08162193261124,0.0,1.4450201973731147,32.866154832256434
129,208011,120116,87895,919416.7609427954,51934,42.25497690026008,24.966948863281267,7.654407081011651,84.50995380052017,75.03305113671874,100.0,86.3138968612237
130,235967,151316,84651,596821.3634511875,139407,35.87408408802926,59.0790237617972,3.9442052621744397,71.74816817605851,40.9209762382028,65.73675436957399,60.696586452756435
131,126900,56578,70322,272679.2216450681,142202,55.41528762805359,112.05831363278172,4.819527407208952,100.0,0.0,80.32545678681586,64.09763703604476
132,127508,98970,28538,626740.6236603778,27192,22.381340778617812,21.32572073909088,6.332632349806788,44.762681557235624,78.67427926090912,100.0,71.50735640116699
133,41062,18297,22765,72371.26652114507,11174,55.44055330962934,27.212507914860456,3.9553624376206518,100.0,72.78749208513955,65.92270729367753,81.61305981364512
134,128461,86680,41781,306174.9108723546,38102,32.52426806579429,29.66036384583648,3.5322440109870166,65.04853613158858,70.33963615416351,58.87073351645028,64.78252535381957
135,114460,65866,48594,61685.8888321655,179208,42.4550061156736,156.5682334439979,0.9365361314208469,84.9100122313472,0.0,15.608935523680781,38.64668554964312
136,194697,159355,35342,1105118.900278473,175333,18.152308458784674,90.0542894857137,6.934949642486731,36.30461691756935,9.945710514286304,100.0,47.50555992131363
137,41542,25467,16075,45346.82901025147,193928,38.6957777670791,466.82393722016275,1.7806113405682442,77.3915555341582,0.0,29.676855676137404,39.8596789165045
138,133105,112599,20506,132060.45054160303,88092,15.405882573907817,66.18233725254498,1.172838573536204,30.811765147815635,33.81766274745502,19.547309558936732,28.33419775104378
139,297188,153531,143657,713987.216097961,173420,48.33876199577372,58.35363473626122,4.6504433378142584,96.67752399154745,41.64636526373878,77.50738896357097,74.41713586481191
140,197504,165938,31566,314200.54135373427,171334,15.982461114711603,86.74963545042125,1.89348154945663,31.964922229423205,13.250364549578748,31.558025824277163,26.228486003926058
141,208152,144862,63290,405866.5252280065,19870,30.405665090895116,9.545908758983819,2.801745973602508,60.81133018179023,90.45409124101619,46.695766226708464,65.46948931303349
142,205650,162170,43480,724451.337437244,118874,21.14271821055191,57.80403598346705,4.46723399788644,42.28543642110382,42.19596401653295,74.45389996477401,51.90913376283362
143,65289,55703,9586,49552.26685519639,44482,14.682412044908025,68.13092557704972,0.8895798584492107,29.36482408981605,31.869074422950277,14.826330974153512,25.754551255057557
144,126188,51191,74997,191929.65539457052,123961,59.432751133229786,98.23517291660063,3.7492851359530097,100.0,1.7648270833993678,62.488085599216824,59.27587380478486
145,70355,32321,38034,30388.52657666245,173416,54.06012365858859,246.48710112998367,0.9402099742168389,100.0,0.0,15.670166236947317,44.701049871084194
146,82918,64097,18821,299137.50189146114,61629,22.698328469089944,74.32523698111387,4.666950120777277,45.39665693817989,25.674763018886125,77.78250201295461,49.195842284824174
147,106040,62291,43749,142378.3325326671,33591,41.25707280271595,31.677668804224822,2.285696690254886,82.5141456054319,68.32233119577518,38.09494483758143,64.93084105217974
148,253920,129955,123965,1001404.6809040372,36395,48.82049464398236,14.33325456836799,7.7057803155248905,97.64098928796471,85.66674543163201,100.0,94.75641934467549
149,282348,249860,32488,86271.48479976758,128148,11.506368028107158,45.38654426452463,0.3452792956046089,23.012736056214315,54.61345573547537,5.754654926743482,27.31552762115138
150,60559,40202,20357,319353.3658687049,21732,33.61515216565663,35.885665219042586,7.9437183689544035,67.23030433131326,64.11433478095742,100.0,76.12642216681253
151,299747,202906,96841,1573418.4023386312,114065,32.30757939195389,38.05375866981154,7.754420284952792,64.61515878390777,61.94624133018846,100.0,74.42993591261964
152,111726,79850,31876,444444.2625233735,52638,28.530512145785224,47.11347403469202,5.565989511876937,57.06102429157045,52.88652596530798,92.76649186461562,66.52031506560526
153,223808,159749,64059,746749.0161232267,150159,28.622301258221334,67.09277595081498,4.674514495384802,57.24460251644267,32.90722404918502,77.90857492308004,56.14258069825658
154,212502,89829,122673,201909.13886304368,142047,57.7279272665669,66.84501792924303,2.247705516737843,100.0,33.15498207075697,37.46175861229739,61.18502220491631
155,51023,43121,7902,157186.99869498183,66203,15.487133253630716,129.7512886345374,3.6452540222857035,30.974266507261433,0.0,60.75423370476173,30.615976714333094
156,159156,85735,73421,129028.5410313334,61529,46.13146849631808,38.65955414813139,1.5049692777900905,92.26293699263616,61.34044585186861,25.082821296501507,62.83215494156549
157,142023,81901,60122,382416.1537335862,158427,42.332579934236,111.55024186223359,4.669248894806977,84.665159868472,0.0,77.82081491344961,57.212308421423685
158,274340,243393,30947,1920294.333848992,178677,11.280527812203834,65.1297659838157,7.889685955836823,22.56105562440767,34.8702340161843,100.0,49.48549245461836
159,161790,108083,53707,267637.38680860127,57043,33.19550033994684,35.25743247419494,2.4762209302906215,66.39100067989368,64.74256752580506,41.27034883817702,58.3602751811521
160,296460,220081,76379,286311.1890237041,165421,25.763678067867502,55.79875868582608,1.30093551475913,51.527356135735005,44.20124131417392,21.682258579318834,40.375992422341824
161,162402,131751,30651,1001096.7070089944,49407,18.873536040196548,30.42265489341264,7.598399306335393,37.747072080393096,69.57734510658736,100.0,65.97203236413344
162,241412,170607,70805,570841.517539469,58141,29.32952794392988,24.083724089937533,3.345944290324951,58.65905588785976,75.91627591006247,55.765738172082514,62.9682265797874
163,194865,131688,63177,173653.55344487503,1015,32.420906781618044,0.5208734251917995,1.3186740890960074,64.84181356323609,99.4791265748082,21.977901484933458,62.37383384321693
164,295776,233308,62468,896593.4644806038,112816,21.120036784593747,38.142378015795735,3.8429606549308373,42.240073569187494,61.857621984204265,64.04934424884729,54.668119297590465
165,168778,117649,51129,358491.4271342644,20309,30.29364016637239,12.032966381874415,3.047126853048172,60.58728033274478,87.96703361812558,50.785447550802864,65.86065648377645
166,46970,38565,8405,258641.17197748023,18017,17.894400681285926,38.35852671918246,6.706629637689103,35.78880136257185,61.64147328081754,100.0,62.807962529274
167,115880,70386,45494,153952.24131931752,172015,39.259578874697965,148.44235415947531,2.18725657544565,78.51915774939593,0.0,36.454276257427495,42.34394597698662
168,218998,182285,36713,1185437.2835942097,98142,16.764080037260616,44.81410789139627,6.503208073040621,33.52816007452123,55.18589210860373,100.0,59.967031662389616
169,180932,162534,18398,722212.2947073396,23524,10.16846107930051,13.001569650476421,4.44345364482102,20.33692215860102,86.99843034952357,74.05756074701699,56.45156619240258
170,240244,209584,30660,1424579.9898218769,144528,12.762025274304456,60.15883851417725,6.797179125419292,25.524050548608912,39.84116148582275,100.0,52.161968665190386
171,284820,178089,106731,184014.96867931672,45106,37.47314093111439,15.836668773260303,1.0332753212119599,74.94628186222879,84.1633312267397,17.221255353532662,60.39388871897323
172,93932,66042,27890,120800.22528847748,37744,29.691691862198187,40.182259506877315,1.8291424440277018,59.383383724396374,59.817740493122685,30.4857074004617,50.844387857833865
173,216615,153593,63022,440090.2908065445,138311,29.094014726588647,63.851072178750314,2.8653017442627235,58.18802945317729,36.148927821249686,47.75502907104539,48.44639884895944
174,164454,121003,43451,503670.3418596936,174197,26.421370109574717,105.92445303853965,4.162461607230346,52.842740219149434,0.0,69.37436012050577,41.949404123811505
175,89922,59355,30567,404649.8636112556,115765,33.99279375458731,128.73935188274282,6.817452002548321,67.98558750917462,0.0,100.0,57.194235003669846
176,113963,77548,36415,543861.8686315947,173880,31.953353281328152,152.57583601695288,7.01322882126676,63.906706562656304,0.0,100.0,55.56268262506252
177,259536,121205,138331,27908.834260466003,44238,53.299349608532154,17.0450342149066,0.23026141050671178,100.0,82.9549657850934,3.837690175111863,66.03779678806157
178,41252,29295,11957,165008.13445173405,53682,28.98526132066324,130.13187239406574,5.6326381447937885,57.97052264132648,0.0,93.87730241322981,51.351399780499534
179,99494,46581,52913,5420.040571804865,6949,53.18210143325226,6.984340764267192,0.11635732534305543,100.0,93.01565923573281,1.9392887557175904,68.48648439743512
180,278897,193821,85076,608201.0645222018,154458,30.504451464160603,55.38173590967275,3.1379523607978586,61.008902928321206,44.61826409032725,52.29920601329764,53.47880220241595
181,296434,252585,43849,703712.8571046425,53413,14.792162842319032,18.018513395899255,2.7860437361864028,29.584325684638063,81.98148660410075,46.43406226977338,50.35839493601747
182,227872,180435,47437,572401.575425107,70390,20.81738870945092,30.890148855497824,3.1723422585701613,41.63477741890184,69.10985114450217,52.87237097616936,53.24857760376219
183,223401,185686,37715,1410501.4921959434,170883,16.882198378700185,76.49160030617588,7.596164989261136,33.76439675740037,23.508399693824117,100.0,50.55827861110738
184,285897,246813,39084,971685.5891507204,19963,13.670657614455555,6.982584637124559,3.936930344636305,27.34131522891111,93.01741536287544,65.61550574393841,58.5264024236086
185,95123,59886,35237,469521.8464283687,14388,37.043617211399976,15.125679383535001,7.840260602283817,74.08723442279995,84.874320616465,100.0,85.09718995405949
186,45569,25718,19851,130318.42537054044,143087,43.56250960082512,314.0007461212667,5.067206834533807,87.12501920165025,0.0,84.45344724223011,60.18604185332913
187,85002,37225,47777,38380.38118499134,137162,56.206912778522856,161.36326204089315,1.0310377752851938,100.0,0.0,17.183962921419894,45.15518887642597
188,182709,136818,45891,197091.55254629065,125827,25.116989310871386,68.8674340070823,1.4405381787943885,50.23397862174277,31.132565992917705,24.008969646573142,36.636052140544365
189,148215,89793,58422,628060.8055415414,164506,39.41706305029855,110.99146510137301,6.994540838835337,78.8341261005971,0.0,100.0,61.533650440238844
190,109724,97276,12448,468430.9402931396,142386,11.344828843279501,129.76741642667056,4.8154831643276825,22.689657686559002,0.0,80.2580527387947,33.15327889626201
191,195026,158145,36881,436584.7374157708,103081,18.910811891747766,52.85500394819152,2.760661022579094,37.82162378349553,47.14499605180848,46.011017042984896,43.07545344183623
192,76668,31886,44782,139970.69079509945,104680,58.41028851672145,136.5367558825064,4.389722473659269,100.0,0.0,73.16204122765448,61.948612368296345
193,187979,94584,93395,275632.80429896933,91865,49.68374126897153,48.86982056506312,2.9141588883846037,99.36748253794306,51.13017943493688,48.56931480641006,69.6568412875813
194,152428,85480,66948,63111.99448666573,22574,43.92106437137534,14.809615031359069,0.7383246898299688,87.84212874275067,85.19038496864093,12.305411497166146,64.38559043684239
195,176312,131157,45155,536859.1914065451,150334,25.610848949589364,85.26589228186397,4.09325610837809,51.22169789917873,14.73410771813603,68.22093513963483,45.375192017002746
196,158831,68382,90449,151467.5786848167,190471,56.946691766720605,119.92054447809306,2.21502118517763,100.0,0.0,36.91701975296049,51.075105925888145
197,167600,117091,50509,923854.54322433,131374,30.136634844868738,78.3854415274463,7.89005596693452,60.273269689737475,21.614558472553696,100.0,60.5936754176611
198,253630,218634,34996,412984.81681272463,28699,13.798052280881597,11.315301817608328,1.8889322649392346,27.596104561763195,88.68469818239167,31.482204415653907,47.08851260411895
199,113686,75673,38013,436188.8953094106,105113,33.43683479056348,92.45905388526292,5.764128491131719,66.87366958112696,7.540946114737082,96.06880818552864,57.8323941225305
200,44621,21144,23477,22516.99470442912,136194,52.61423993187064,305.2239976692589,1.0649354286998258,100.0,0.0,17.748923811663765,45.32467714349913
201,58030,47713,10317,286131.51422260585,67067,17.778735136998105,115.5729794933655,5.996929856068699,35.55747027399621,0.0,99.94883093447832,44.20763738994198
202,277548,231366,46182,655499.9890777781,34674,16.639284015737818,12.49297418824852,2.8331733663450036,33.278568031475636,87.50702581175148,47.21955610575006,53.729401787840715
203,206926,93620,113306,552287.0031560267,141339,54.75677295264973,68.30412804577482,5.899241648750552,100.0,31.695871954225183,98.32069414584254,79.00496983002031
204,261897,178609,83288,1201266.9589413712,137301,31.801815217432804,52.42557188513042,6.725679887023449,63.60363043486561,47.57442811486958,100.0,69.71378060840712
205,227865,152138,75727,283848.62736290926,134668,33.23327408772738,59.09990564588682,1.8657312923984097,66.46654817545476,40.90009435411318,31.095521539973497,48.18530403840791
206,149779,95406,54373,271032.6492693228,82152,36.3021518370399,54.84881058092256,2.840834426234438,72.6043036740798,45.15118941907744,47.347240437240636,56.79125042652735
207,165036,105588,59448,493475.6415359976,26069,36.02123173125864,15.795947550837393,4.673595877713354,72.04246346251728,84.2040524491626,77.8932646285559,77.44618050832246
208,250977,170381,80596,799475.9511434784,23275,32.11290277595158,9.273758153137539,4.692283477286073,64.22580555190316,90.72624184686246,78.20472462143454,76.36961216125036
209,112274,66172,46102,178636.25512778052,185625,41.062044640789495,165.33213388674136,2.6995746709753448,82.12408928157899,0.0,44.99291118292241,46.34750906750832
210,88447,60620,27827,172692.6681914195,17260,31.461779370696576,19.514511515370785,2.84877380718277,62.92355874139315,80.48548848462922,47.47956345304616,63.558939077859876
211,152581,107247,45334,203534.8938664816,158357,29.71143196072906,103.78553030849189,1.8978143338879558,59.42286392145812,0.0,31.630238898132596,33.25821723802303
212,263508,125543,137965,247026.16875661045,158211,52.35704418841174,60.04030238171138,1.9676618270760653,100.0,39.95969761828862,32.79436378460109,61.826218420866915
213,248221,122443,125778,279263.2619230458,144990,50.671780389249896,58.41165735372914,2.2807613495507773,100.0,41.58834264627086,38.01268915917962,63.88030954163514
214,256727,217802,38925,139800.56218077597,155890,15.162020356253919,60.722090002220256,0.6418699652931377,30.324040712507838,39.277909997779744,10.697832754885628,27.12233911080275
215,271966,164593,107373,1293541.149542706,169182,39.48030268489443,62.207040585955596,7.859028935268851,78.96060536978887,37.792959414044404,100.0,72.92212997212886
216,56389,33772,22617,261927.64378060607,122883,40.10888648495274,217.92016173367145,7.755763466202951,80.21777296990548,0.0,100.0,62.08710918796219
217,258958,209376,49582,431989.2985228906,13234,19.146734219448714,5.110481236339483,2.0632226163595186,38.29346843889743,94.88951876366052,34.38704360599198,54.100356086454724
218,274936,208739,66197,893464.2592825807,46514,24.07723979398842,16.918119125905665,4.280293856359284,48.15447958797684,83.08188087409434,71.3382309393214,65.58782537921546
219,128236,100632,27604,150580.69203872554,42101,21.52593655447768,32.830874325462425,1.496349988460187,43.05187310895536,67.16912567453758,24.93916647433645,44.85323688824435
220,104323,63920,40403,259571.6432440829,168048,38.72875588317054,161.0843246455719,4.06088302947564,77.45751176634109,0.0,67.681383824594,51.28741985391463
221,275659,126091,149568,615949.5341720631,42533,54.258340921210625,15.429570592652517,4.884960339533061,100.0,84.57042940734749,81.41600565888434,89.79593051986954
222,41828,27315,14513,203663.7740699853,105292,34.69685378215549,251.72611647700106,7.456114738055475,69.39370756431099,0.0,100.0,57.7574830257244
223,287786,200570,87216,592452.461411519,190455,30.305852265224853,66.17938329175152,2.9538438520791694,60.61170453044971,33.82061670824848,49.23073086798615,49.16008608505027
224,105545,71169,34376,312529.827093749,39809,32.56999384148941,37.71756122980719,4.391375839111818,65.13998768297883,62.28243877019281,73.1895973185303,66.69760589980847
225,156748,116351,40397,81788.3408895549,132414,25.771939673871437,84.47571898844004,0.7029448899412544,51.54387934774287,15.524281011559964,11.715748165687573,28.789560492271413
226,234148,93976,140172,87733.03459022914,93070,59.86470095836821,39.748364282419665,0.9335685131334505,100.0,60.251635717580335,15.559475218890842,62.74333328094135
227,119767,84202,35565,535046.0821286086,42078,29.695158098641528,35.133216996334546,6.3543155997317,59.390316197283056,64.86678300366546,100.0,73.21616138001286
228,146288,120740,25548,720551.7137180178,42929,17.464180247183638,29.345537569725472,5.967796204389745,34.928360494367276,70.65446243027452,99.46327007316242,65.006663948778
229,167309,144968,22341,1149224.5147446,196513,13.3531370099636,117.45512793693106,7.927435811659125,26.7062740199272,0.0,100.0,40.68250960797088
230,124555,73439,51116,544300.1537520384,167231,41.03889847858376,134.26277548071133,7.411595388717689,82.07779695716752,0.0,100.0,62.83111878286701
231,83925,35588,48337,222500.29901255484,172904,57.59547214775097,206.02204349121237,6.252115854011319,100.0,0.0,100.0,70.0
232,98596,49378,49218,64648.02517458206,86740,49.9188608057122,87.97517140654793,1.309247542925636,99.8377216114244,12.024828593452071,21.820792382093934,50.088774937233566
233,55524,44823,10701,238529.08018612623,125501,19.272746920250704,226.03018514516245,5.321577765569601,38.54549384050141,0.0,88.69296275949335,42.02608636404857
234,60611,33826,26785,159200.4929235487,43303,44.19164838065698,71.44412730362475,4.7064534063604535,88.38329676131396,28.555872696375246,78.44089010600756,67.45234754524043
235,230279,142673,87606,430238.3406347187,143026,38.04341689863166,62.10987541200023,3.0155554353992606,76.08683379726332,37.89012458799977,50.259257256654344,56.879548072301574
236,113340,62415,50925,373296.3157096057,149646,44.93118051879301,132.0328215987295,5.980875041410009,89.86236103758603,0.0,99.6812506901668,65.84931962208445
237,180256,93031,87225,669506.577010451,176630,48.38951269305876,97.98841647434759,7.196596586196548,96.77902538611752,2.011583525652412,100.0,69.31508521214275
238,289793,194676,95117,1411746.9173930732,135090,32.82239391565704,46.61603282342914,7.2517768877163755,65.64478783131408,53.38396717657086,100.0,72.27310528549688
239,51302,23519,27783,176831.29372212256,96646,54.1557834002573,188.3864176835211,7.5186569889078,100.0,0.0,100.0,70.0
240,123122,69865,53257,77841.9468530204,80910,43.255470184045095,65.71530676889589,1.114176581307098,86.51094036809019,34.284693231104114,18.569609688451635,50.46066702310279
241,160430,113911,46519,486136.69158491807,140518,28.996447048557002,87.588356292464,4.267688735810572,57.992894097114004,12.411643707536001,71.12814559684287,48.259094430159266
242,171994,136614,35380,165767.29615848057,66656,20.570485016919196,38.75484028512622,1.2133990378620096,41.14097003383839,61.24515971487378,20.22331729770016,40.89693111730754
243,84028,44051,39977,262172.62507295195,103677,47.57580806397868,123.38387204265244,5.951570340581416,95.15161612795735,0.0,99.19283900969026,67.81849815409001
244,107779,73822,33957,450289.8007899941,174944,31.50613755926479,162.31733454569073,6.099669485925524,63.01227511852958,0.0,100.0,55.20491004741183
245,86197,69873,16324,61841.37085016956,71907,18.938014084016846,83.42169681079388,0.8850538956416578,37.87602816803369,16.578303189206125,14.750898260694298,24.549171702183603
246,168876,78315,90561,248908.4332818813,20103,53.625737227314715,11.904000568464436,3.178298324482938,100.0,88.09599943153556,52.9716387413823,82.32029145187536
247,104772,67387,37385,220466.10014608107,134828,35.68224334745925,128.6870537929981,3.271641416683946,71.3644866949185,0.0,54.52735694473243,44.90400176138713
248,60609,24613,35996,117835.76163811404,75683,59.39051955980135,124.87089376165257,4.787541609641817,100.0,0.0,79.79236016069694,63.93770804820908
249,270169,142081,128088,392934.65962424304,77834,47.41032464864585,28.809374872764828,2.7655679480313555,94.8206492972917,71.19062512723517,46.09279913385593,73.113286997244
250,166205,141976,24229,662621.0676297178,144071,14.57778045185163,86.68271110977408,4.667134358128964,29.15556090370326,13.317288890225925,77.78557263548272,38.9930828191939
251,95318,60145,35173,455794.851687621,133515,36.900690320820836,140.07322856123713,7.578266716894521,73.80138064164167,0.0,100.0,59.52055225665667
252,247065,171244,75821,693043.207415132,17368,30.688685163823287,7.029729018679295,4.047109431075728,61.377370327646574,92.97027098132071,67.45182385126213,72.67757658083349
253,186400,76247,110153,531974.6534821177,170987,59.09495708154506,91.73122317596567,6.976991271553211,100.0,8.268776824034333,100.0,72.48063304721029
254,77219,66360,10859,419440.1321564352,53028,14.062601173286367,68.67221797744078,6.320677096992695,28.125202346572735,31.32778202255922,100.0,50.64841554539686
255,144263,104689,39574,645928.3398453029,196382,27.431843230766034,136.12776664841297,6.169973348157905,54.86368646153207,0.0,100.0,51.945474584612825
256,149945,65145,84800,40296.646490136365,175399,56.554069825602724,116.97555770449164,0.618568523910298,100.0,0.0,10.309475398504969,43.09284261955149
257,239976,207047,32929,746759.5146488907,76589,13.721788845551222,31.915274860819416,3.606714971233057,27.443577691102444,68.08472513918059,60.111916187217616,49.43642347436044
258,62116,55433,6683,372021.1010076597,124085,10.758902698177602,199.76334599781055,6.711184691567472,21.517805396355204,0.0,100.0,38.60712215854208
259,157718,135703,22015,944380.368167336,168502,13.958457500095106,106.8375201308665,6.959170896497026,27.91691500019021,0.0,100.0,41.16676600007609
260,210354,146330,64024,467088.5252585293,56264,30.436312121471428,26.747292659041427,3.192021630961042,60.872624242942855,73.25270734095858,53.20036051601736,62.284970054269934
261,246132,139704,106428,897294.7054634928,97945,43.24021256886549,39.793687939804656,6.4228275887840915,86.48042513773098,60.206312060195344,100.0,82.65406367315099
262,53224,24330,28894,80679.1722693941,139649,54.287539455884556,262.37975349466404,3.316036673629022,100.0,0.0,55.26727789381704,56.580183368145114
263,48070,27567,20503,162645.57525313148,36368,42.65238194299979,75.65633451216975,5.900009984877987,85.30476388599958,24.34366548783025,98.33349974796644,70.92505512513884
264,177855,91115,86740,329792.2120994429,67526,48.77006550279722,37.966883135138175,3.6195161290615476,97.54013100559445,62.033116864861825,60.325268817692454,75.72356810700407
265,241907,147433,94474,1079027.8058573855,121008,39.053851273423255,50.022529319118505,7.3187672085448,78.10770254684651,49.977470680881495,100.0,76.23632222300306
266,208220,143733,64487,727017.9431643029,141467,30.97060801075785,67.94111996926327,5.058114303356243,61.9412160215157,32.05888003073673,84.30190505593738,59.68472193460851
267,187313,137069,50244,195225.69554295967,46163,26.82355202255049,24.644845792870758,1.4242877349580114,53.64710404510098,75.35515420712925,23.738128915966858,51.18682655496923
268,59816,28372,31444,94109.72510706494,96731,52.56787481610271,161.71425705496858,3.31699298981619,100.0,0.0,55.2832164969365,56.58496494908095
269,192638,173073,19565,695331.1761844732,1759,10.156355443889575,0.913111639448084,4.017560082649941,20.31271088777915,99.08688836055191,66.95933471083234,57.938951276526936
270,297164,177899,119265,607402.555764019,164791,40.13440389818417,55.454563809882764,3.414311242693995,80.26880779636834,44.545436190117236,56.90518737823326,62.54271018905248
271,229138,131684,97454,493269.1207717968,159024,42.53070202236207,69.4009723398127,3.7458546275310347,85.06140404472414,30.599027660187303,62.430910458850576,61.93354305360103
272,257516,151641,105875,1014860.1988197012,149521,41.11395020115255,58.06279998136038,6.692518506338663,82.2279004023051,41.93720001863962,100.0,75.47232016651392
273,204608,161182,43426,584496.0076988527,159937,21.22399906162027,78.16752033156084,3.626310677984221,42.44799812324054,21.832479668439163,60.438511299737016,41.66049653974907
274,177717,110252,67465,353479.4319010115,38565,37.962040772689164,21.700231266564256,3.206104487002608,75.92408154537833,78.29976873343574,53.4350747833768,69.8900856731951
275,196594,93897,102697,136660.04535291577,129948,52.238115100155646,66.09967750796056,1.4554250439621688,100.0,33.900322492039436,24.257084066036146,57.44722196742267
276,52342,45697,6645,136472.92660828697,131026,12.695349814680371,250.3266974895877,2.9864745302380236,25.390699629360743,0.0,49.774575503967064,25.088652502934416
277,115629,76695,38934,491308.0297930244,105947,33.67148379731728,91.62666805040259,6.405998171888968,67.34296759463456,8.373331949597414,100.0,59.44918662273305
278,66399,50329,16070,265303.86457916803,110904,24.202171719453606,167.02661184656395,5.27139153528121,48.40434343890721,0.0,87.85652558802016,45.718695051968936
279,247606,130474,117132,204701.28455522849,63230,47.305800344095054,25.536537886804034,1.5689047975476225,94.61160068819011,74.46346211319596,26.148413292460376,68.02820289697294
280,285756,199321,86435,540991.0720261974,199908,30.247833816262826,69.95758619241592,2.7141699671695276,60.49566763252565,30.042413807584083,45.236166119492125,46.781841031133126
281,112258,94715,17543,421839.0792220521,64929,15.627394038732206,57.83908496499136,4.453772678266929,31.25478807746441,42.16091503500864,74.22954463778214,47.419053132822995
282,113506,59203,54303,342082.9533332047,191607,47.84152379609888,168.80781632689022,5.778135454845273,95.68304759219777,0.0,96.30225758075456,67.16389631110547
283,153453,125081,28372,397440.9045456476,127157,18.4890487641167,82.863808462526,3.177468236947639,36.9780975282334,17.136191537474005,52.95780394912731,35.81943765727375
284,161300,97295,64005,252180.90396308852,47057,39.68071915685059,29.17358958462492,2.5919204888543965,79.36143831370119,70.82641041537508,43.19867481423994,65.95210089436497
285,46150,33072,13078,194702.6989409455,191572,28.338028169014084,415.10725893824485,5.8872369055680185,56.67605633802817,0.0,98.1206150928003,52.10660706305136
286,224466,103566,120900,726158.4572968055,181532,53.8611638288204,80.87282706512346,7.011552607002351,100.0,19.12717293487654,100.0,75.73815188046296
287,202491,152267,50224,1109263.8811765716,23236,24.803077667649426,11.475077904696999,7.2849920283224305,49.60615533529885,88.524922095303,100.0,76.39993876271043
288,127955,72669,55286,479677.7973372261,94914,43.20737759368528,74.17764057676527,6.600858651381278,86.41475518737056,25.82235942323473,100.0,72.31260990191865
289,142870,59593,83277,396009.5520779434,164644,58.2886540211381,115.24042836144747,6.645236052521998,100.0,0.0,100.0,70.0
290,249829,196594,53235,570528.204351655,193588,21.308575065344694,77.4882019301202,2.9020631573275635,42.61715013068939,22.511798069879802,48.36771928879273,38.31071525987751
291,178155,90815,87340,708028.079112283,148843,49.024725660239675,83.5469113973787,7.796378121590959,98.04945132047935,16.453088602621307,100.0,74.15570710897813
292,201047,91902,109145,415968.0234253347,67642,54.28830074559679,33.644869110208056,4.526212959732484,100.0,66.35513088979195,75.43688266220806,82.53760406560001
293,130093,82678,47415,120450.03218792687,159601,36.44700329764092,122.6822350164882,1.456857110572666,72.89400659528184,0.0,24.280951842877766,36.441888190976066
294,75954,49843,26111,295743.21888951503,99608,34.37738631276825,131.14253363878137,5.933495553829324,68.7547726255365,0.0,98.89159256382207,57.16938681936122
295,100774,51295,49479,264704.42828582204,51693,49.09897394169131,51.29596919840434,5.160433342154636,98.19794788338262,48.70403080159566,86.00722236924393,79.69255510460493
296,156739,73062,83677,526380.9077834624,126678,53.38620254052916,80.82098265269015,7.204578409891084,100.0,19.179017347309852,100.0,75.75370520419295
297,114532,46865,67667,342788.90855566226,61268,59.08130478818146,53.49421995599483,7.314390452483991,100.0,46.50578004400517,100.0,83.95173401320156
298,263273,181199,82074,397268.2554664083,171024,31.174484280575676,64.96070618711376,2.192441765497648,62.34896856115135,35.03929381288624,36.54069609162747,46.41358439581465
299,193252,140244,53008,930930.4761529022,1622,27.429470328896983,0.8393186098979571,6.637934429657613,54.858940657793966,99.16068139010204,100.0,81.6917806801482
300,88756,35990,52766,39412.11060941099,81182,59.45062868989138,91.4664924061472,1.0950850405504582,100.0,8.533507593852804,18.251417342507636,48.035477480908135
301,253637,194309,59328,389753.791384508,177900,23.390909055066885,70.13960896872302,2.005845284492782,46.78181811013377,29.860391031276976,33.43075474154637,37.700070975900516
302,291896,188896,103000,866344.1188846085,142736,35.28654041165347,48.89960807958999,4.586355025435205,70.57308082330694,51.10039192041001,76.43925042392009,66.4911250326218
303,75737,45608,30129,281277.808681178,167469,39.781084542561764,221.119135957326,6.167291016514165,79.56216908512353,0.0,100.0,61.82486763404941
304,168575,97256,71319,745857.9580541967,192192,42.30698502150378,114.00978792822185,7.669017418505765,84.61397004300755,0.0,100.0,63.84558801720302
305,190322,84725,105597,522574.2603279473,53276,55.48333876272843,27.992559977301624,6.167887404283828,100.0,72.00744002269838,100.0,91.60223200680952
306,97492,79801,17691,279107.7617816351,155834,18.146104295737086,159.84285890124318,3.497547170857948,36.29220859147417,0.0,58.29245284763247,32.004619290879404
307,51046,35997,15049,273377.5741895071,184374,29.481252203894527,361.1918661599342,7.594454376462125,58.962504407789055,0.0,100.0,53.58500176311563
308,194222,170341,23881,183970.02077764648,152864,12.295723450484497,78.70581087621382,1.0800102193696555,24.591446900968993,21.294189123786182,18.000170322827593,21.624886594371727
309,99129,41197,57932,86435.93466415915,198370,58.441021295483665,200.1129840914364,2.0981123543986007,100.0,0.0,34.96853923997668,50.490561771993
310,203059,86444,116615,343263.0709845094,176492,57.429121585352036,86.91661044327019,3.970929977609891,100.0,13.083389556729813,66.18216629349818,63.779666755068405
311,78890,44740,34150,275924.89596470457,132596,43.28812270249715,168.0770693370516,6.167297629966575,86.5762454049943,0.0,100.0,64.63049816199772
312,140424,61445,78979,357948.46499944327,34008,56.24323477468239,24.2180823790805,5.825510049628827,100.0,75.7819176209195,97.09183416048045,91.86212553441999
313,171132,127356,43776,443022.9642817496,13350,25.580253839141715,7.800995722600098,3.47861870882997,51.16050767828343,92.19900427739991,57.9769784804995,65.5169978986832
314,64354,52097,12257,333177.3523731753,20581,19.04621313360475,31.980918047052242,6.395327031751835,38.0924262672095,68.01908195294776,100.0,65.64269509276812
315,128929,58217,70712,146518.9419821878,69626,54.84569026363347,54.00336619379659,2.516772454475287,100.0,45.99663380620341,41.946207574588115,66.38285241423746
316,46960,21996,24964,167211.36667713895,94006,53.16013628620102,200.1831345826235,7.6018988305664195,100.0,0.0,100.0,70.0
317,299568,147557,152011,639690.2247384671,90327,50.74340383485553,30.15241948405704,4.335207579026865,100.0,69.84758051594295,72.25345965044775,82.63031204991721
318,171410,131319,40091,847334.4270081418,132822,23.38895046963421,77.48789452190654,6.452489182891598,46.77790093926842,22.51210547809346,100.0,55.4647920191354
319,225828,168498,57330,1144702.1511796254,146968,25.386577395185718,65.0796181164426,6.793565212522554,50.773154790371436,34.9203818835574,100.0,60.78537648121579
320,226833,146242,80591,258800.88952465812,90600,35.5287810856445,39.94127838542011,1.7696755345568176,71.057562171289,60.05872161457989,29.494592242613628,55.28901902567366
321,162732,119601,43131,42257.84412452553,29711,26.50431384116216,18.25762603544478,0.3533235016808014,53.00862768232432,81.74237396455521,5.888725028013356,47.49278077070029
322,110342,99272,11070,441408.2476194536,19541,10.032444581392399,17.70948505555455,4.446452651497437,20.064889162784798,82.29051494444545,74.10754419162396,54.945373405934745
323,134457,74815,59642,72135.1738552747,24070,44.357675688138215,17.901633979636614,0.9641806302917155,88.71535137627643,82.09836602036339,16.069677171528593,64.93655350807818
324,240840,119528,121312,110235.43548516324,41786,50.37037037037037,17.350107955489122,0.9222561699782749,100.0,82.64989204451088,15.37093616630458,69.40624846324464
325,266006,212185,53821,1264732.1691431117,51571,20.233002263106847,19.387156680676377,5.960516384961763,40.466004526213695,80.61284331932362,99.34193974936272,70.17283673109138
326,65510,41112,24398,171826.6423315032,66150,37.243168981834835,100.97695008395664,4.1794766085693515,74.48633796366967,0.0,69.65794347615586,50.69191822831463
327,127312,92311,35001,269324.5423572269,35435,27.49230237526706,27.83319718486867,2.917577995658447,54.98460475053412,72.16680281513133,48.62629992764078,58.23177272304528
328,136443,87395,49048,618755.4509468172,134055,35.9476118232522,98.24981860557156,7.079986852186249,71.8952236465044,1.750181394428438,100.0,59.283143876930296
329,268313,204557,63756,106952.77603847404,187918,23.76180058364671,70.03685993597031,0.522850726391539,47.52360116729342,29.963140064029687,8.714178773192316,30.61263611808397
330,134071,89793,44278,568011.2411230804,115608,33.02578484534314,86.22893839831134,6.3257853187117075,66.05156969068628,13.771061601688658,100.0,60.55194635678111
331,47564,33910,13654,240348.0435415129,79273,28.706584812042724,166.66596585653016,7.087821985889498,57.41316962408545,0.0,100.0,52.96526784963418
332,114859,59322,55537,11580.025307975588,183465,48.35232763649344,159.73062624609304,0.19520625245230416,96.70465527298688,0.0,3.253437540871736,39.657893371456275
333,237153,97383,139770,681448.5839280431,27788,58.936635842683835,11.71733016238462,6.997613381473595,100.0,88.28266983761537,100.0,96.48480095128461
334,266577,231797,34780,1481244.4616210265,39974,13.046887015759049,14.99529216699115,6.390265886189323,26.093774031518098,85.00470783300885,100.0,65.9389219625099
335,147309,84755,62554,520184.3474268613,61916,42.46447942759777,42.03137622276982,6.137506311449015,84.92895885519555,57.96862377723018,100.0,81.36217067524727
336,298365,190935,107430,958502.044956796,85431,36.00623397516465,28.633050123171284,5.020043705746961,72.0124679503293,71.36694987682871,83.66739509578268,75.31529067191514
337,123691,110337,13354,678151.8693245548,181144,10.796258418154919,146.4488119588329,6.1461873109161465,21.592516836309837,0.0,100.0,38.637006734523936
338,64574,39433,25141,232680.66318843808,32733,38.933626536996314,50.690680459627714,5.900658412711132,77.86725307399263,49.309319540372286,98.34430687851886,75.4429891552644
339,256752,116883,139869,331594.41321221506,32413,54.47630398205272,12.624244407054277,2.8369772611262123,100.0,87.37575559294572,47.28295435210354,80.39761298351479
340,205873,112850,93023,210901.0776478587,171672,45.18465267422149,83.38733102446653,1.8688620083992797,90.36930534844298,16.612668975533467,31.147700139987993,50.47583287403363
341,228847,93583,135264,739472.1951893363,166472,59.106739437265944,72.74379825822493,7.901779117888252,100.0,27.256201741775072,100.0,78.17686052253252
342,175566,103963,71603,565265.363604957,43001,40.78409259195972,24.492783340737954,5.437178261544559,81.56818518391944,75.50721665926204,90.61963769240931,82.46533037906919
343,107364,85158,22206,60912.49707925916,168645,20.682910472784176,157.077791438471,0.7152880184980761,41.36582094556835,0.0,11.921466974967936,20.12276847071772
344,171878,144301,27577,1090606.2043893824,160829,16.044519950197234,93.57160311383656,7.557856178331282,32.08903990039447,6.428396886163441,100.0,44.76413502600682
345,74636,66768,7868,397057.450231692,193283,10.541829680047163,258.96752237526124,5.946822583148993,21.083659360094327,0.0,99.1137097191499,38.167576659782696
346,225914,135726,90188,909717.88597643,169269,39.921386014146975,74.92629938826279,6.702605882265963,79.84277202829395,25.07370061173721,100.0,69.45921899483875
347,81844,66729,15115,64240.68201466595,40042,18.468061189580176,48.924783734910314,0.9627100962799675,36.93612237916035,51.075216265089686,16.04516827133279,34.910564312590886
348,101665,60190,41475,17687.162509662994,186626,40.795750750012296,183.56956671420843,0.293855499412909,81.59150150002459,0.0,4.897591656881817,34.10587809707438
349,185271,106542,78729,49301.395571339,66262,42.49396829509205,35.764906542308296,0.4627414125071709,84.9879365901841,64.2350934576917,7.712356875119515,55.57940973591701
350,288496,190156,98340,908601.9881365114,30448,34.08712772447451,10.5540458099939,4.778192579442728,68.17425544894903,89.4459541900061,79.63654299071213,77.99445133379508
351,66172,35078,31094,144590.93351289563,156497,46.989663301698606,236.50033246690444,4.121983394517807,93.97932660339721,0.0,68.69972324196345,58.20164761394793
352,197757,177618,20139,1275206.5099493652,7906,10.183710311139428,3.9978357276859984,7.179489184369631,20.367420622278857,96.002164272314,100.0,66.94761753060574
353,101413,72152,29261,431683.4558276998,60504,28.853302830997997,59.66099020835593,5.982972832737828,57.706605661995994,40.33900979164407,99.7162138789638,65.09920936598076
354,230792,195587,35205,1345836.9891418596,148746,15.253994939166002,64.45024090956359,6.88101453134339,30.507989878332005,35.54975909043641,100.0,52.868123678463725
355,123560,73590,49970,160696.64316540974,65160,40.44189057947556,52.73551311103917,2.1836749988505195,80.88378115895112,47.26448688896083,36.39458331417533,57.4512335245213
356,57602,50564,7038,348740.96671528195,29192,12.218325752578036,50.67879587514322,6.897020938123605,24.43665150515607,49.32120412485678,100.0,54.57102183951946
357,86542,62969,23573,277495.50215909514,50106,27.238797346952925,57.89789928589587,4.4068589648731145,54.47759469390585,42.10210071410413,73.4476494145519,56.45596291615915
358,121121,73184,47937,218198.6914322335,152826,39.57777759430652,126.17630303580715,2.981508136098512,79.15555518861304,0.0,49.691802268308535,46.569762755937774
359,175044,74287,100757,316523.5468697953,106532,57.56095610246567,60.860126596741395,4.260820155206097,100.0,39.139873403258605,71.01366925343494,73.04606279700806
360,166267,75607,90660,541031.5531256214,86988,54.52675515887098,52.31825918552689,7.1558394477445395,100.0,47.68174081447311,100.0,84.30452224434194
361,85648,36893,48755,260584.4878983069,115005,56.924855221371196,134.27634036988604,7.063250153099691,100.0,0.0,100.0,70.0
362,42396,36174,6222,165335.1312399894,11303,14.675912821964337,26.6605340126427,4.570551535356593,29.351825643928674,73.3394659873573,76.17585892260989,56.595327730561635
363,201633,135475,66158,936937.3836771044,99616,32.81109738981218,49.4046113483408,6.915943042458789,65.62219477962437,50.5953886516592,100.0,71.4274945073475
364,164165,108452,55713,753230.204167987,198747,33.9371973319526,121.06539152681752,6.9452864324123755,67.8743946639052,0.0,100.0,57.14975786556208
365,284064,135973,148091,174480.66817636715,105228,52.13297003492171,37.04376478540048,1.2832008426405768,100.0,62.95623521459952,21.386680710676277,65.30287477758274
366,204202,106051,98151,789096.0940952663,86206,48.06564088500602,42.216040979030566,7.440722804077909,96.13128177001204,57.783959020969434,100.0,85.78770041429564
367,109274,84835,24439,107642.11286030326,48874,22.36488094148654,44.72610135988433,1.2688408423445896,44.72976188297308,55.27389864011567,21.14734737240983,40.81827855694688
368,89708,74988,14720,17545.56208156417,47638,16.408792972756054,53.10340214919517,0.23397826427647317,32.81758594551211,46.89659785080483,3.8996377379412195,28.36590505482866
369,118249,54918,63331,147232.45790562843,167581,53.55732395199959,141.7187460359073,2.680950834073135,100.0,0.0,44.68251390121892,53.40475417036568
370,82534,39647,42887,259439.50884198767,179917,51.962827440812276,217.99137325223543,6.5437361929524975,100.0,0.0,100.0,70.0
371,229004,149707,79297,7648.077576896038,191533,34.62690608024314,83.63740371347225,0.05108697373466864,69.25381216048628,16.362596286527747,0.8514495622444773,32.86573861882618
372,115418,102790,12628,519552.8995363467,163038,10.941101041432013,141.2587291410352,5.054508216133347,21.882202082864026,0.0,84.24180360222245,34.025421913812345
373,243617,174674,68943,754571.2497318987,132079,28.299749196484647,54.215838796143125,4.319883037726844,56.599498392969295,45.784161203856875,71.99805062878073,57.974462906979
374,242053,131113,110940,19328.907895391258,173279,45.832937414533184,71.58721437040649,0.14742174990573975,91.66587482906637,28.412785629593515,2.457029165095663,45.9272943700333
375,184353,105253,79100,532682.8169442195,91357,42.90681464364561,49.555472381789286,5.060975145071585,85.81362928729122,50.444527618210714,84.34958575119308,74.76368572573762
376,197732,89227,108505,669008.6898451746,83807,54.87478000525965,42.3841361034127,7.497827897891608,100.0,57.6158638965873,100.0,87.2847591689762
377,216611,93991,122620,226302.93296718565,181264,56.6083901556246,83.68180747976788,2.40770853557453,100.0,16.318192520232117,40.128475592908835,56.93400043394228
378,251467,109055,142412,507908.7962761879,20953,56.6324806038168,8.332306028226368,4.657363681410186,100.0,91.66769397177363,77.6227280235031,90.78712659858301
379,247991,104868,143123,731170.5743006992,168639,57.712981519490626,68.00206459105371,6.97229444921901,100.0,31.99793540894629,100.0,79.5993806226839
380,155374,137418,17956,824125.2433155938,87266,11.556631096579865,56.16512415204603,5.997214653943398,23.11326219315973,43.83487584795397,99.9535775657233,52.38184090136707
381,192499,149982,42517,29500.759234591747,123786,22.086867983729785,64.30474963506305,0.1966953316704121,44.17373596745957,35.69525036493695,3.2782555278402015,29.361546154816974
382,215136,120864,94272,472474.96452055615,93106,43.81972333779563,43.27774059199762,3.909145523237326,87.63944667559126,56.72225940800238,65.15242538728877,71.61818410882384
383,67082,49751,17331,177472.84435959684,26029,25.835544557407353,38.80176500402492,3.5672216510139867,51.671089114814706,61.19823499597508,59.45369418356644,56.86401439978833
384,184097,165422,18675,563998.1070278329,137612,10.144108812202262,74.74972433010858,3.409450417887783,20.288217624404524,25.250275669891423,56.82417363146305,32.737621840168146
385,137768,66378,71390,422062.94581538247,75932,51.81900005806863,55.11584693107253,6.358476389999435,100.0,44.88415306892747,100.0,83.46524592067824
386,188554,96235,92319,63423.51939872497,78797,48.961570690624434,41.79015030177031,0.6590483649267416,97.92314138124887,58.20984969822969,10.984139415445693,59.92745328660216
387,92307,67130,25177,146751.29637911834,175485,27.275287897992566,190.1101758263187,2.1860762159856746,54.55057579598513,0.0,36.434603599761246,32.75061139832243
388,284459,118235,166224,691693.7309490697,170286,58.43513476458821,59.863108567491274,5.850160535789485,100.0,40.136891432508726,97.5026755964914,81.29187010870004
389,252943,209608,43335,1617369.657212911,99986,17.132318348402606,39.52906386023729,7.716163778161668,34.26463669680521,60.47093613976271,100.0,61.8471355206509
390,234488,145652,88836,363491.4505567739,12857,37.88509433318549,5.483009791545836,2.4956159239610436,75.77018866637098,94.51699020845416,41.593598732684065,71.14125214888986
391,281531,214586,66945,1280369.448509412,179362,23.778908894579992,63.70950268354106,5.966696096247714,47.557817789159984,36.29049731645894,99.4449349374619,59.74375679184024
392,66431,55407,11024,316894.37036388746,26385,16.594662130631782,39.71790278634975,5.71939232161798,33.189324261263565,60.28209721365025,95.32320536029967,59.9573204766904
393,209230,133021,76209,578090.9684718882,21563,36.423553027768484,10.305883477512785,4.345862446319665,72.84710605553697,89.69411652248722,72.43104077199442,77.77638961055928
394,210413,105595,104818,77012.11491553448,139783,49.815363119198906,66.43268239129712,0.7293159232495333,99.63072623839781,33.56731760870288,12.155265387492221,53.56906539421765
395,245390,153821,91569,652637.1455813927,170182,37.315701536329925,69.35164432128448,4.242835149826049,74.63140307265985,30.648355678715518,70.71391916376749,60.261243681808836
396,232860,108424,124436,28212.94788127598,44859,53.43811732371382,19.264364854418965,0.26020943593001533,100.0,80.73563514558103,4.336823932166922,65.52173772332438
397,224697,159158,65539,1014202.2572574902,68760,29.167723645620548,30.60120962896701,6.3722983278094105,58.335447291241096,69.39879037103299,100.0,74.15381602780633
398,87837,40286,47551,40345.87859737557,79083,54.13550098477863,90.03381263021278,1.0014863376204035,100.0,9.966187369787221,16.691438960340058,47.997287899038184
399,222099,136624,85475,219171.92208565443,74744,38.48508998239524,33.65346084403802,1.6041978136026938,76.97017996479047,66.34653915596198,26.73663022671156,58.71302280071826
400,292859,126545,166314,589164.5684420607,49268,56.78978621111184,16.823112829040596,4.65577121531519,100.0,83.1768871709594,77.59618692191984,88.23192222786378
401,271809,217115,54694,539073.8936935337,85708,20.122218175262777,31.532436379957986,2.48289567138859,40.244436350525554,68.46756362004201,41.381594523143164,49.052521983165775
402,231184,93816,137368,54373.41780267469,161087,59.4193369783376,69.67913004360163,0.579575102356471,100.0,30.32086995639837,9.659585039274516,51.99413649870186
403,200081,128045,72036,614637.0486714899,157215,36.00341861546074,78.5756768508754,4.80016438495443,72.00683723092148,21.424323149124604,80.00273974924049,59.230853761878116
404,46154,34499,11655,237386.90064504292,20581,25.252415825280583,44.59201802660658,6.880979177513636,50.504831650561165,55.40798197339342,100.0,66.8243272522425
405,223720,93919,129801,361029.85583606426,46167,58.01939924906133,20.636062935812625,3.844055578062631,100.0,79.36393706418738,64.06759296771052,83.02945900956936
406,246376,128367,118009,1013239.3368793904,169631,47.897928369646394,68.85045621326753,7.8933007461371725,95.79585673929279,31.149543786732465,100.0,77.66320583173686
407,285198,185220,99978,915958.440883216,48787,35.05564555151158,17.106361194678783,4.945245874544952,70.11129110302316,82.89363880532122,82.42076457574919,77.63883745553039
408,75488,51318,24170,4011.362782861336,194555,32.01833403984739,257.72970538363717,0.07816677935346927,64.03666807969478,0.0,1.3027796558911544,26.00550112864526
409,162720,107209,55511,75360.63605454752,176076,34.11442969518191,108.20796460176992,0.7029319931586668,68.22885939036382,0.0,11.715533219311114,30.806203721938864
410,254941,106208,148733,66765.32020672354,50069,58.34016497934817,19.639445989464228,0.628627977240166,100.0,80.36055401053576,10.477132954002766,67.25130608936155
411,92326,43056,49270,195488.3101019972,50861,53.36524922557027,55.08849078266144,4.540326786092465,100.0,44.91150921733856,75.67211310154109,76.1750866956639
412,115897,92751,23146,148513.08243160305,9078,19.971181307540316,7.832817070329689,1.6012019539584808,39.94236261508063,92.1671829296703,26.68669923264135,51.63310969472575
413,196075,88681,107394,451514.167678234,180858,54.77189850822389,92.23919418589826,5.091441996349094,100.0,7.760805814101744,84.85736660581823,67.78545172597599
414,172997,120646,52351,595127.0110670404,125150,30.261218402631258,72.34229495309167,4.932836654899793,60.522436805262515,27.657705046908333,82.21394424832988,57.17046951067647
415,197087,108283,88804,810131.6653285711,102215,45.058273757274705,51.8628828892824,7.481614522395677,90.11654751454941,48.1371171107176,100.0,80.48775413903505
416,197361,140649,56712,881500.9838476973,61550,28.73516044203262,31.1865059459569,6.267381807532917,57.47032088406524,68.8134940540431,100.0,73.63217656983903
417,64826,41631,23195,220084.81875932883,98511,35.78039675438867,151.96217567025576,5.2865609463940055,71.56079350877734,0.0,88.10934910656675,55.05712213548097
418,237507,165955,71552,1040647.451221018,33662,30.126269962569523,14.1730559520351,6.270660427350896,60.25253992513905,85.8269440479649,100.0,79.8490991844451
419,138818,58355,80463,76561.5177051369,36877,57.962944286763964,26.564998775374953,1.311995847915978,100.0,73.43500122462504,21.8665974652663,68.5904796069674
420,151562,115552,36010,548436.2749563021,110091,23.75925363877489,72.63760045393964,4.74622918648143,47.51850727754978,27.36239954606036,79.10381977469049,50.94726870724517
421,296908,189914,106994,935504.2428411128,162962,36.03607851590392,54.88636210543333,4.9259361755379425,72.07215703180783,45.11363789456667,82.09893625896571,66.99263505878285
422,191094,121362,69732,722617.56766988,28380,36.49094163082044,14.851329712078872,5.954232524759645,72.98188326164087,85.14867028792114,99.23720874599408,84.50851701483091
423,150198,92646,57552,32360.62351964948,20049,38.31742100427436,13.348380138217554,0.3492932616588896,76.63484200854872,86.65161986178245,5.821554360981493,58.39588907024867
424,246789,187461,59328,342610.83411765273,2920,24.03996936654389,1.183196982037287,1.8276379306503898,48.07993873308778,98.81680301796271,30.460632177506497,58.01520605187587
425,262266,190185,72081,303599.84823967575,176572,27.48392853057583,67.32553971921637,1.596339607433161,54.96785706115166,32.674460280783634,26.605660123886015,39.771178945861564
426,275612,167902,107710,273449.6034081858,161099,39.08030129312222,58.451373670232066,1.6286262427379412,78.16060258624444,41.548626329767934,27.14377071229902,51.87196014711786
427,297840,248439,49401,1445257.2521893743,132028,16.58642224012893,44.328498522696755,5.817352558130464,33.17284448025786,55.671501477303245,96.95587596884107,59.05735102594643
428,271447,166328,105119,460309.40352281,25963,38.72542337914952,9.564666398965544,2.7674799403757038,77.45084675829904,90.43533360103446,46.124665672928394,71.94833848550847
429,141757,126705,15052,40656.28078334874,116400,10.618170531261242,82.1123471856769,0.3208735312998598,21.236341062522484,17.887652814323104,5.347892188330997,15.465199925805223
430,120818,83284,37534,292237.1725742868,162932,31.066562929364828,134.85738879968216,3.5089233535167237,62.133125858729656,0.0,58.48205589194539,42.397867111075485
431,71585,46053,25532,321790.0830669977,26017,35.66668994901166,36.344206188447295,6.9873859046532845,71.33337989802332,63.655793811552705,100.0,77.63009010267514
432,247779,151358,96421,335200.8138712235,17778,38.91411297971176,7.174942186383834,2.2146223778804126,77.82822595942352,92.82505781361617,36.91037296467354,70.05191961725632
433,216313,185203,31110,312122.15512333176,179436,14.381937285322657,82.95201860267298,1.6852975120453328,28.763874570645314,17.04798139732702,28.088291867422218,25.046431807682897
434,269905,193192,76713,1133052.5682116237,158562,28.422222633889703,58.74733702599063,5.864904179322248,56.844445267779406,41.25266297400937,97.74840298870413,64.43809789592581
435,298841,226495,72346,1647130.5661453148,142633,24.208860230021987,47.72872530877624,7.272260165325128,48.417720460043974,52.27127469122376,100.0,65.04847059138471
436,278507,163323,115184,669774.8252786217,26916,41.357667850359235,9.664389045876764,4.100921641646441,82.71533570071847,90.33561095412324,68.34869402744069,80.69142577475657
437,104324,45335,58989,158551.14321608664,181749,56.544035888194465,174.21590429814808,3.497323110534612,100.0,0.0,58.2887185089102,57.48661555267306
438,136059,81976,54083,388840.6299568812,35046,39.74966742369119,25.7579432452098,4.743347198654255,79.49933484738239,74.2420567547902,79.05578664423759,77.78908695866129
439,218136,159525,58611,121572.73645169409,101520,26.86901749367367,46.539773352404005,0.7620920636370104,53.73803498734734,53.460226647595995,12.701534393950173,41.343742307402785
440,165818,92207,73611,294358.6364437168,64674,44.39264736035895,39.00300329276677,3.1923675690968887,88.7852947207179,60.99699670723323,53.20612615161481,69.77505474594157
441,295204,119414,175790,562117.6495818804,86475,59.54865110228859,29.293302258776983,4.707301066724844,100.0,70.70669774122302,78.45501777874739,84.74851465599113
442,101367,60650,40717,115005.91626896472,118154,40.16790474217448,116.56061637416516,1.8962228568666895,80.33580948434896,0.0,31.60371428111149,41.615438078073026
443,223305,97528,125777,132449.1917390214,120585,56.32520543651061,54.00013434540203,1.358063240700326,100.0,45.99986565459797,22.634387345005432,60.59027589988102
444,116619,94979,21640,327402.12887899735,79530,18.55615294248793,68.19643454325625,3.4471001892944475,37.11230588497586,31.803565456743755,57.45166982157413,41.62149293748571
445,194571,146587,47984,195889.3772278123,71635,24.661434643394955,36.816894604026295,1.3363352632075989,49.32286928678991,63.183105395973705,22.272254386793314,45.36575564954607
446,147803,61831,85972,364259.78394818894,15563,58.16661366819348,10.529556233635311,5.891216120525124,100.0,89.4704437663647,98.1869353420854,96.29721373253503
447,132324,104654,27670,590571.3917297485,79671,20.910794716000122,60.20903237507935,5.643084752897629,41.821589432000245,39.79096762492065,94.05141254829381,56.881349824764435
448,156891,130550,26341,582921.6766758304,181180,16.789363315932718,115.48144890401618,4.465121996750903,33.578726631865436,0.0,74.41869994584839,35.75710063650069
449,74707,39958,34749,18248.612764934744,178686,46.51371357436385,239.18240593250965,0.4566948487145188,93.0274271487277,0.0,7.611580811908647,39.49444510306367
450,262500,227929,34571,71740.27104826189,170102,13.169904761904764,64.8007619047619,0.3147483253480772,26.339809523809528,35.1992380952381,5.245805422467953,22.669436864835628
451,172130,107770,64360,805149.6851118585,160928,37.39034450705862,93.49212804275838,7.471000140223239,74.78068901411724,6.507871957241619,100.0,61.86463719281939
452,180272,124808,55464,687150.7785846243,172307,30.766841217715452,95.58167657761605,5.5056629269327635,61.533682435430904,4.418323422383949,91.76104878221273,53.467284635551366
453,288500,184625,103875,1013174.3460468675,196733,36.0051993067591,68.19168110918544,5.487741887863873,72.0103986135182,31.80831889081456,91.46236479773121,65.78536455197101
454,166945,93750,73195,729823.3110527599,146470,43.843780885920516,87.73548174548505,7.784781984562772,87.68756177184103,12.264518254514954,100.0,68.7543801850909
455,160030,84353,75677,352075.9569912359,9110,47.289258264075485,5.692682622008373,4.173840373089705,94.57851652815097,94.30731737799162,69.56400621816175,86.9928036901064
456,276971,184496,92475,185590.44769823583,104061,33.38797202595217,37.571081448960356,1.0059320944531904,66.77594405190435,62.428918551039644,16.765534907553175,50.46871365833959
457,72556,34229,38327,257352.7332629109,135542,52.824025580241475,186.81018799272286,7.518558335414733,100.0,0.0,100.0,70.0
458,161863,143241,18622,107603.45944313664,154268,11.504791088760248,95.30776026639812,0.7512057263153472,23.009582177520496,4.69223973360188,12.520095438589122,14.367533422665499
459,145823,75431,70392,581329.7195718042,48320,48.272220431619154,33.1360622124082,7.706774662563192,96.54444086323831,66.8639377875918,100.0,88.67695768157286
460,218486,194303,24183,581815.8779645051,186481,11.068443744679293,85.35146416704045,2.9943741371183417,22.136887489358585,14.648535832959553,49.90623561863903,28.22118643122301
461,68625,48649,19976,338170.8687192413,110448,29.108925318761386,160.94426229508196,6.951239875829746,58.21785063752277,0.0,100.0,53.287140255009106
462,265867,121382,144485,772485.1194980225,161731,54.3448415937292,60.83154359134454,6.364082973571225,100.0,39.16845640865546,100.0,81.75053692259664
463,141376,71796,69580,378442.72976659087,19508,49.21627433227705,13.798664554096876,5.271083761861258,98.4325486645541,86.20133544590313,87.85139603102095,91.58883890889886
464,213359,154816,58543,132018.45264129512,36059,27.43873002779353,16.90062289380809,0.8527442424639257,54.87746005558706,83.09937710619191,14.212404041065426,51.14451836641202
465,240641,216506,24135,83505.56548434835,5704,10.02946297596835,2.3703358945483104,0.3856963108844482,20.0589259519367,97.6296641054517,6.428271848074137,39.24095116683243
466,231648,139788,91860,973767.0665259582,158280,39.65499378367178,68.327807708247,6.966027602698073,79.30998756734355,31.672192291753007,100.0,71.22565271446332
467,158516,108346,50170,640064.1442043538,156995,31.64980191274067,99.04047540942238,5.907593674010612,63.29960382548134,0.9595245905776153,98.45989456684353,55.14566727741888
468,297633,179195,118438,468821.6590905965,4114,39.79330248997927,1.3822392006262747,2.6162652925059096,79.58660497995854,98.61776079937373,43.60442154176516,74.50129669432508
469,236037,200793,35244,1410195.1959790825,156498,14.931557340586432,66.30231700962138,7.023129272330621,29.863114681172863,33.697682990378624,100.0,52.05455076958273
470,57772,46732,11040,44940.87660463419,115142,19.10960326801911,199.3041611853493,0.9616724429648675,38.21920653603822,0.0,16.027874049414457,20.096044829239624
471,131736,74324,57412,374717.0800865225,126969,43.58110159713366,96.38139916196027,5.041669986633154,87.16220319426732,3.6186008380397254,84.02783311055256,61.15881146228462
472,274182,186915,87267,568849.1921333871,162396,31.828128761187823,59.229271068122635,3.0433576338623816,63.65625752237565,40.770728931877365,50.722627231039695,52.910509857825375
473,143896,100474,43422,438618.7554775536,96546,30.175960415855897,67.09429032078724,4.365495107963787,60.351920831711794,32.90570967921276,72.75825179939646,55.839956776267485
474,193515,78825,114690,370201.1128763458,191305,59.266723509805445,98.85796966643413,4.696493661609208,100.0,1.1420303335658701,78.27489436015345,63.82507740811579
475,65537,41402,24135,125791.12696784378,6471,36.82652547415963,9.873811739933167,3.0382862414338385,73.65305094831926,90.12618826006684,50.63810402389731,71.69050806451695
476,206703,170237,36466,1245095.0541282431,195804,17.64173717846379,94.72721731179519,7.313892127611759,35.28347435692758,5.272782688204813,100.0,45.69522454923248
477,41177,18713,22464,22304.676806162028,53551,54.55472715350803,130.0507564902737,1.1919348477615577,100.0,0.0,19.86558079602596,45.959674238807786
478,182628,95520,87108,364271.61420745216,73770,47.696957750180694,40.39358696366384,3.813563800329273,95.39391550036139,59.60641303633616,63.55939667215454,75.10730911269177
479,262127,176858,85269,1056727.563234795,158059,32.52965165740271,60.29863386831574,5.975005729086583,65.05930331480542,39.70136613168426,99.58342881810971,67.80915981086036
480,118714,78424,40290,515963.0518184717,64106,33.9387098404569,54.00037063867783,6.579147350536465,67.8774196809138,45.99962936132217,100.0,70.95085668076217
481,278582,236337,42245,134769.32147221817,39310,15.164296329267504,14.110746566540552,0.5702421604413113,30.32859265853501,85.88925343345944,9.504036007355188,40.749423895658396
482,96088,69889,26199,212504.2188408987,45379,27.26563150445425,47.22650070768462,3.0405960714976423,54.5312630089085,52.77349929231538,50.67660119162737,52.84753534874623
483,249684,159695,89989,248559.93136861312,46413,36.04115602121081,18.588696111885422,1.5564665854824078,72.08231204242162,81.41130388811457,25.94110975804013,61.038648910815056
484,177084,125495,51589,525156.1400911285,167450,29.1325020894039,94.55964401075197,4.184677796654277,58.2650041788078,5.440355989248033,69.74462994423796,45.861497451568916
485,213724,171302,42422,738875.2401361956,121999,19.848964084520222,57.082498923845705,4.313290213402036,39.697928169040445,42.917501076154295,71.88817022336727,50.32087265747265
486,154793,109154,45639,625365.6855532677,176048,29.48389139043755,113.73124107679288,5.7292053937855485,58.9677827808751,0.0,95.48675656309248,52.23314008127778
487,214668,130255,84413,127010.18470083283,114014,39.322581847317714,53.11178191439805,0.9750887466955804,78.64516369463543,46.88821808560195,16.251479111593007,50.39997463701266
488,215211,105608,109603,443691.63697848713,3654,50.92815887663734,1.6978686033706454,4.201307069336481,100.0,98.30213139662935,70.02178448894135,90.49717476567122
489,260094,117936,142158,535252.271473235,137513,54.656393457749886,52.870500665144135,4.538497757031228,100.0,47.129499334855865,75.6416292838538,76.8313385856129
490,159735,140800,18935,544665.8164653232,100102,11.854008201083044,62.66754311828967,3.868365173759398,23.708016402166088,37.33245688171033,64.47275289598996,40.02476949417652
491,99189,66963,32226,23256.267500458045,144745,32.48948976196957,145.9284799725776,0.3473002628385533,64.97897952393915,0.0,5.7883377139758885,27.728093123768424
492,247738,99415,148323,507402.3938715255,165140,59.870912011883526,66.65913182475035,5.103881646346381,100.0,33.34086817524965,85.06469410577301,75.5216686843068
493,259861,181063,78798,1149741.142251579,81929,30.323134291024818,31.52800920492109,6.349950803044129,60.646268582049636,68.47199079507891,100.0,74.80010467134352
494,167959,101701,66258,683317.8749027866,119503,39.44891312760853,71.15010210825261,6.718890422933763,78.89782625521705,28.84989789174739,100.0,70.21409986961103
495,286832,148703,138129,928531.885546464,110641,48.156760751938414,38.573450661014114,6.2442041219508955,96.31352150387683,61.426549338985886,100.0,86.9533734032465
496,145111,117729,27382,399090.2469105216,36041,18.869692855813824,24.836849032809365,3.3899060291901026,37.73938571162765,75.16315096719063,56.49843381983505,54.59422972075876
497,128920,57726,71194,288103.22701023886,199648,55.22339435308719,154.86192987899472,4.990874597412585,100.0,0.0,83.18124329020975,64.95437298706292
498,279030,193452,85578,260021.47613327453,17633,30.669820449414043,6.319392180052325,1.3441136619589074,61.33964089882809,93.68060781994768,22.40189436598179,59.36060701531007
499,265952,135201,130751,103525.62896705107,77231,49.16338286608109,29.03945072795091,0.7657164441612937,98.32676573216219,70.9605492720491,12.761940736021563,64.44745329528607
500,108388,78146,30242,379535.7643535509,23711,27.901612724655866,21.87603793777909,4.856752288710246,55.80322544931173,78.12396206222091,80.9458714785041,70.0422402419422
501,131658,67932,63726,212440.20891082735,188856,48.40267967005423,143.44437861732672,3.127247967244117,96.80535934010847,0.0,52.12079945406861,54.358383572263975
502,47421,22329,25092,49041.6746525504,4358,52.91326627443538,9.190021298580797,2.196322032001003,100.0,90.8099787014192,36.60536720001672,78.22460377043078
503,105108,77561,27547,274700.56528309523,31910,26.208281006203144,30.359249533812836,3.5417357342362172,52.41656201240629,69.64075046618717,59.02892890393695,59.567528615999755
504,166888,124534,42354,987560.5913576664,160443,25.37869709026413,96.13812856526532,7.930047949617506,50.75739418052826,3.861871434734681,100.0,51.46151910263171
505,222573,100615,121958,583034.8006832664,76329,54.794606713303054,34.293917051933526,5.794710537029929,100.0,65.70608294806647,96.57850895049882,88.68537756956958
506,71007,38136,32871,24229.896446111947,111335,46.29261903755968,156.79440055205825,0.6353549519118928,92.58523807511936,0.0,10.589249198531547,40.21086998960721
507,152356,129060,23296,198099.17542560768,31367,15.290503820000525,20.587965029273544,1.5349385977499432,30.58100764000105,79.41203497072645,25.582309962499057,43.730706535968075
508,94624,48573,46051,137945.88450539752,115395,48.66735711870139,121.95109063239771,2.8399704466554985,97.33471423740278,0.0,47.33284077759164,53.1337379282386
509,156492,103211,53281,55826.88240732874,10756,34.04710783937837,6.87319479590011,0.5409005087377192,68.09421567875674,93.1268052040999,9.015008478961988,57.88023037642126
510,239083,123571,115512,533838.4983967518,56549,48.31460204196869,23.652455423430357,4.320095316836085,96.62920408393738,76.34754457656965,72.00158861393474,83.15642159072627
511,205575,149132,56443,635848.4849917899,45113,27.45615955247477,21.944789006445337,4.263662292410682,54.91231910494954,78.05521099355467,71.0610382068447,66.69980240209964
512,276802,137061,139741,57388.949233396925,150273,50.48410054840644,54.288986351254685,0.4187110062920665,100.0,45.711013648745315,6.978516771534442,55.80685912608393
513,165541,112384,53157,656907.4155418194,53363,32.1110782223135,32.23551869325424,5.845204081913968,64.222156444627,67.76448130674575,97.42006803189946,75.24422737944437
514,137543,94937,42606,67418.48075527372,42828,30.976494623499562,31.137898693499487,0.7101391528621477,61.952989246999124,68.8621013065005,11.835652547702463,48.99052185506054
515,88604,66010,22594,106109.06230707456,207,25.499977427655633,0.2336237641641461,1.607469509272452,50.999954855311266,99.76637623583585,26.7911584878742,58.36724235923752
516,272041,121966,150075,439439.5328933265,68619,55.16631684194662,25.223771416808493,3.602967490065481,100.0,74.77622858319151,60.04945816775802,80.44770602528486
517,200400,110305,90095,865882.2261763875,141826,44.95758483033932,70.77145708582835,7.849890994754431,89.91516966067864,29.228542914171655,100.0,74.73463073852295
518,271055,160264,110791,153634.2014348486,186994,40.87399236317353,68.98747486672447,0.9586320161411708,81.74798472634706,31.01252513327553,15.977200269019512,46.79611151122733
519,88231,36175,52056,213339.95711709617,193783,58.999671317337445,219.6314220625404,5.897441800057945,100.0,0.0,98.29069666763242,69.48720900028972
520,212395,110833,101562,595446.6958477101,144467,47.81750982838579,68.01807952164599,5.372467548904298,95.63501965677158,31.981920478354013,89.54112581507164,74.71092175073633
521,257029,135845,121184,856260.3647965019,4895,47.147987192106726,1.9044543611810338,6.30321590633812,94.29597438421345,98.09554563881896,100.0,97.14705344533107
522,159968,112656,47312,456787.1230013463,9715,29.575915183036606,6.073089617923585,4.054707454563861,59.15183036607321,93.92691038207641,67.57845757606434,72.11234253387151
523,59169,25534,33635,24032.40234435077,5782,56.84564552383849,9.772008991194713,0.941192227788469,100.0,90.22799100880529,15.686537129807817,71.77435844158393
524,259249,147988,111261,450960.3108905598,35585,42.916655416221474,13.726186021932582,3.047276204087898,85.83331083244295,86.27381397806742,50.7879367347983,75.4518495468369
525,70682,36721,33961,149740.67251975287,127810,48.04759344670496,180.8239721569848,4.077793974013585,96.09518689340992,0.0,67.96323290022642,58.827044627431896
526,78067,42144,35923,317727.6682643561,196049,46.015601982912116,251.12915828711232,7.539096152817865,92.03120396582423,0.0,100.0,66.8124815863297
527,273782,131656,142126,828143.5789024963,10382,51.91210525162355,3.7920681418062547,6.290207654056756,100.0,96.20793185819375,100.0,98.86237955745813
528,175509,119923,55586,375160.1701938036,98864,31.67131030317534,56.32987482123424,3.1283421044653954,63.34262060635068,43.67012517876576,52.139035074423255,54.079796318496975
529,183401,122854,60547,617169.4062666352,191703,33.01345139884733,104.52669287517516,5.023600422181087,66.02690279769466,0.0,83.72667370301811,51.5287632299833
530,85033,70919,14114,457243.3876075326,31750,16.59826185128127,37.33844507426529,6.447403200940969,33.19652370256254,62.66155492573471,100.0,62.077075958745425
531,266227,215475,50752,555973.7282116505,24226,19.063430831583574,9.099753218118373,2.5802238227713215,38.12686166316715,90.90024678188163,43.003730379522025,55.42193781368796
532,46721,22281,24440,39858.82572009849,104211,52.31052417542432,223.04959226043962,1.78891547597049,100.0,0.0,29.815257932841497,48.94457737985245
533,226321,163061,63260,1072916.0254942602,74520,27.95144948988384,32.92668378100132,6.579844509074888,55.90289897976768,67.07331621899868,100.0,72.48315445760667
534,234812,195130,39682,1440460.884679029,5901,16.899477028431257,2.513074289218609,7.382057524107154,33.79895405686251,97.48692571078139,100.0,72.76565933597942
535,202624,142470,60154,871699.6186771981,145788,29.6875,71.95001579279848,6.1184784072239635,59.375,28.04998420720152,100.0,62.16499526216045
536,154099,100362,53737,320084.9503462791,50200,34.87173829810706,32.576460587025224,3.1893042221785044,69.74347659621412,67.42353941297478,53.15507036964174,64.0709735732706
537,242380,141493,100887,77167.23657505313,17347,41.6234837857909,7.156943642214704,0.5453784750839485,83.2469675715818,92.8430563577853,9.089641251399144,63.87859631138806
538,187992,97055,90937,62088.3307963364,7967,48.37280309800417,4.237946295587046,0.6397231548744156,96.74560619600834,95.76205370441295,10.66205258124026,70.62547436409929
539,150719,92880,57839,231691.85952767127,164685,38.375387310159965,109.26625043955971,2.4945290646820766,76.75077462031993,0.0,41.57548441136794,43.172955171538355
540,68179,42254,25925,35718.04455036582,78213,38.02490502940788,114.71714164185454,0.8453174740939513,76.04981005881577,0.0,14.088624568232522,34.646511393996064
541,157407,79965,77442,396362.8065072395,39922,49.1985743963102,25.362277408247408,4.956703639182637,98.3971487926204,74.63772259175259,82.61172731971061,86.53369449048711
542,250436,197939,52497,728099.4886438038,186749,20.96224185021323,74.56955070357297,3.6784033901545614,41.92448370042646,25.430449296427028,61.306723169242694,42.7909452198715
543,273226,212331,60895,1052308.616432996,156104,22.287410422141377,57.133654923030754,4.955982011260701,44.574820844282755,42.866345076969246,82.59970018767837,55.469741917107385
544,208918,108551,100367,123530.48976291066,181403,48.04133679242574,86.8297609588451,1.1379949494975694,96.08267358485148,13.1702390411549,18.96658249162616,48.07411589377491
545,265469,141413,124056,201107.8256416685,123279,46.73088006509234,46.43819052318727,1.4221311028099857,93.46176013018469,53.56180947681273,23.702185046833094,60.56390240916763
546,194363,137808,56555,698068.7678533077,54823,29.097616315862584,28.206500208372994,5.0655170081077125,58.19523263172517,71.793499791627,84.42528346846187,70.14372803071673
547,63312,32689,30623,57742.53732050206,199900,48.368397776093,315.7379327773566,1.766421038285113,96.736795552186,0.0,29.440350638085217,47.52682341229996
548,278387,202627,75760,1374647.3182434435,57009,27.213914442843958,20.478326933369733,6.78412708199521,54.427828885687916,79.52167306663027,100.0,75.62763347426426
549,186494,148457,38037,480761.28309361206,99071,20.395830428860982,53.12288867202162,3.2383874326815985,40.791660857721965,46.87711132797838,53.97312387802664,46.57173490489029
550,222268,128274,93994,539268.6390272427,27605,42.28858855075855,12.41969154354203,4.20403697574912,84.5771771015171,87.58030845645797,70.067282929152,81.12514825628983
551,139853,68310,71543,211530.80094821556,69252,51.15585650647465,49.517707878987224,3.096630082685047,100.0,50.482292121012776,51.610501378084116,70.62783804972906
552,233021,122170,110851,130774.4196901211,6548,47.5712489432283,2.81004716313122,1.0704298902359097,95.1424978864566,97.18995283686878,17.840498170598494,72.56613445682282
553,156981,124826,32155,581337.8794441186,24022,20.483370598989687,15.302488836228589,4.657185838239778,40.966741197979374,84.69751116377141,77.61976397066297,65.08187901952206
554,146297,72394,73903,358465.08387680794,60428,50.51573169648045,41.30501650751553,4.951585544061772,100.0,58.69498349248447,82.52642573436287,82.36642276805419
555,193812,158373,35439,797311.5184347066,16052,18.285245495634943,8.282252904876891,5.034390448085889,36.570490991269885,91.71774709512312,83.90650746809816,67.31547276547434
556,140689,60821,79868,20743.955376372945,41424,56.7691859349345,29.44366652687843,0.3410656742962619,100.0,70.55633347312157,5.684427904937698,62.87222841341778
557,280610,149544,131066,772951.2113846184,22420,46.70753002387655,7.989736645165888,5.168720987700064,93.4150600477531,92.01026335483411,86.14534979500107,90.8127079640518
558,288115,153568,134547,183345.1766740212,10749,46.69906113878139,3.730801936726654,1.1939022236014092,93.39812227756278,96.26919806327335,19.89837039335682,72.20951944801416
559,144131,119964,24167,233668.72801377196,164433,16.76738522594029,114.08579694860926,1.9478237472389381,33.53477045188058,0.0,32.46372912064897,23.153026916946924
560,61223,49305,11918,242218.2323837073,30620,19.46654035248191,50.01388367116933,4.912650489477889,38.93308070496382,49.98611632883067,81.87750815796481,55.13231962802417
561,190949,113843,77106,870873.6228003858,117360,40.38041571309617,61.46143734714505,7.6497775251915865,80.76083142619234,38.53856265285495,100.0,73.86590136633342
562,93352,42108,51244,221889.67114002423,90536,54.89330705287514,96.98346045076698,5.269537169659547,100.0,3.0165395492330163,87.82561949432579,67.25264771306763
563,144576,116302,28274,71099.46869091406,42080,19.55649623727313,29.10579902611775,0.6113348755044115,39.11299247454626,70.89420097388225,10.18891459174019,39.970131659505235
564,260169,225087,35082,455681.30771064153,182503,13.484312120198794,70.14786542593468,2.0244674624062764,26.968624240397588,29.852134574065317,33.74112437343794,29.86542738041001
565,261972,212869,49103,843731.1504930859,159674,18.74360618692074,60.95078863389981,3.9636168276878543,37.48721237384148,39.04921136610019,66.06028046146423,46.527732497805914
566,259861,186667,73194,916809.1237312516,7099,28.166596757497274,2.731845101804426,4.911468678080494,56.33319351499455,97.26815489819558,81.85781130134157,76.27106726585896
567,289686,190962,98724,229412.58187219128,30111,34.079658664899235,10.394358029038338,1.2013520065363332,68.15931732979847,89.60564197096166,20.02253344227222,60.15217955588955
568,276459,181387,95072,987075.8094981246,60920,34.38918609992802,22.035817245956903,5.4418222336668265,68.77837219985604,77.9641827540431,90.69703722778044,78.10971487448947
569,265366,201190,64176,116021.18047658476,123287,24.183957251494164,46.45922989380704,0.5766746879893869,48.36791450298833,53.54077010619296,9.611244799823115,38.29277027300016
570,129570,52612,76958,402587.612538658,88340,59.39492166396543,68.17936250675311,7.652011186395842,100.0,31.820637493246892,100.0,79.54619124797406
571,134439,77520,56919,183899.50609135223,140938,42.33816080155312,104.83416270576247,2.3722846503012414,84.67632160310625,0.0,39.53807750502069,45.73195189274871
572,241139,189855,51284,1004516.1389181882,64027,21.267401789009657,26.55190574730757,5.290964888563315,42.534803578019314,73.44809425269243,88.18274814272192,65.50317414983203
573,228978,111524,117454,87787.81150909538,104797,51.29488422468535,45.76727895256313,0.7871651977071785,100.0,54.23272104743687,13.119419961786308,60.205642302766954
574,164917,128995,35922,273517.31217427115,42533,21.781866029578513,25.790549185347782,2.120371426600032,43.563732059157026,74.20945081465221,35.33952377666721,50.290185201058634
575,199342,87926,111416,680800.4913902732,148702,55.89188429934484,74.59642222913385,7.742880278760244,100.0,25.40357777086615,100.0,77.62107333125985
576,101063,79295,21768,396261.5815383908,183233,21.539040004749513,181.3057201943342,4.99730855083411,43.078080009499025,0.0,83.28847584723516,42.21777475797016
577,267790,134656,133134,130763.27618938424,97661,49.71582209940625,36.46924829157175,0.9710913452752513,99.4316441988125,63.53075170842825,16.18485575458752,63.687339918429736
578,178051,140182,37869,722110.2885592222,123257,21.268625281520464,69.2256712964263,5.151234028329045,42.53725056304093,30.7743287035737,85.85390047215076,52.003368977933704
579,232630,97931,134699,758760.5958287648,34964,57.9026780724756,15.02987576838757,7.747910220755071,100.0,84.97012423161243,100.0,95.49103726948373
580,256739,140285,116454,1099801.101232851,59765,45.358905347454034,23.278504629214883,7.839762634870805,90.71781069490807,76.72149537078512,100.0,89.30357288919876
581,270156,186734,83422,1117525.576700754,9503,30.879195723952087,3.51759724011312,5.984585435436257,61.758391447904174,96.48240275988688,99.74309059060428,83.57100458430901
582,231775,168787,62988,172967.17393529444,45838,27.176356380110022,19.776938841548915,1.0247659709296002,54.352712760220044,80.22306115845109,17.07943284882667,50.93183330627134
583,165200,142739,22461,256491.26255183664,153240,13.596246973365616,92.76029055690073,1.7969248947508154,27.192493946731233,7.239709443099272,29.94874824584692,22.03353488537635
584,110119,67837,42282,238463.3302872204,105432,38.39664363098103,95.74369545673316,3.515239917555617,76.79328726196206,4.256304543266836,58.58733195926028,49.570405855542965
585,248497,216574,31923,417022.2669793034,177876,12.846432753715337,71.58074342949814,1.9255416946600394,25.692865507430675,28.419256570501858,32.09236157766732,28.430631647423024
586,116971,58337,58634,413924.30322806526,192404,50.12695454428876,164.48863393490694,7.095399201674156,100.0,0.0,100.0,70.0
587,117794,86664,31130,219726.1566129785,76272,26.427492062414043,64.75032684177462,2.53537981875956,52.854984124828086,35.24967315822538,42.25633031265934,44.393794691196646
588,77643,66731,10912,134658.36413750873,159116,14.054067977795809,204.93283361024174,2.0179281613868927,28.108135955591617,0.0,33.63213602311488,21.33289518917111
589,276541,174295,102246,1174049.1022077862,154983,36.97317938388883,56.04340766830235,6.735988423120492,73.94635876777765,43.95659233169765,100.0,72.76552120662035
590,95533,75301,20232,395277.14031377895,189013,21.17802225409021,197.85100436498382,5.249294701448572,42.35604450818042,0.0,87.48824502414287,43.18889131051503
591,98005,87453,10552,655819.1886349804,93980,10.766797612366716,95.89306668027142,7.499104531976951,21.533595224733432,4.106933319728583,100.0,39.845518085811946
592,219980,106119,113861,111831.40568179725,119246,51.75970542776616,54.20765524138558,1.0538301876364953,100.0,45.79234475861442,17.563836460608254,59.0068543657668
593,95731,77436,18295,132267.72929306552,177558,19.11084183806708,185.47596912181007,1.7080909304853753,38.22168367613416,0.0,28.468182174756258,23.829128122880544
594,60567,34595,25972,114417.13650695657,27044,42.881437086202055,44.65137781300048,3.307331594362092,85.76287417240411,55.34862218699952,55.1221932393682,67.44639429687196
595,107260,82773,24487,405217.2115862952,149109,22.82957300018646,139.01640872645908,4.895524042698648,45.65914600037292,0.0,81.5920673783108,42.74127861364241
596,123986,58990,64996,44245.765991051085,104555,52.422047650541195,84.32806929814657,0.750055365164453,100.0,15.671930701853427,12.500922752740884,48.45185603637829
597,49496,38634,10862,49473.66035867979,41321,21.945207693550994,83.48351381929852,1.280573079636584,43.89041538710199,16.516486180701477,21.34288466060973,28.913977407234157
598,293113,118612,174501,234072.58782911,91396,59.53369519605067,31.1811485672761,1.9734309161729842,100.0,68.8188514327239,32.89051526954974,70.51281001068209
599,220738,197760,22978,156907.68779494255,21727,10.409625891328181,9.842890666763312,0.7934247966977274,20.819251782656362,90.15710933323669,13.223746611628789,39.341957496522184
600,279423,223548,55875,364894.0644001686,134153,19.996564348675662,48.0107220951747,1.6322850770311905,39.993128697351324,51.9892779048253,27.204751283853174,39.75546023554407
601,205268,157345,47923,775377.845369503,156570,23.346551824931307,76.27589297893486,4.927883602081432,46.693103649862614,23.724107021065137,82.13139336802388,50.433891576671755
602,116865,67512,49353,423322.8076334251,117235,42.23077910409447,100.3166046292731,6.270334275883178,84.46155820818893,0.0,100.0,63.78462328327557
603,255971,103057,152914,627403.3980497222,141877,59.73879853577163,55.42698196280047,6.087926080224752,100.0,44.57301803719953,100.0,83.37190541115986
604,206923,159923,47000,259050.3889864421,19873,22.71376309061825,9.604055614890564,1.6198444813218993,45.4275261812365,90.39594438510943,26.997408022031657,53.38901619463692
605,80372,46934,33438,122753.66784969124,100082,41.60404120838103,124.52346588364107,2.615452930704633,83.20808241676205,0.0,43.590882178410546,46.36049762022799
606,260894,144222,116672,1011458.609379094,82617,44.720077886038005,31.666883868544314,7.0132060946256045,89.44015577207601,68.33311613145568,100.0,86.27599714826711
607,140483,83262,57221,428542.9728785199,18313,40.731618772378155,13.035740979335579,5.146921439294275,81.46323754475631,86.96425902066443,85.78202398823791,84.40917992057322
608,153175,77905,75270,85896.74367200187,73445,49.13987269463033,47.948425004080306,1.1025831932738832,98.27974538926065,52.051574995919694,18.376386554564718,60.440286620849584
609,143892,57692,86200,82325.36907086778,80073,59.906040641592305,55.64798598949212,1.4269806744586386,100.0,44.35201401050788,23.783011240977313,60.44050757544556
610,132197,63909,68288,92703.47088607292,168876,51.65624030802515,127.74571283765894,1.4505542394040418,100.0,0.0,24.17590399006736,47.25277119702021
611,186451,112087,74364,783947.6603463178,167132,39.8839373347421,89.63856455583505,6.994099764881902,79.7678746694842,10.361435444164954,100.0,65.01558050104316
612,265805,202464,63341,168672.52827178463,154297,23.829875284513083,58.04894565564982,0.8330988633622997,47.659750569026166,41.95105434435018,13.88498105603833,35.81471084772702
613,135286,101663,33623,42945.672264895766,109079,24.85327380512396,80.62844640243631,0.4224316837482247,49.70654761024792,19.37155359756369,7.040528062470412,27.8062435421094
614,105697,73954,31743,356248.63168205746,191675,30.03207281190573,181.34384135784364,4.817165152419848,60.06414562381146,0.0,80.28608587366413,48.11148401162383
615,199803,112100,87703,570804.8158608814,55506,43.89473631527054,27.780363658203328,5.091925208393232,87.78947263054108,72.21963634179667,84.8654201398872,82.2413059967216
616,118229,88400,29829,527518.3076730306,152889,25.229850544282705,129.31598846306744,5.967401670509396,50.45970108856541,0.0,99.45669450848995,50.02088878797315
617,208933,105494,103439,696370.6772381533,141330,49.5082155523541,67.64369439006764,6.601045341328922,99.0164311047082,32.35630560993236,100.0,79.313464124863
618,97775,57367,40408,56163.099499787866,137328,41.32753771413961,140.453081053439,0.9790140586014235,82.65507542827922,0.0,16.316900976690395,37.957100464318806
619,295158,152870,142288,454234.25141066,181360,48.20740078195407,61.445056545985544,2.9713760149843655,96.41480156390814,38.554943454014456,49.522933583072756,64.98928373668943
620,124730,99869,24861,612467.4344041924,147256,19.931852802052433,118.05980918784576,6.132708191773147,39.863705604104865,0.0,100.0,45.94548224164195
621,73787,40562,33225,56293.59017900606,176325,45.028257010042424,238.96485830837412,1.387840594127658,90.05651402008485,0.0,23.130676568794296,42.96180857867223
622,74051,47991,26060,68436.11311376523,161326,35.191962296255284,217.85796275539832,1.4260197352371324,70.38392459251057,0.0,23.766995587285543,35.28366851318989
623,124045,95962,28083,568084.5891129974,3471,22.639364746664516,2.7981780805352896,5.919891093484894,45.27872949332903,97.2018219194647,98.66485155808157,76.87149384059549
624,278404,137041,141363,397128.85727577,165937,50.77621011192368,59.602951107024325,2.897883533218307,100.0,40.397048892975675,48.29805888697179,66.60853233398424
625,86850,35877,50973,6943.423305041217,137469,58.6908462867012,158.2832469775475,0.19353411113084196,100.0,0.0,3.225568518847366,40.96767055565421
626,268981,144317,124664,598140.586458297,83820,46.34676798732996,31.16205233826925,4.1446301299105235,92.69353597465992,68.83794766173075,69.07716883184206,78.45194933793582
627,255602,222460,33142,461465.2558182402,130349,12.966252220248666,50.99686230937161,2.07437407092619,25.932504440497333,49.00313769062839,34.572901182103166,35.4458134380184
628,110553,92462,18091,622774.8916216337,22436,16.364096858520348,20.294338462095105,6.735468534334469,32.728193717040696,79.70566153790489,100.0,67.00297594818775
629,82963,66480,16483,243682.1138426808,108899,19.867892916119235,131.2621289008353,3.6654950939031408,39.73578583223847,0.0,61.091584898385676,34.22178980241109
630,285317,204168,81149,81409.17702710089,187686,28.44169818132113,65.78156927207282,0.3987362222635324,56.88339636264226,34.218430727927185,6.645603704392207,35.01256887475272
631,45105,38551,6554,240623.950466351,43619,14.53053985145771,96.70546502605033,6.241704507440819,29.06107970291542,3.2945349739496663,100.0,42.61279237335107
632,82821,35500,47321,63963.53144425109,7531,57.13647504859879,9.093104405887397,1.801789618147918,100.0,90.9068955941126,30.029826969131967,76.28101676897337
633,208123,124752,83371,920792.5739405436,62424,40.058523084906525,29.99380174223896,7.380984464702318,80.11704616981305,70.00619825776104,100.0,83.04867794525353
634,85603,34814,50789,78748.06749596016,168553,59.330864572503295,196.90080955106714,2.261965516630096,100.0,0.0,37.69942527716827,51.30982758315048
635,132573,55434,77139,122274.03469199076,165814,58.18605598425018,125.07373296221704,2.2057588247644184,100.0,0.0,36.762647079406975,51.028794123822095
636,59675,47355,12320,369306.3598595964,140905,20.64516129032258,236.1206535400084,7.7986772222488945,41.29032258064516,0.0,100.0,46.516129032258064
637,47896,37759,10137,19745.28594778898,96044,21.164606647736765,200.52613996993486,0.5229292605150819,42.32921329547353,0.0,8.715487675251365,19.54633162076482
638,45347,18900,26447,9473.164362449605,18681,58.32138840496614,41.19566895274219,0.5012256276428362,100.0,58.80433104725781,8.353760460713938,60.147427452391526
639,221098,103832,117266,442258.4342560027,102304,53.03801933984025,46.27088440420085,4.259365458201737,100.0,53.72911559579915,70.98942430336228,77.41556196974842
640,70682,40548,30134,291891.5400074202,145361,42.63320222970488,205.65490506776834,7.19866676549818,85.26640445940976,0.0,100.0,64.10656178376391
641,155359,113706,41653,876349.8202934877,65428,26.810805939791067,42.114071280067456,7.707155473708403,53.62161187958213,57.885928719932544,100.0,68.81442336781262
642,90601,73743,16858,464706.5672324786,153741,18.606858643944328,169.6901800200881,6.301704124221669,37.213717287888656,0.0,100.0,44.88548691515546
643,242040,156658,85382,1227635.8044202025,28228,35.27598744009255,11.662535118162287,7.836406723054057,70.5519748801851,88.33746488183772,100.0,84.72202941662536
644,289430,144439,144991,653245.8931205501,18322,50.095359845213004,6.330373492727085,4.522642036572879,100.0,93.66962650727291,75.37736727621466,90.71409813504626
645,228786,202705,26081,986812.166495498,81912,11.399735997832035,35.802890036977786,4.8682181815717325,22.79947199566407,64.19710996302221,81.13696969286221,52.72001269503096
646,177660,81199,96461,98248.7299715836,155331,54.29528312507036,87.43161094224924,1.2099746298794762,100.0,12.568389057750764,20.166243831324604,49.82038986672261
647,131006,68841,62165,468458.08030273416,19446,47.452025098087105,14.843594949849626,6.8049284627291025,94.90405019617421,85.15640505015037,100.0,93.50854159351479
648,42336,28013,14323,25720.16326137911,138593,33.831727135298564,327.364417989418,0.9181509749537398,67.66345427059713,0.0,15.302516249228995,31.65613658300755
649,242779,184853,57926,100069.59761840796,44629,23.859559517091675,18.382561918452584,0.5413468952000128,47.71911903418335,81.61743808154742,9.022448253333547,46.27961351413763
650,85232,57256,27976,37434.13116862029,69184,32.8233527313685,81.17139102684438,0.6538027659742262,65.646705462737,18.828608973155625,10.896712766237103,35.17627870691262
651,219017,105760,113257,800136.2882139989,111672,51.71151097859984,50.987822863065425,7.5655851760022585,100.0,49.012177136934575,100.0,84.70365314108037
652,108673,48770,59903,336312.81218301086,78258,55.12224747637408,72.01236737736144,6.895895267234178,100.0,27.987632622638557,100.0,78.39628978679157
653,183996,142531,41465,331341.8838940768,188398,22.535815995999915,102.3924433139851,2.3247004784508407,45.07163199199983,0.0,38.74500797418068,29.652155189054135
654,261095,119050,142045,339029.04120221775,148066,54.40356958195293,56.7096267642046,2.8477869903588218,100.0,43.2903732357954,47.463116505980366,67.22604692253273
655,107263,85488,21775,340075.3197659365,63878,20.30056962792389,59.552688252239825,3.978047442517506,40.60113925584778,40.447311747760175,66.3007907086251,48.264886439254695
656,58708,28317,30391,74805.59993572957,161645,51.76636914900865,275.3372623833208,2.6417205189719803,100.0,0.0,44.028675316199674,53.208602594859904
657,118707,78310,40397,128354.0206299384,96468,34.03084906534577,81.26563724127473,1.6390501932057004,68.06169813069154,18.73436275872527,27.317503220095006,41.0402390459227
658,136334,114492,21842,797394.1203229394,114586,16.020948552818812,84.04799976528233,6.964627400368055,32.041897105637624,15.952000234717673,100.0,47.602358912670354
659,227772,142498,85274,1122872.4481660994,171033,37.43831550849095,75.08956324745797,7.879917249127001,74.8766310169819,24.910436752542026,100.0,67.42378343255537
660,290736,120243,170493,62723.165335482765,13565,58.64186065709097,4.665744868196577,0.5216367300839364,100.0,95.33425513180342,8.693945501398941,71.2084601899607
661,191426,163594,27832,705027.0554742106,41971,14.53929978163886,21.925443774617868,4.309614383621714,29.07859956327772,78.07455622538214,71.82690639369524,56.60187861103431
662,58658,26556,32102,139531.61968846683,88664,54.72740291179379,151.15414777182994,5.254240837794352,100.0,0.0,87.57068062990587,66.27120418897175
663,222650,131410,91240,815385.2266407782,133623,40.979115203233775,60.01482146867281,6.20489480740262,81.95823040646755,39.98517853132719,100.0,74.77884572198518
664,111947,74071,37876,170148.76554626075,33243,33.83386781244696,29.69530224123916,2.2971036646766043,67.66773562489392,70.30469775876084,38.2850610779434,59.64402190096884
665,192872,132849,60023,674429.1167131225,6710,31.12063959517193,3.4789912480816296,5.07665934040243,62.24127919034386,96.52100875191837,84.61098900670717,79.2361110037252
666,192456,115085,77371,842505.1241809966,37991,40.2019162821632,19.7400964376273,7.320720547256346,80.4038325643264,80.2599035623727,100.0,86.23950409444237
667,250129,119806,130323,666983.1180106524,80257,52.10231520535403,32.08624349835485,5.56719294535042,100.0,67.91375650164515,92.78654908917366,88.21009167724564
668,255814,180793,75021,525168.5718261811,131354,29.3263855770208,51.3474633913703,2.904805893072083,58.6527711540416,48.6525366086297,48.413431551201384,52.58089890956597
669,250545,121370,129175,492326.3398091886,125147,51.55760442235926,49.94990919794847,4.056408830923528,100.0,50.05009080205153,67.60681384872548,75.2970713952331
670,256192,106753,149439,310602.6571767379,129951,58.33086122907819,50.724066325256054,2.909544998049122,100.0,49.275933674743946,48.49241663415203,69.33050509266879
671,283579,229752,53827,575596.7570660821,39901,18.981306796342466,14.070505926038246,2.5052959585382593,37.96261359268493,85.92949407396175,41.75493264230432,53.49037345195379
672,51205,45258,5947,310243.2047910929,125576,11.614100185528757,245.24167561761544,6.854991488600754,23.228200371057515,0.0,100.0,39.291280148423006
673,102987,79286,23701,202760.83581504825,54400,23.01358423878742,52.82220086030276,2.5573346595243582,46.02716847757484,47.17779913969724,42.62224432540597,45.3508804305609
674,196222,126107,70115,123518.17296280782,115357,35.73248667325784,58.789024676132144,0.9794711868715282,71.46497334651568,41.210975323867856,16.324519781192137,45.84663787012427
675,159052,89308,69744,712376.4484211924,198137,43.84981012499057,124.57372431657572,7.976625256653294,87.69962024998114,0.0,100.0,65.07984809999246
676,299806,218278,81528,226706.0609942641,139076,27.193585185086356,46.38866466981982,1.0386115916137406,54.38717037017271,53.61133533018018,17.31019319356234,43.03132670519184
677,49752,22215,27537,5218.5983556771625,92051,55.34852870236372,185.01969770059495,0.23491327281913854,100.0,0.0,3.915221213652309,41.174566364095696
678,298977,150946,148031,457701.028754143,32994,49.512504306351325,11.035631503426686,3.032217009752779,99.02500861270265,88.96436849657331,50.536950162546326,81.46039904281695
679,186108,105787,80321,250918.11594094455,95665,43.15827369054527,51.4029488254132,2.3719182502665217,86.31654738109054,48.5970511745868,39.53197083777536,60.96532555614487
680,171717,129667,42050,326086.6890095768,161162,24.487965664436253,93.85325855914091,2.514800905469987,48.975931328872505,6.146741440859088,41.91334842449979,34.008399491156666
681,258561,209646,48915,770264.8922126049,43732,18.91816631278499,16.913610327930353,3.6741215773857117,37.83633262556998,83.08638967206964,61.2353596230952,58.43105783877744
682,252695,163520,89175,1083482.5420682717,12763,35.2895783454362,5.050752883911435,6.625994019497748,70.5791566908724,94.94924711608857,100.0,86.71643681117553
683,230237,112097,118140,638517.0850961562,91353,51.312343367920874,39.677810256387986,5.696112162646246,100.0,60.322189743612014,94.93520271077077,86.57721773631482
684,261373,198522,62851,667222.4807182885,109089,24.04647763923588,41.73690473002185,3.3609498227817998,48.09295527847176,58.26309526997815,56.015830379696666,53.52085980629114
685,216168,166413,49755,254625.7594113609,33866,23.016820250915952,15.666518633655304,1.5300833433166934,46.033640501831904,84.3334813663447,25.501389055278224,51.36391732721964
686,145400,89821,55579,414793.1845389408,137488,38.22489683631362,94.55845942228336,4.617997846148905,76.44979367262724,5.441540577716637,76.96663076914841,55.30236887311041
687,112516,90361,22155,609927.588411504,32602,19.69053290198727,28.975434604856197,6.749898611253793,39.38106580397454,71.02456539514381,100.0,67.05979594013296
688,245730,102115,143615,603944.6550508065,87969,58.444227404061365,35.79904773531925,5.914357881318185,100.0,64.20095226468075,98.57263135530309,88.83207508599514
689,172161,95972,76189,2930.7039694547525,123950,44.254505956633615,71.99656135826349,0.030537072994777148,88.50901191326723,28.00343864173651,0.5089512165796191,43.95732172280173
690,107494,51980,55514,272492.6372461792,186368,51.64381267791691,173.3752581539435,5.242259277533267,100.0,0.0,87.3709879588878,66.21129638766634
691,61447,26811,34636,16532.3086274449,87960,56.367275863752496,143.14775334841408,0.6166240956116855,100.0,0.0,10.27706826019476,43.083120478058426
692,103278,57077,46201,97096.82456106442,140600,44.734599817967045,136.13741551927808,1.701155010968769,89.46919963593409,0.0,28.35258351614615,44.29345490921748
693,264884,160030,104854,972020.5980138136,186339,39.584874888630495,70.3473973512934,6.073989864486744,79.16974977726099,29.652602648706605,100.0,70.56368070551638
694,253451,130877,122574,845356.5621024144,50939,48.36201080287709,20.098164931288494,6.459168242719611,96.72402160575417,79.9018350687115,100.0,92.66015916291512
695,69516,59048,10468,307412.64956999134,86661,15.058403820703148,124.66338684619369,5.206148380469979,30.116807641406297,0.0,86.76913967449966,38.077464958912415
696,112954,45192,67762,61128.89385222411,146295,59.99079271207748,129.51732563698496,1.35264856284794,100.0,0.0,22.544142714132335,46.7632428142397
697,243309,153328,89981,1060494.4729671355,74567,36.98219136982191,30.64703730647037,6.91650887618136,73.96438273964382,69.35296269352963,100.0,80.39164190391642
698,55037,32482,22555,253827.4261654659,12109,40.98152152188528,22.001562585169975,7.814402628085275,81.96304304377055,77.99843741483002,100.0,86.18474844195723
699,62010,37905,24105,12743.56249897694,154455,38.87276245766812,249.08079342041606,0.3361974013712423,77.74552491533623,0.0,5.603290022854038,32.779196972990704
700,101709,87371,14338,195737.1321612465,18351,14.097080887630398,18.042651092823643,2.2402986364039155,28.194161775260795,81.95734890717635,37.33831060673192,47.0663625642768
701,240696,131446,109250,957736.7573395688,152850,45.38920463987769,63.50334031309204,7.286161293151323,90.77840927975538,36.49665968690796,100.0,77.26036161797454
702,195336,160122,35214,1257660.5628982258,28365,18.027398943359135,14.521132817299423,7.854389546085022,36.05479788671827,85.47886718270058,100.0,70.06557930949748
703,243838,165710,78128,832842.6982789629,94840,32.040945217726524,38.89467597339217,5.025904883706251,64.08189043545305,61.10532402660783,83.76508139510418,69.09387780069481
704,156219,112094,44125,403396.8996838085,50085,28.24560392781928,32.06076085495362,3.5987376637804744,56.49120785563856,67.93923914504637,59.97896106300791,60.9719432046717
705,74228,49758,24470,38426.89734387795,49437,32.965996658942714,66.60155197499596,0.7722757615635265,65.93199331788543,33.39844802500404,12.871262692725441,40.253710542473016
706,220488,89562,130926,335870.3721834565,46733,59.38010231849352,21.195257791807265,3.7501437237160458,100.0,78.80474220819274,62.50239539526743,82.39214128103805
707,168202,73524,94678,133138.1381597073,92493,56.28827243433491,54.98923912914234,1.8108119547318877,100.0,45.01076087085766,30.180199245531465,62.55728803491674
708,165149,115505,49644,59592.51428508077,181211,30.06012752120812,109.72576279602055,0.5159301699933403,60.12025504241624,0.0,8.598836166555673,26.627752866933196
709,168775,141539,27236,374124.9476845852,54869,16.137461116871574,32.51014664494149,2.6432640310061903,32.27492223374315,67.4898533550585,44.05440051676984,46.37324505504576
710,166888,149283,17605,747819.6593915076,23567,10.548990940031638,14.121446718757491,5.009409372745106,21.097981880063276,85.8785532812425,83.49015621241843,59.24980560012359
711,75292,61669,13623,140748.55900925878,190731,18.093555756255643,253.3217340487701,2.2823227068585314,36.18711151251129,0.0,38.038711780975525,25.886458139297172
712,225378,120326,105052,759652.5442130856,198100,46.61147050732547,87.8967778576436,6.313286772709851,93.22294101465094,12.103222142356401,100.0,70.9201430485673
713,135998,99198,36800,200226.9965565556,44900,27.059221459139103,33.01519139987353,2.0184579987152524,54.118442918278205,66.98480860012647,33.6409666452542,51.83510974092548
714,214018,137867,76151,813487.817041446,138440,35.58158659552,64.68614789410236,5.900525992742614,71.16317319104,35.31385210589764,98.34209987904357,68.56205487189837
715,125436,52221,73215,362853.0256924144,49879,58.36841098249307,39.764501419050355,6.94841205056231,100.0,60.235498580949645,100.0,88.07064957428489
716,99871,68500,31371,283560.60076176265,32174,31.411520861911868,32.21555806991018,4.13957081404033,62.823041723823735,67.78444193008983,68.99284690067216,66.16240333875808
717,270823,151247,119576,525850.6823359806,64046,44.15282306155681,23.648656133341703,3.4767676868696937,88.30564612311362,76.3513438666583,57.9461281144949,75.6115000435914
718,89678,62860,26818,448832.112052493,88668,29.904770400767188,98.87374829947144,7.140186319638768,59.809540801534375,1.126251700528556,100.0,54.26169183077232
719,253397,178276,75121,900375.882680219,96019,29.645575914474126,37.892713804820104,5.05046042473591,59.29115182894825,62.107286195179896,84.17434041226515,67.60094871381281
720,233016,175068,57948,332536.0195315247,148934,24.868678545679266,63.91578260720294,1.8994677469984502,49.73735709135853,36.08421739279706,31.657795783307503,40.21754678937478
721,214427,96945,117482,298211.6052682108,8770,54.788809245104396,4.0899700131046925,3.0760906211585004,100.0,95.91002998689531,51.26817701930834,84.1534621018611
722,51093,27147,23946,58978.21805357183,11190,46.86747695379015,21.901238917268508,2.172550118008319,93.7349539075803,78.0987610827315,36.20916863347198,71.78636047789317
723,102824,67157,35667,340676.19548112224,40197,34.68742705983039,39.09301330428694,5.0728322510106505,69.37485411966078,60.90698669571306,84.54720418351084,71.38619891163148
724,42261,22279,19982,64493.80050813828,86795,47.28236435484253,205.37848134213576,2.8948247456411096,94.56472870968506,0.0,48.24707909401849,52.30001521207957
725,68933,29146,39787,32649.13877831198,85371,57.71836420872442,123.8463435509843,1.1201927804265415,100.0,0.0,18.66987967377569,45.600963902132705
726,200105,177246,22859,469839.4529678987,199408,11.423502661102921,99.6516828664951,2.650776056824406,22.847005322205842,0.34831713350490645,44.17960094707343,22.49717755305584
727,135074,67273,67801,328712.06177184125,187116,50.195448420865596,138.52851029805885,4.886240568606146,100.0,0.0,81.43734281010244,64.43120284303073
728,234387,118012,116375,487694.1522253351,54245,49.650791212823236,23.143348393895565,4.132581027567833,99.30158242564647,76.85665160610444,68.8763504594639,83.44053358992909
729,83056,33540,49516,58780.54285821048,168490,59.6176073974186,202.8631284916201,1.7525504728148622,100.0,0.0,29.20917454691437,48.76275236407431
730,265683,120623,145060,326995.1048415059,147796,54.59890169864086,55.62870036848424,2.7108851947100128,100.0,44.37129963151576,45.18141991183355,66.8658158630048
731,43828,30067,13761,123315.04413065258,136554,31.39773660673542,311.5679474308661,4.101341807651331,62.79547321347084,0.0,68.35569679418886,45.624898323645
732,105333,91205,14128,289678.05468830455,70448,13.412700673103394,66.88122430767186,3.1761203298975333,26.82540134620679,33.11877569232814,52.93533883162556,36.546394895668826
733,44648,36124,8524,153627.99247496368,175674,19.091560652212866,393.46443289733025,4.252795716835447,38.18312130442573,0.0,70.87992861392411,36.53722710594752
734,154598,106269,48329,25222.499174934685,22207,31.261077116133457,14.364351414636669,0.23734578451791855,62.522154232266914,85.63564858536333,3.9557630752986426,51.88628519110536
735,251722,106334,145388,383310.26733242057,190590,57.75736725435202,75.71447867091474,3.604776151865072,100.0,24.285521329085256,60.07960253108453,65.30953715805094
736,92781,44776,48005,139655.39580248462,8210,51.74011920544077,8.848794473006327,3.118978823532353,100.0,91.15120552699368,51.98298039220588,82.94025577575987
737,84363,70960,13403,380880.9249322269,199919,15.887296563659426,236.97474011118618,5.367544037940063,31.77459312731885,0.0,89.45906729900105,39.547557440627855
738,193504,157104,36400,1200350.6127707015,134393,18.81098065156276,69.45231106333719,7.640484091879911,37.62196130312552,30.54768893666281,100.0,54.213091202249046
739,121348,48634,72714,247605.9538999985,183965,59.921877575238156,151.60118007713353,5.091210961467255,100.0,0.0,84.85351602445425,65.45605480733627
740,206892,168574,38318,54697.188982857006,67411,18.520774123697386,32.58270015273669,0.3244699003574514,37.04154824739477,67.41729984726331,5.407831672624189,36.66415875492416
741,63377,33485,29892,178218.44827788143,3744,47.16537545166227,5.907505877526548,5.322336815824442,94.33075090332454,94.09249412247345,88.70561359707403,92.57173267719406
742,296638,216940,79698,160162.1023389794,34542,26.86709052784876,11.644495985005292,0.7382783365860579,53.73418105569752,88.35550401499471,12.304638943100965,51.6917153097077
743,50651,34178,16473,246169.4424019396,16715,32.52255631675584,33.00033563009615,7.202570144594172,65.04511263351168,66.99966436990385,100.0,76.11794436437583
744,215481,120785,94696,724565.7966596686,71425,43.94633401552805,33.14677396150937,5.998806115491729,87.8926680310561,66.85322603849063,99.98010192486215,85.20706560142827
745,274430,198426,76004,1026180.044664522,165682,27.695222825492838,60.37313704769887,5.171600720996856,55.390445650985676,39.62686295230113,86.19334534994759,59.90224075106889
746,181130,126672,54458,508870.4166488384,70194,30.06569866946392,38.753381549163585,4.017228879695895,60.13139733892784,61.246618450836415,66.95381466159826,62.51268886930154
747,116917,53532,63385,66089.13626187044,148226,54.21367294747556,126.77882600477261,1.234572522264635,100.0,0.0,20.576208704410583,46.172862611323175
748,190611,137037,53574,812334.7807510194,99932,28.106457654594962,52.427194652984355,5.927850002196628,56.212915309189924,47.572805347015645,98.79750003661046,66.3962577387638
749,201445,164078,37367,1301155.9017280086,22785,18.549480006949786,11.310779617265258,7.9301058138690665,37.09896001389957,88.68922038273475,100.0,71.44635012038026
750,250000,186860,63140,796012.6865346017,2282,25.256,0.9128000000000001,4.259941595497173,50.512,99.0872,70.99902659161955,71.23066797748587
751,205696,90957,114739,290603.0659818872,169316,55.780861076540134,82.31370566272558,3.1949499871575275,100.0,17.68629433727442,53.24916645262546,61.28063823696996
752,114964,92432,22532,159760.47816608218,50583,19.599178873386453,43.99899098848335,1.7284109200934976,39.198357746772906,56.00100901151665,28.80684866822496,41.121700402631646
753,78392,33998,44394,105364.58502050464,148586,56.63077865088274,189.54230023471783,3.099140685349275,100.0,0.0,51.65234475582125,55.495703426746374
754,299729,180421,119308,112026.49453673032,167860,39.805290779337334,56.00392354426832,0.6209171578515268,79.61058155867467,43.99607645573168,10.348619297525447,48.14764134944701
755,246821,196097,50724,700332.2232624085,173921,20.5509255695423,70.46442563639236,3.5713561312126574,41.1018511390846,29.535574363607637,59.52260218687763,43.15819342077942
756,140127,113672,26455,779846.6083730676,39758,18.879302347156507,28.372833215583004,6.86049870129027,37.758604694313014,71.627166784417,100.0,66.59159191305031
757,94312,58048,36264,148076.64855924374,195119,38.45109848163542,206.88671643057086,2.5509345465691107,76.90219696327084,0.0,42.51557577615184,43.515551518153885
758,218847,128153,90694,616235.6615836021,83555,41.44173783510855,38.17964148469022,4.808593334401864,82.8834756702171,61.82035851530978,80.14322224003106,75.74246449468909
759,168379,125308,43071,375475.78533373895,171675,25.579793204615775,101.95748876047487,2.996423096160971,51.15958640923155,0.0,49.94038493601618,35.44595004449748
760,247780,179112,68668,64162.86261433708,21312,27.71329405117443,8.601178464767132,0.35822760403734577,55.42658810234886,91.39882153523287,5.970460067289096,51.38141972169614
761,264448,230948,33500,627751.448743171,117961,12.667896902226525,44.606501089060984,2.7181506172089427,25.33579380445305,55.393498910939016,45.30251028681571,40.34312028110764
762,80379,47379,33000,2543.452657728453,44014,41.05549957078342,54.75808357904428,0.053683122432479635,82.11099914156684,45.24191642095572,0.894718707207994,46.68539019507585
763,283166,225360,57806,1074496.3637957557,11120,20.41417401806714,3.927025137198675,4.767910737467854,40.82834803613428,96.07297486280133,79.46517895779758,68.99278536063339
764,287589,236849,50740,1006296.262805799,91575,17.64323392062979,31.84231663937077,4.248682759081943,35.28646784125958,68.15768336062922,70.81137931803238,55.805305940102315
765,297227,202068,95159,170156.1042751192,5744,32.01559750628308,1.9325296827004277,0.8420734815760992,64.03119501256616,98.06747031729957,14.034558026268321,59.24308650809683
766,254892,225837,29055,412806.0914148573,150871,11.39894543571395,59.190166815749414,1.8278939740381661,22.7978908714279,40.809833184250586,30.464899567302766,30.501576174037165
767,138746,92398,46348,100373.09096490932,7597,33.40492698888617,5.475473166793997,1.0863123765114973,66.80985397777233,94.524526833206,18.10520627519162,60.512861523628224
768,87093,75145,11948,248970.54885715683,157489,13.718668549711227,180.82853960708667,3.3132017946258143,27.437337099422454,0.0,55.220029910430235,27.54094381289805
769,189765,147657,42108,541633.0553797866,184233,22.189550233183148,97.0848154296103,3.6681840710551255,44.379100466366296,2.915184570389698,61.13640118425209,36.96711591293905
770,292388,239097,53291,708486.4658197357,8036,18.226124191143274,2.748402807228751,2.963175890202452,36.45224838228655,97.25159719277124,49.38626483670753,58.57225796175825
771,71778,60595,11183,292282.5888021838,137416,15.57998272451169,191.4458469168826,4.823543011835692,31.15996544902338,0.0,80.39238353059487,36.581701238787815
772,58800,26113,32687,126779.10416478696,146045,55.59013605442177,248.37585034013605,4.855018732615439,100.0,0.0,80.91697887692398,64.2750936630772
773,111155,46181,64974,358638.747191752,173333,58.45351086320903,155.93810444874273,7.765937229417986,100.0,0.0,100.0,70.0
774,150659,134094,16565,512645.06087275664,133004,10.9950285080878,88.28148334981647,3.8230275841779395,21.9900570161756,11.718516650183531,63.71712640296566,31.426715722414997
775,116449,56380,60069,111365.1257241478,50098,51.58395520785923,43.021408513598224,1.9752594133406847,100.0,56.978591486401776,32.92099022234474,66.96987451262396
776,235458,129776,105682,269243.565073786,187954,44.88358858055365,79.82485199058856,2.0746791785367558,89.7671771611073,20.175148009411444,34.57798630894593,52.33281115995014
777,241465,103545,137920,283670.20774752315,193515,57.118008821154206,80.1420495724018,2.7395838306777067,100.0,19.857950427598198,45.65973051129511,59.655304281667995
778,262740,232054,30686,1035348.5117330216,85376,11.679226611859633,32.49448123620309,4.461670610000351,23.358453223719266,67.50551876379691,74.36117683333919,51.90338996862854
779,139931,96761,43170,773866.4592314432,37772,30.850919381695263,26.993303842608142,7.997710433247313,61.701838763390526,73.00669615739186,100.0,76.58274435257377
780,98478,79607,18871,132025.9825340154,170492,19.16265561851378,173.12699283088608,1.6584720255004637,38.32531123702756,0.0,27.641200425007728,23.622484622313344
781,95568,73328,22240,176274.28533846803,74965,23.27138791227189,78.44152854511971,2.403915084803459,46.54277582454378,21.55847145488029,40.06525141339098,37.1042271902989
782,217912,173514,44398,640538.0523969213,189414,20.37427952568009,86.92224384155071,3.691564095098501,40.74855905136018,13.07775615844929,61.52606825164169,38.68057094357137
783,285588,135366,150222,923258.6936390856,35428,52.60094961973192,12.405283135145734,6.820462255212429,100.0,87.59471686485426,100.0,96.27841505945628
784,279779,238783,40996,252866.1902648626,132212,14.652993970240797,47.25586981152981,1.0589790322797796,29.305987940481593,52.74413018847019,17.64965053799633,32.840529394132595
785,299937,228273,71664,974062.127265245,150667,23.893017533682073,50.23288223860344,4.267093030122901,47.786035067364146,49.76711776139656,71.11821716871502,55.38001450597913
786,116021,53987,62034,341418.01810814574,16859,53.46790667206799,14.53099007938218,6.32407835419908,100.0,85.46900992061782,100.0,95.64070297618534
787,47684,38009,9675,83853.19601332661,66093,20.289824679137656,138.60624108715712,2.2061405460108556,40.57964935827531,0.0,36.769009100180924,27.2625624733644
788,200761,175067,25694,208394.11180676305,125074,12.79830245914296,62.29994869521471,1.190367755240925,25.59660491828592,37.70005130478529,19.839462587348752,27.50049613495458
789,143065,127398,15667,492681.12422485545,95071,10.950966343969524,66.45301086918533,3.867259487785173,21.90193268793905,33.546989130814666,64.45432479641954,38.16116725334588
790,249477,173228,76249,520141.1943127744,72805,30.563538923427814,29.18305094257186,3.0026392633568153,61.12707784685563,70.81694905742813,50.04398772261359,60.70911217275477
791,230026,115383,114643,703188.4857258627,20878,49.83914861798232,9.076365280446558,6.094385531021578,99.67829723596464,90.92363471955345,100.0,97.14840931025189
792,222170,145663,76507,573708.8511472973,36593,34.43624251699149,16.470720619345546,3.9386038400094554,68.87248503398298,83.52927938065446,65.64339733349092,72.30079702783681
793,76304,63545,12759,498568.6527040722,152155,16.72127280352275,199.40632208010067,7.845914748667435,33.4425456070455,0.0,100.0,43.3770182428182
794,58354,40909,17445,193550.87296971653,41862,29.89512287075436,71.7380128183158,4.731254075379905,59.79024574150872,28.261987181684205,78.85423458966508,56.050964828008276
795,269740,172159,97581,1371932.2470958123,100167,36.175947208422926,37.13464817972863,7.968983597115529,72.35189441684585,62.86535182027137,100.0,77.80036331281975
796,122035,49007,73028,250993.58923681988,146144,59.84184864997747,119.75580776006882,5.1215864924769905,100.0,0.0,85.3597748746165,65.60793246238495
797,142239,73991,68248,184621.7986287737,21826,47.981214716076465,15.3445960671827,2.4951926400342432,95.96242943215293,84.65540393281731,41.58654400057072,76.25755615287758
798,108026,44873,63153,348764.81768954307,181948,58.46092607335272,168.42982245015088,7.772264339124709,100.0,0.0,100.0,70.0
799,263518,202122,61396,1233100.0679070088,167260,23.298598198225548,63.47194499047504,6.100771157553402,46.597196396451096,36.52805500952496,100.0,59.59729506143793
800,176917,134696,42221,746250.7871865784,153385,23.86486318443112,86.69884748215266,5.540259452296864,47.72972636886224,13.301152517847342,92.33765753828106,50.78353356438342
801,198015,108848,89167,312363.74008472863,143016,45.030426987854455,72.22483145216272,2.8697242033361077,90.06085397570891,27.775168547837282,47.82873672226846,58.70551317131529
802,92887,71200,21687,301078.09129776346,56622,23.347723578111037,60.9579381398904,4.228624877777577,46.69544715622207,39.0420618601096,70.47708129629294,51.53392180940959
803,67810,60955,6855,330045.1381748204,168048,10.109128447131692,247.82185518360126,5.414570390859165,20.218256894263384,0.0,90.24283984765275,35.16015471200118
804,166439,91093,75346,10432.172708203956,66624,45.26943805237955,40.029079722901486,0.11452222133647982,90.5388761047591,59.970920277098514,1.9087036889413305,54.779437631715595
805,239971,196073,43898,1161499.0129641788,120356,18.293043742785585,50.15439365590009,5.923809055628153,36.58608748557117,49.84560634409991,98.73015092713588,59.20716217559921
806,257228,199792,57436,1228996.9638627984,138367,22.328828898875706,53.791577899762075,6.151382256861128,44.65765779775141,46.208422100237925,100.0,61.725589749171945
807,212232,166189,46043,1124662.705108821,75969,21.694654905951978,35.79526178898564,6.767371517421856,43.389309811903956,64.20473821101436,100.0,66.6171453880659
808,186110,82689,103421,322571.647628576,54189,55.569824297458496,29.11665144269518,3.9010224773376874,100.0,70.88334855730483,65.01704128896145,80.77011695387988
809,88511,65825,22686,12900.882857745728,197706,25.63071256679961,223.36884681000103,0.1959875861412188,51.26142513359922,0.0,3.2664597690203134,21.484507984145782
810,59810,40345,19465,204013.31337143475,61388,32.54472496238087,102.63835479016888,5.056718636049938,65.08944992476174,0.0,84.27864393416563,51.319373150154384
811,281324,210677,70647,10262.073703396609,22031,25.112326001336537,7.831183972928011,0.048709985918712576,50.224652002673075,92.16881602707198,0.8118330986452096,47.98405553878439
812,241793,106009,135784,424565.4242710154,89833,56.157126136819514,37.15285388741609,4.004994144563343,100.0,62.84714611258391,66.74990240938904,78.87911455659187
813,227771,171635,56136,68964.3318209531,111041,24.645806533755394,48.75115796128568,0.4018080917117901,49.29161306751079,51.24884203871432,6.696801528529835,37.100338297177565
814,156185,93935,62250,221904.9004671484,100859,39.85658033742037,64.57662387553222,2.362323952383546,79.71316067484074,35.42337612446778,39.3720658730591,54.32389686919436
815,291169,157377,133792,1011597.6295346704,123853,45.9499465945894,42.53646507698278,6.427861946375076,91.8998931891788,57.46353492301722,100.0,83.99901775257669
816,241335,145416,95919,1054104.2998887936,101084,39.745167505749265,41.885346095676134,7.2488880170599765,79.49033501149853,58.114653904323866,100.0,79.23053017589658
817,63782,40706,23076,73605.89108078468,146664,36.17948637546643,229.94575272020322,1.808231982527998,72.35897275093286,0.0,30.137199708799965,37.984749013013136
818,193245,171889,21356,829870.5982864025,111668,11.051256177391394,57.78571243757924,4.827944768347029,22.10251235478279,42.21428756242076,80.46574613911716,45.64501505237449
819,232274,168145,64129,165347.97984450075,16566,27.609202924132703,7.1320939924399624,0.9833654277231005,55.218405848265405,92.86790600756004,16.389423795385007,54.864561280189676
820,178262,148575,29687,539561.2236615932,89571,16.65357731877798,50.24682770304384,3.631574784866856,33.30715463755596,49.75317229695616,60.526246414447606,46.406687468443515
821,160263,108550,51713,553249.6829210579,143217,32.26758515689835,89.3637333632841,5.09672669664724,64.5351703137967,10.636266636715902,84.94544494412067,54.48858159976965
822,251981,159147,92834,298755.1303864088,139316,36.84166663359539,55.288295546092755,1.8772275342067952,73.68333326719078,44.711704453907245,31.287125570113254,52.27298231408246
823,54743,29834,24909,134441.29572860888,84227,45.50170798092907,153.8589408691522,4.506311447630518,91.00341596185814,0.0,75.10519079384196,58.93292362289584
824,270604,232285,38319,1339179.0433767035,74763,14.160544559577835,27.628194705178043,5.765241162264905,28.32108911915567,72.37180529482195,96.08735270441508,61.86618304743338
825,264886,126963,137923,895842.9747549444,176481,52.068814508883065,66.62526520842928,7.055937357773087,100.0,33.37473479157072,100.0,80.0124204374712
826,219838,93907,125931,562424.2240087125,89678,57.28354515597849,40.792765581928506,5.989161873009599,100.0,59.207234418071494,99.81936455015999,87.70797969046944
827,152056,60832,91224,248744.0623846333,162969,59.99368653653917,107.17696111958752,4.089033113897838,100.0,0.0,68.15055189829731,60.44516556948919
828,90961,48944,42017,276818.0576162606,27990,46.19232418289157,30.77142951374765,5.65581189964573,92.38464836578314,69.22857048625235,94.26353166076217,86.00148999041761
829,102551,84057,18494,2568.7299113001627,80811,18.033953837602752,78.8007918011526,0.030559381268664868,36.067907675205504,21.1992081988474,0.5093230211444145,20.939722436079748
830,294840,130129,164711,969083.5427112076,19008,55.86453669787003,6.446886446886448,7.447098976486468,100.0,93.55311355311355,100.0,98.06593406593406
831,242346,129702,112644,874411.3530722264,136643,46.48065163031369,56.383435253728145,6.741695217284439,92.96130326062737,43.616564746271855,100.0,80.26949072813251
832,267939,228712,39227,1725373.7176930455,91218,14.640272599360301,34.04431605701298,7.543870534528339,29.280545198720603,65.95568394298702,100.0,61.49892326238435
833,173296,102011,71285,764120.4579003813,129714,41.13482134613609,74.85112178007572,7.490569231753255,82.26964269227219,25.148878219924285,100.0,70.45252054288616
834,281060,128728,152332,43553.05835149844,62368,54.19910339429303,22.190279655589553,0.33833399378144957,100.0,77.80972034441045,5.6388998963574934,65.03458607223038
835,281467,201630,79837,1135349.6430898416,127881,28.364604021075294,45.433745341372166,5.6308567330746495,56.72920804215059,54.566254658627834,93.84761221791082,67.21584327982183
836,111854,54078,57776,308480.8346096215,15372,51.653047722924526,13.74291487117135,5.70436840507455,100.0,86.25708512882865,95.0728067512425,94.39896756402135
837,69796,61631,8165,375228.160407568,120592,11.698378130551895,172.77780961659695,6.088302322006263,23.39675626110379,0.0,100.0,39.35870250444152
838,133635,100395,33240,239383.6118908552,78356,24.873723201257157,58.63433980618849,2.3844176691155456,49.74744640251431,41.36566019381151,39.74029448525909,44.23076496472691
839,56211,44457,11754,229095.53551323837,125737,20.910497945242035,223.68753446834248,5.153193771807328,41.82099589048407,0.0,85.88656286345547,42.49436721523027
840,85968,49863,36105,381671.2735959437,150043,41.99818537130095,174.53354736646193,7.654398523874289,83.9963707426019,0.0,100.0,63.59854829704076
841,196671,121221,75450,443862.4306961182,87697,38.36356148084873,44.590712408031685,3.661596841274352,76.72712296169746,55.409287591968315,61.0266140212392,65.62161966864123
842,146239,85455,60784,252819.13432307343,38342,41.56483564575797,26.218724143354372,2.958506047897413,83.12967129151593,73.78127585664564,49.30843413162355,70.17878151308713
843,257064,126735,130329,559732.0874347667,111715,50.69904770796377,43.45804935735848,4.416554917227023,100.0,56.54195064264152,73.60924862045039,79.04535977892758
844,66654,50645,16009,150379.83984659117,52389,24.018063432052088,78.59843370240345,2.969292918285935,48.036126864104176,21.401566297596545,49.48821530476559,40.48138522635031
845,266762,204139,62623,1057788.1522209095,158819,23.475232604343947,59.53584093686507,5.18170536850337,46.950465208687895,40.46415906313493,86.36175614172284,56.82796064493249
846,116396,90441,25955,26002.637588641643,85896,22.298876250042955,73.79635039004778,0.2875093993724267,44.59775250008591,26.203649609952222,4.791823322873778,27.13774287988216
847,58135,50310,7825,50601.50378399121,154626,13.460049883890942,265.9774662423669,1.0057941519378097,26.920099767781885,0.0,16.763235865630165,15.797010666801803
848,102491,90939,11552,37975.12901376541,16923,11.27123357172825,16.51169370969158,0.4175890323597731,22.5424671434565,83.48830629030842,6.9598172059962184,36.15142390627399
849,87591,55539,32052,257334.51606605356,60948,36.59280063020173,69.58249135185122,4.633402042997777,73.18560126040346,30.417508648148782,77.22336738329628,61.56650331359489
850,280891,118396,162495,631634.7611406954,26672,57.849842109572755,9.495498253771036,5.334933284407374,100.0,90.50450174622897,88.9155547401229,93.82601694590555
851,44213,34972,9241,152143.79131950444,57134,20.901092438875445,129.22443625178116,4.350445822929899,41.80218487775089,0.0,72.50743038216498,38.473103065749854
852,173172,128843,44329,249325.51539013465,18199,25.598249139583768,10.509204721317534,1.9351110684331678,51.196498279167535,89.49079527868247,32.251851140552795,57.00139323743759
853,76609,31383,45226,31224.427726664097,31881,59.03483924865225,41.615214922528686,0.9949471920040818,100.0,58.384785077471314,16.582453200068027,62.490171483261804
854,253666,163977,89689,530353.7590848934,167093,35.35712314618436,65.87126378781547,3.234317978038953,70.71424629236871,34.128736212184535,53.90529963398255,54.695909270797614
855,94131,38119,56012,141526.7470656649,132473,59.50430782632714,140.73259606293357,3.712761275628031,100.0,0.0,61.879354593800514,58.56380637814016
856,256251,153449,102802,935804.4692378758,102518,40.11769710166985,40.00686826587994,6.098472256175509,80.2353942033397,59.99313173412006,100.0,80.0920972015719
857,59611,31809,27802,55934.306725734816,2745,46.63904312962372,4.604854808676251,1.7584427905855202,93.27808625924744,95.39514519132375,29.307379843092,74.7219920140237
858,95243,44076,51167,5975.882221385375,71354,53.72258328696072,74.91784173115084,0.13558131911664795,100.0,25.082158268849156,2.259688651944132,48.20255407623799
859,91374,73426,17948,70610.68804325945,81029,19.642349027075536,88.67839866920568,0.9616578329646099,39.28469805415107,11.321601330794323,16.027630549410166,23.91864878572178
860,133574,54601,78973,128119.5476578369,40992,59.123032925569355,30.68860706424903,2.3464688862445175,100.0,69.31139293575097,39.10781477074196,72.52576231194787
861,95350,62833,32517,174975.12324434437,151165,34.102779234399584,158.53696906135292,2.7847647453463047,68.20555846879917,0.0,46.412745755771745,41.20604711425119
862,177227,71010,106217,170310.6836992592,152035,59.932741625147415,85.78546158316736,2.398404220521887,100.0,14.214538416832639,39.973403675364786,56.25638262765923
863,221196,196222,24974,1329695.756739478,152008,11.29043924844934,68.72095336262862,6.776486615871197,22.58087849689868,31.27904663737138,100.0,48.41606538997088
864,156895,133247,23648,834870.7118144161,178904,15.072500717040057,114.0278530227222,6.2655873063890075,30.145001434080115,0.0,100.0,42.05800057363204
865,68151,42866,25285,136487.15910230175,176743,37.10143651597188,259.34028847705827,3.184042343636023,74.20287303194377,0.0,53.067372393933724,45.601360930957625
866,130306,98389,31917,737821.8172203948,87265,24.493883627768483,66.96928767669947,7.499027505314566,48.987767255536966,33.030712323300534,100.0,59.504320599204945
867,71131,45289,25842,21636.00055202085,49067,36.3301514107773,68.98117557745567,0.47773191176711455,72.6603028215546,31.018824422544327,7.96219852945191,40.758428014220705
868,229657,158716,70941,1257295.9580372234,98934,30.88997940406781,43.07902654828723,7.921671148700971,61.77995880813562,56.92097345171277,100.0,71.78827555876808
869,182980,121749,61231,634027.2367463218,61215,33.46322002404634,33.45447589900535,5.207658680944581,66.92644004809269,66.54552410099464,86.79431134907635,72.77252665425837
870,226907,178908,47999,293382.2258721894,177241,21.153600373721392,78.11173740783669,1.6398496762145314,42.307200747442785,21.888262592163315,27.330827936908857,31.688607457698765
871,178731,126875,51856,909516.238471492,113688,29.013433595738846,63.60843949846418,7.168600894356587,58.02686719147769,36.39156050153582,100.0,64.12821502705182
872,86473,48215,38258,106550.26098941604,106956,44.24271159783979,123.68716246689718,2.2098985998012246,88.48542319567957,0.0,36.831643330020405,46.44366227727795
873,158452,105153,53299,762503.0689479582,7006,33.63731603261556,4.421528286168682,7.251367711315495,67.27463206523112,95.57847171383132,100.0,85.58339434024184
874,289243,208662,80581,1351896.371320277,32430,27.859274036018157,11.212025874437757,6.4788814988846894,55.71854807203631,88.78797412556224,100.0,78.9238114664832
875,63091,35877,27214,208081.19546692184,18990,43.13451997907784,30.09938026025899,5.79984935939242,86.26903995815567,69.90061973974102,96.66415598987366,84.47704870214667
876,130270,98205,32065,48869.34260403707,108272,24.614262685192294,83.11353343056729,0.497625809317622,49.22852537038459,16.886466569432713,8.293763488627032,27.24547916557176
877,56241,22716,33525,114656.1550947654,178634,59.60953752600416,317.6223751355773,5.047374321833307,100.0,0.0,84.12290536388845,65.23687160916654
878,75063,35064,39999,268712.0161658768,175841,53.28723871947564,234.25789003903387,7.6634729684541645,100.0,0.0,100.0,70.0
879,87118,50278,36840,381739.2128665418,128557,42.2874721641911,147.5665189742648,7.592569570518752,84.5749443283822,0.0,100.0,63.82997773135288
880,67076,47654,19422,354035.0185392578,39121,28.95521498002266,58.323394358637955,7.429282296119062,57.91042996004532,41.676605641362045,100.0,65.66715367642675
881,236173,159012,77161,550583.505146657,67293,32.67138919351492,28.4930961625588,3.462528017675754,65.34277838702984,71.5069038374412,57.708800294595896,64.90182259442307
882,136258,65795,70463,234515.2969681817,77227,51.71292694740859,56.677039146325356,3.564333109935127,100.0,43.322960853674644,59.40555183225212,70.81855380577804
883,171564,72912,98652,492097.47444277257,47153,57.501573756732185,27.484204145391804,6.74919731241459,100.0,72.5157958546082,100.0,91.75473875638247
884,148042,88222,59820,465186.6762322445,28328,40.40745193931452,19.135110306534635,5.272910115756212,80.81490387862904,80.86488969346536,87.88183526260353,82.94997903827229
885,152911,109831,43080,437774.0653666852,73402,28.173251106853,48.003086762888216,3.9858880039941837,56.346502213706,51.996913237111784,66.4314667332364,58.06711487658686
886,55449,36666,18783,64273.2920179581,172388,33.874371043661746,310.8946960269798,1.7529398357595074,67.74874208732349,0.0,29.215663929325125,35.86419601372693
887,234136,201285,32851,283563.01557423,123749,14.030734274097107,52.85346977824854,1.4087637706447573,28.061468548194213,47.14653022175146,23.479396177412625,32.41236533902691
888,163765,66572,97193,7557.279747000101,197227,59.349067261014255,120.43293744084511,0.11352039516613743,100.0,0.0,1.8920065861022906,40.567601975830684
889,270258,207034,63224,588044.5606517978,34064,23.393942084970657,12.60425223305138,2.840328451615666,46.787884169941314,87.39574776694862,47.338807526927766,59.135520256139436
890,265898,158901,106997,1211330.0302468063,50081,40.23986641494107,18.83466592452745,7.62317436798262,80.47973282988214,81.16533407547254,100.0,86.54149335459462
891,241974,144312,97662,986195.7739829068,76253,40.36053460289122,31.51288981460818,6.833775250726944,80.72106920578244,68.48711018539183,100.0,82.83456073793053
892,76191,42286,33905,78496.28963929733,187818,44.500006562454885,246.50943024766704,1.8563186312088478,89.00001312490977,0.0,30.938643853480798,44.881598406008145
893,192614,152294,40320,1169822.3408598364,125681,20.933057825495553,65.25018949816732,7.681342277829963,41.866115650991105,34.749810501832684,100.0,57.17138941094625
894,127893,105844,22049,510645.9073784973,84388,17.240192973814047,65.98328290054968,4.824514449364133,34.48038594762809,34.01671709945032,80.4085741560689,48.119741755707
895,62601,49593,13008,149566.75184600006,167849,20.77922077922078,268.1251098225268,3.0158843354102407,41.55844155844156,0.0,50.26473892350401,31.70279830042783
896,59710,42822,16888,76077.86347863499,63227,28.283369619829173,105.89013565566907,1.7766069655465646,56.56673923965835,0.0,29.610116092442745,31.50973052359616
897,176039,145059,30980,845823.2956338897,5722,17.598373087781685,3.2504161009776245,5.830891538159575,35.19674617556337,96.74958389902237,97.18152563599291,72.25803133072993
898,198485,121939,76546,28455.454473119236,83596,38.565130866312316,42.117036551880496,0.23335810916211577,77.13026173262463,57.882963448119504,3.8893018193685966,49.38378427329628
899,106732,49016,57716,113279.87332457332,40695,54.07562867743507,38.12820897200464,2.3110795112733253,100.0,61.87179102799536,38.51799185455542,70.11693486476523
900,190774,164020,26754,1303309.5010373965,107096,14.023923595458502,56.13762881734409,7.946040123383712,28.047847190917004,43.86237118265591,100.0,54.37785023116358
901,132764,85071,47693,432462.61103921,100755,35.923141815552405,75.89030158777982,5.083549165276181,71.84628363110481,24.109698412220183,84.72581942126968,61.38916880248888
902,270004,112405,157599,51888.78134871289,126310,58.36913527207004,46.780788432763956,0.46162342732719086,100.0,53.219211567236044,7.693723788786515,58.27388060680677
903,191130,102784,88346,511485.7150299218,45740,46.22298958823837,23.931355621828075,4.97631649896795,92.44597917647674,76.06864437817192,82.9386083161325,84.68056747888203
904,146611,86964,59647,399228.2465755592,66641,40.68385046142513,45.45429742652325,4.590730032836107,81.36770092285026,54.54570257347675,76.51216721393511,71.86444130536366
905,103811,85502,18309,617144.1357506262,155801,17.63685929236786,150.08139792507538,7.217891227697904,35.27371858473572,0.0,100.0,44.10948743389429
906,152492,135288,17204,29784.124154212037,143674,11.28190331296068,94.21740156860687,0.22015348112332236,22.56380662592136,5.782598431393126,3.6692246853887065,11.861069585403094
907,158474,122957,35517,224956.62797312523,91328,22.411878289183086,57.629642717417376,1.8295552752029183,44.82375657836617,42.370357282582624,30.492587920048635,39.788386192135846
908,258512,122557,135955,666268.8033580033,157608,52.59136906603948,60.967382558643315,5.436399417071267,100.0,39.032617441356685,90.60665695118779,78.89178231776334
909,124700,76776,47924,441713.7619825298,133943,38.43143544506816,107.4121892542101,5.7532791755565516,76.86287089013632,0.0,95.88798625927586,59.511544233837284
910,86002,52783,33219,137800.97119906466,108946,38.625845910560216,126.67844933838748,2.610707447455898,77.25169182112043,0.0,43.511790790931634,43.95421396572767
911,106668,61496,45172,439865.7858286783,194886,42.34822064724191,182.70334120823492,7.152754420266006,84.69644129448382,0.0,100.0,63.878576517793526
912,144601,122372,22229,410629.519332355,133251,15.372646108948071,92.15081500127938,3.3555839516585086,30.745292217896143,7.849184998720617,55.92639919430847,31.430792145067183
913,214870,137123,77747,545793.2571666398,125555,36.18327360729744,58.433006003630105,3.9803188171688175,72.36654721459487,41.566993996369895,66.33864695281363,61.318311170593006
914,272556,189580,82976,282301.1479686376,93330,30.443651946755896,34.24250429269581,1.4890871820267833,60.88730389351179,65.75749570730419,24.81811970044639,51.527606179729894
915,265391,219615,45776,363815.63071873575,152026,17.248512572016384,57.28378128874001,1.6566064736868418,34.49702514403277,42.71621871125999,27.610107894780693,34.89670803942531
916,202627,110962,91665,780725.5878490749,178048,45.23829499523755,87.86982978576398,7.035972565825011,90.4765899904751,12.130170214236017,100.0,69.82968706046086
917,251650,112620,139030,744865.7681209275,145342,55.24736737532287,57.7556129545003,6.613974144209976,100.0,42.2443870454997,100.0,82.67331611364992
918,201980,154186,47794,954604.0376794542,10775,23.662738885038124,5.334686602633925,6.191249774165321,47.32547777007625,94.66531339736608,100.0,77.32978512724031
919,248873,202182,46691,834056.3999589557,158128,18.76097447292394,63.53762762533501,4.125275246851627,37.52194894584788,36.46237237466499,68.75458744752713,46.573867524996786
920,177686,75108,102578,174268.1014126562,174956,57.72992807536891,98.4635818241167,2.320233549191247,100.0,1.5364181758832984,38.67055915318745,52.06209319872122
921,188036,112052,75984,490071.093835416,168616,40.409283328724285,89.67219043161948,4.373604164454147,80.81856665744857,10.327809568380516,72.89340274090245,57.293790355764315
922,89976,62552,27424,30690.991499188916,34148,30.479238908153285,37.952342846981416,0.49064764514626097,60.95847781630657,62.047657153018584,8.177460752437684,45.45092649815951
923,232312,205953,26359,372569.5227749095,85076,11.346379007541582,36.62144013223596,1.8090026499973757,22.692758015083164,63.37855986776404,30.15004416662293,37.135684416349356
924,248188,153564,94624,1084449.779469867,90453,38.12593678985286,36.44535593985205,7.061875045387376,76.25187357970572,63.55464406014795,100.0,79.56714264992667
925,193390,95836,97554,237738.0945329302,151538,50.44418015409276,78.35875691607632,2.4806763067420405,100.0,21.641243083923683,41.34460511236735,58.89575445888731
926,135742,97777,37965,325357.9772664003,153484,27.968499064401588,113.07038352168084,3.32755123665484,55.936998128803175,0.0,55.45918727758067,39.01255543479547
927,133526,94111,39415,674618.3655723244,144228,29.51859562931564,108.01491844285007,7.1683263972577524,59.03719125863128,0.0,100.0,53.614876503452514
928,194136,102194,91942,221915.1520219957,130429,47.35958297276136,67.18434499526106,2.171508621073602,94.71916594552272,32.81565500473894,36.1918103512267,58.58990598499878
929,257583,219195,38388,1414585.488395907,126479,14.903157428867589,49.10223112550129,6.453548157557914,29.806314857735178,50.89776887449871,100.0,57.19185660544368
930,198199,154841,43358,671974.0211772891,18375,21.875993319845204,9.270985221923421,4.339768027701249,43.75198663969041,90.72901477807657,72.32946712835414,66.41833922780538
931,55088,32520,22568,107828.44119471556,195497,40.96717978507116,354.88128085971533,3.3157577243147465,81.93435957014232,0.0,55.26262873857911,49.35253244963066
932,174345,71539,102806,153963.17209843468,78077,58.96699073675757,44.78304511170381,2.152157174386484,100.0,55.21695488829619,35.86928623977473,67.32587233842128
933,179784,96080,83704,483039.5462081393,27128,46.558091932541274,15.089218172918613,5.027472379351991,93.11618386508255,84.9107818270814,83.79120632253318,87.8570699909174
934,108368,75941,32427,180168.45034264468,32920,29.9230400118116,30.37797135685811,2.3724792976474456,59.8460800236232,69.62202864314189,39.54132162745743,56.68743709062908
935,291514,227235,64279,186361.72075716255,173784,22.050055914981783,59.61428953669463,0.8201277125317955,44.100111829963566,40.38571046330537,13.668795208863257,33.856396433636014
936,173682,101541,72141,757840.9877614966,122049,41.536255915984384,70.27153072857291,7.463398900557377,83.07251183196877,29.728469271427088,100.0,72.14754551421564
937,60583,29691,30892,23333.56122468791,150528,50.99120215241899,248.46574121453213,0.7858799375126438,100.0,0.0,13.097998958544062,43.92939968756322
938,131118,97984,33134,571427.8427622681,101968,25.270367150200585,77.76811726841471,5.8318484932465315,50.54073430040117,22.231882731585287,97.1974748874422,56.045101005868716
939,190945,153431,37514,239647.68761774024,21644,19.64649506402367,11.335201235957998,1.5619248236519363,39.29299012804734,88.664798764042,26.032080394198935,50.12625979869122
940,102021,57928,44093,453472.18666276906,132610,43.21953323335392,129.98304270689368,7.8282037471131245,86.43906646670784,0.0,100.0,64.57562658668314
941,207248,155557,51691,904790.149332842,174,24.94161584188991,0.08395738438971667,5.816454092923121,49.88323168377982,99.91604261561028,96.94090154871868,79.01037592281061
942,132268,115542,16726,458709.83060427057,105410,12.645537847400732,79.6942571143436,3.970070023058893,25.291075694801464,20.3057428856564,66.16783371764822,36.05850325891197
943,115225,55482,59743,348962.09598998417,33919,51.84899110436103,29.437188110219136,6.289645218088464,100.0,70.56281188978086,100.0,91.16884356693426
944,113155,67007,46148,13505.080713328654,34675,40.78299677433609,30.64380716716009,0.20154731167383488,81.56599354867218,69.35619283283991,3.3591218612305815,54.44099182769002
945,272866,110704,162162,623219.0432324356,181517,59.42917036200919,66.52239560810068,5.629598237032407,100.0,33.47760439189932,93.82663728387345,78.19127250273183
946,110305,68260,42045,128314.27700018988,159034,38.11703911880694,144.1766012420108,1.8797872399676219,76.23407823761389,0.0,31.329787332793696,39.892567494883664
947,255964,206963,49001,904726.860051356,103591,19.143707708896564,40.47092559891235,4.3714425286227785,38.28741541779313,59.52907440108765,72.8573754770463,55.03090113055743
948,181650,111678,69972,275920.0864343345,109903,38.52023121387283,60.50261491879989,2.470675392058727,77.04046242774567,39.49738508120011,41.17792320097879,55.01877745575194
949,171461,78742,92719,605691.8667056485,144866,54.07585398428797,84.48918412933554,7.692106711864678,100.0,15.510815870664459,100.0,74.65324476119935
950,98002,58632,39370,61781.72444519531,1481,40.172649537764535,1.511193649109202,1.0537202286327485,80.34529907552907,98.4888063508908,17.56200381054581,66.9533626786426
951,96408,46144,50264,114358.8078027574,27798,52.13675213675214,28.833706746328108,2.478302873672794,100.0,71.1662932536719,41.30504789454656,73.74140234446554
952,131649,110019,21630,592080.88575895,127815,16.430052639974477,97.08771050292823,5.381623953671184,32.860105279948954,2.912289497071768,89.69373256118641,40.92584872945703
953,214598,119409,95189,893463.1299215922,142961,44.356890558159904,66.61804863046254,7.482376788362621,88.71378111631981,33.38195136953746,100.0,75.50009785738916
954,64335,57319,7016,287967.6215798744,53747,10.905416958109894,83.54239527473382,5.023947060832786,21.81083391621979,16.45760472526618,83.73245101387977,38.7813502882317
955,77327,37225,40102,55663.12041319988,87051,51.8602816609981,112.57516779391416,1.4953155248676933,100.0,0.0,24.921925414461555,47.47657762433847
956,190653,113503,77150,173820.92815791658,147595,40.46618726167435,77.41551404908394,1.53142144399634,80.9323745233487,22.58448595091606,25.523690733272336,46.80540281459599
957,106960,92787,14173,319588.27535634907,154692,13.250747943156322,144.62602842183995,3.4443216760575197,26.501495886312643,0.0,57.40536126762533,27.822206734812656
958,275637,144314,131323,410838.5898218707,118639,47.643458606790816,43.041754191200745,2.846838074073691,95.28691721358163,56.958245808799255,47.447301234561515,69.43643099844088
959,158248,117534,40714,312599.2157945337,26049,25.727971285577066,16.46087154340023,2.659649257189696,51.45594257115413,83.53912845659977,44.32748761982827,58.94236185139006
960,117789,69137,48652,522370.7332938885,46220,41.304366282080665,39.23965735340312,7.555588661554428,82.60873256416133,60.76034264659688,100.0,81.2715958196436
961,86163,63393,22770,320658.10052440723,75277,26.42665645346611,87.36580666875572,5.058257229101119,52.85331290693222,12.634193331244276,84.30428715168532,50.22286930765176
962,259350,157987,101363,949109.8073922044,22931,39.08347792558319,8.841719683824948,6.007518386906545,78.16695585116638,91.15828031617505,100.0,88.61426643531907
963,129116,72644,56472,547022.3658406485,94776,43.73741441804269,73.40376095913751,7.530179585934813,87.47482883608538,26.596239040862486,100.0,72.9688032466929
964,65991,28623,37368,118774.22849724618,186384,56.62590353229986,282.43851434286495,4.14960795504476,100.0,0.0,69.16013258407934,60.7480397752238
965,181633,160806,20827,145759.06704963683,156989,11.46652865943964,86.43198097262061,0.9064280378197134,22.93305731887928,13.568019027379393,15.107133963661889,17.775768824864095
966,102120,78524,23596,442595.4552514169,145328,23.106149627888758,142.31100665883275,5.636435424219562,46.212299255777516,0.0,93.94059040365937,46.66709682340882
967,158490,104579,53911,61946.08885644353,59778,34.01539529307843,37.71720613287904,0.592337743298784,68.03079058615685,62.28279386712096,9.8722957216464,48.858843111092945
968,85833,56512,29321,334623.9941715824,103937,34.16052101173209,121.09212074609998,5.921290950091704,68.32104202346417,0.0,98.6881825015284,56.93487155984419
969,242363,163547,78816,902490.0916638598,90265,32.5198153183448,37.243721195066904,5.518230793984969,65.0396306366896,62.756278804933096,91.97051323308281,72.4338898660806
970,137718,60387,77331,36514.14151844434,30949,56.15170130266196,22.47273413787595,0.6046689108325358,100.0,77.52726586212405,10.077815180542265,66.28152431279989
971,193619,106228,87391,78240.73438055361,195691,45.13554971361282,101.07014290952851,0.7365358886598035,90.27109942722564,0.0,12.275598144330058,39.79111921418927
972,101842,72493,29349,376096.47939891246,30109,28.81816932110524,29.564423322401367,5.188038560949505,57.63633864221048,70.43557667759863,86.46730934915841,70.1254012649113
973,170356,69429,100927,536000.4166868362,165582,59.24475803611261,97.19763319166921,7.720122955635774,100.0,2.802366808330788,100.0,70.84071004249924
974,41306,30484,10822,172327.23962706066,94767,26.199583595603542,229.42671766813535,5.653038959029677,52.399167191207084,0.0,94.21731598382794,49.22486167163122
975,216872,143759,73113,286970.98761839827,18689,33.71251244973994,8.617525545021948,1.996194934705989,67.42502489947988,91.38247445497805,33.26991557843315,64.36572696981531
976,69084,33646,35438,31510.432238060628,186633,51.2969718024434,270.1537258989057,0.9365283313933492,100.0,0.0,15.608805523222488,44.682641656966744
977,102260,89208,13052,525638.6771943214,125844,12.763543907686289,123.06278114609819,5.8922818266783406,25.527087815372578,0.0,98.20469711130568,39.67224425954073
978,284602,223740,60862,1119066.521077929,84381,21.384951616643594,29.648772672012143,5.001638156243537,42.76990323328719,70.35122732798786,83.36063593739227,63.22152027292891
979,289880,123269,166611,618797.1377382106,173123,57.4758520767214,59.72229888229612,5.019892574274235,100.0,40.27770111770388,83.66487623790391,77.18277320668233
980,249926,131598,118328,474020.4662712967,1920,47.34521418339829,0.7682273953090114,3.602033969143123,94.69042836679658,99.23177260469099,60.03389948571872,85.65587297384155
981,146121,87602,58519,588546.4027761369,12905,40.04831612157048,8.831721655340436,6.718412853315414,80.09663224314096,91.16827834465957,100.0,89.38913640065425
982,161759,119091,42668,930821.8816887058,109200,26.377512224976662,67.50783573093305,7.816055635511548,52.755024449953325,32.49216426906695,100.0,60.84965906070141
983,274313,110866,163447,384556.7191040594,150946,59.584124704261185,55.026921801008335,3.4686623410609148,100.0,44.973078198991665,57.81103901768191,70.83523516500208
984,222003,171872,50131,1257482.4636238362,191758,22.581226379823697,86.37631023004194,7.316389310788471,45.162452759647394,13.623689769958062,100.0,52.15208803484637
985,265923,164128,101795,949904.3475846796,90009,38.27987800979983,33.84776796290655,5.787582542800007,76.55975601959966,66.15223203709346,96.45970904666679,79.40748473296793
986,239570,166435,73135,816585.6125938474,91176,30.52761197144885,38.05818758609175,4.9063334790990325,61.0552239428977,61.94181241390825,81.77222465165053,67.53630069682671
987,115945,87009,28936,142015.85712998395,10278,24.956660485575057,8.864547845961447,1.6321973259086295,49.913320971150114,91.13545215403855,27.203288765143824,55.46695066421476
988,261552,211643,49909,84688.65323320522,95667,19.08186517403805,36.57666544320059,0.4001486145688977,38.1637303480761,63.42333455679941,6.669143576148295,36.29323557911475
989,94318,39118,55200,111398.99879104808,21869,58.52541402489451,23.186454335333657,2.8477682599071548,100.0,76.81354566466635,47.46280433178591,77.28290499893568
990,273540,119967,153573,874481.0053455884,10442,56.14279447247203,3.8173576076624993,7.289346281440633,100.0,96.1826423923375,100.0,98.85479271770124
991,113788,69682,44106,120045.01746799226,86346,38.761556578901114,75.8832214293247,1.722755051060421,77.52311315780223,24.116778570675294,28.71258418434035,46.85805408962558
992,107087,47179,59908,359123.0417234452,66897,55.943298439586506,62.46976757216095,7.611925681414299,100.0,37.53023242783905,100.0,81.25906972835172
993,197221,116684,80537,460669.35814835975,174398,40.835915039473484,88.42770293224352,3.948007937235266,81.67183007894697,11.57229706775648,65.80013228725443,55.88046083808206
994,54924,43575,11349,138550.42749502335,869,20.66309809919161,1.5821862937877795,3.179585255192733,41.32619619838322,98.41781370621221,52.99308758654555,61.953748867180614
995,137088,72201,64887,570480.0818130458,164530,47.332370448179276,120.01779878618113,7.901276738730014,94.66474089635855,0.0,100.0,67.86589635854342
996,261677,153226,108451,1128683.0747872512,160133,41.44460537227192,61.19490822655411,7.366132867706859,82.88921074454385,38.80509177344589,100.0,74.7972118298513
997,195242,130649,64593,281003.5424041536,174875,33.0835578410383,89.56833058460782,2.150828115057548,66.1671156820766,10.431669415392179,35.847135250959134,40.35048767273604
998,190368,161369,28999,860371.8041308636,143927,15.233127416372499,75.60461842326441,5.331704380214686,30.466254832744998,24.395381576735588,88.86173967024476,46.1636383071921
999,125178,78508,46670,395835.5896405124,135530,37.28290913738836,108.26982377095015,5.041977755649264,74.56581827477672,0.0,84.0329625941544,55.036216088157005
1000,103610,77990,25620,266789.0241241862,174499,24.727342920567512,168.41907151819322,3.4208106696266984,49.454685841135024,0.0,57.01351116044498,36.8859276845875
