user_id,monthly_income,monthly_expenses,monthly_savings,debt,savings_rate,debt_to_income,emergency_fund_months,savings_score,debt_score,emergency_fund_score,financial_health_score
1,161958,80578,81380,131932,50.24759505550822,81.46062559428988,1.009953088932463,100.0,18.53937440571012,16.832551482207716,50.61157776637535
2,143694,112363,31331,137337,21.80397233009033,95.57601570002925,0.2788373396936714,43.60794466018066,4.423984299970769,4.647288994894524,20.16455985253185
3,253458,138577,114881,87498,45.325458261329295,34.52169590227967,0.8290048132085411,90.6509165226586,65.47830409772033,13.81674688680902,60.048881904422245
4,152727,105221,47506,191335,31.105174592573675,125.27909276028468,0.4514878208722593,62.21034918514735,0.0,7.524797014537656,27.14157877842024
5,56023,30731,25292,67221,45.14574371240384,119.98821912428824,0.8230125931469852,90.29148742480768,0.0,13.716876552449753,40.231657935658
6,104820,42697,62123,59735,59.26636138141576,56.98817019652738,1.4549734173361126,100.0,43.01182980347262,24.24955695560188,60.17841602772235
7,234027,158535,75492,199041,32.25781640579933,85.05044289761437,0.4761850695430031,64.51563281159866,14.949557102385626,7.936417825716719,32.672045603070174
8,45311,23175,22136,184779,48.85347928759021,407.8016375714506,0.9551672060409924,97.70695857518042,0.0,15.919453434016544,43.85861946027713
9,125305,78815,46490,130608,37.10147240732613,104.2320737400742,0.5898623358497748,74.20294481465226,0.0,9.831038930829578,32.63048960510978
10,278042,195694,82348,122537,29.617108206673816,44.071399285000105,0.4207998201273417,59.23421641334763,55.928600714999895,7.013330335455695,42.57626588047573
11,189503,78548,110955,123855,58.550524266106606,65.35780436193622,1.4125757498599585,100.0,34.64219563806378,23.54292916433264,57.45553744071893
12,230222,157813,72409,129981,31.451816073181536,56.45898306851648,0.4588278532186828,62.90363214636307,43.541016931483526,7.647130886978047,40.5178972040837
13,124654,85634,39020,119346,31.302645723362264,95.74181333932324,0.4556601349931102,62.60529144672453,4.258186660676756,7.594335583218504,28.597873251858392
14,107435,44241,63194,31551,58.82068227300228,29.36752454972774,1.428403517099523,100.0,70.63247545027227,23.80672528499205,68.3317602205793
15,156216,73880,82336,69092,52.70650893634456,44.22850412249705,1.114455874390904,100.0,55.77149587750295,18.574264573181733,62.30372813520541
16,43890,26394,17496,87313,39.86329460013671,198.93597630439737,0.6628779268015458,79.72658920027341,0.0,11.04796544669243,35.205025314117094
17,181699,81471,100228,174073,55.16155840153221,95.80294883296,1.2302291612966576,100.0,4.1970511670400015,20.50381935494429,47.41026115659528
18,247624,122946,124678,68148,50.34972377475528,27.52075727716215,1.0140874855627673,100.0,72.47924272283785,16.901458092712787,66.81421024466519
19,292801,241363,51438,120174,17.567562952312322,41.04289261307167,0.2131146861780803,35.135125904624644,58.95710738692833,3.5519114363013387,32.80675600881876
20,194555,126377,68178,17159,35.043046953303694,8.819613990902315,0.539481076461698,70.08609390660739,91.18038600909767,8.991351274361632,58.08595874768075
21,150510,96124,54386,198193,36.13447611454389,131.68095143179855,0.5657900212225875,72.26895222908777,0.0,9.429833687043123,31.736530997748048
22,240551,185695,54856,19457,22.80431176756696,8.088513454527314,0.2954091386413204,45.60862353513392,91.91148654547268,4.923485644022008,47.29394107090198
23,237629,172240,65389,78953,27.5172643069659,33.2253218251981,0.3796388759869949,55.0345286139318,66.77467817480189,6.327314599783248,43.94440927794827
24,92995,77955,15040,9692,16.172912522178613,10.422065702457122,0.1929318196395356,32.34582504435723,89.57793429754288,3.215530327325593,40.77636940520343
25,216830,159141,57689,196769,26.6056357515104,90.74805146889268,0.3625024349476251,53.2112715030208,9.251948531107317,6.041707249127085,25.87260533527864
26,77065,57383,19682,99299,25.539479660027247,128.850969960423,0.342993569524075,51.078959320054494,0.0,5.716559492067918,22.14655157564217
27,203678,93005,110673,40397,54.337238189691575,19.83375720500005,1.1899682812752002,100.0,80.16624279499995,19.832804687920003,69.99971424487597
28,297750,210487,87263,1016,29.30747271200672,0.3412258606213266,0.4145766721935321,58.61494542401344,99.65877413937868,6.909611203225537,55.41649377238664
29,260861,159935,100926,23247,38.68957030755843,8.911642598931998,0.6310438615687624,77.37914061511685,91.088357401068,10.517397692812706,61.43338277421096
30,64300,34249,30051,82798,46.73561430793157,128.7682737169518,0.877427078162866,93.47122861586314,0.0,14.623784636047768,41.77562683715959
31,49268,40978,8290,12185,16.82633758220346,24.73207761630267,0.2023036751427595,33.65267516440692,75.26792238369733,3.371727919045992,37.05296515658576
32,234776,180689,54087,170171,23.037704024261423,72.48228098272395,0.2993375357658739,46.075408048522846,27.51771901727605,4.988958929431233,28.18216660342133
33,179643,109901,69742,51214,38.82255362023569,28.50876460535618,0.634589312199161,77.64510724047138,71.49123539464382,10.576488536652684,55.67836007557751
34,232300,207672,24628,48984,10.601808006887644,21.086526043908737,0.1185908548095073,21.20361601377529,78.91347395609127,1.9765142468251216,32.74844286638503
35,80774,34877,45897,120151,56.8215019684552,148.74959764280587,1.3159675430799669,100.0,0.0,21.93279238466611,46.57983771539983
36,233664,161028,72636,133767,31.085661462612983,57.24758627773213,0.4510768313585215,62.17132292522597,42.75241372226787,7.517947189308692,39.94963744356336
37,164375,113940,50435,136330,30.6828897338403,82.9384030418251,0.442645251886958,61.3657794676806,17.061596958174903,7.377420864782634,31.878017133959503
38,258610,142948,115662,164231,44.72448861219597,63.50527821816635,0.8091194000615608,89.44897722439194,36.49472178183365,13.485323334359348,50.77360442461468
39,53986,34260,19726,38660,36.5391027303375,71.61115844848665,0.5757734967892586,73.078205460675,28.38884155151335,9.596224946487643,40.626802133670296
40,174633,96707,77926,64505,44.62272308212079,36.93746313697869,0.805794823539144,89.24544616424159,63.06253686302131,13.4299137256524,58.64591364229874
41,144488,110046,34442,22662,23.837273683627703,15.684347489064836,0.3129782091125529,47.67454736725541,84.31565251093517,5.216303485209215,45.92940574574548
42,48392,32423,15969,113569,32.99925607538436,234.685485204166,0.4925207414489714,65.99851215076872,0.0,8.208679024149523,28.862008567552344
43,92256,60501,31755,127478,34.420525494276795,138.17854665279222,0.5248673575643378,68.84105098855359,0.0,8.747789292738963,30.160757183243128
44,75222,41925,33297,123684,44.26497567201085,164.4253011087182,0.7942039355992845,88.5299513440217,0.0,13.236732259988074,39.3830002156051
45,267426,117935,149491,24538,55.89994989268059,9.175622415172796,1.267571119684572,100.0,90.8243775848272,21.1261853280762,73.58516887387103
46,148066,129818,18248,113252,12.324233787635244,76.48751232558453,0.1405660232017131,24.648467575270487,23.512487674415468,2.342767053361886,17.615963448441402
47,179182,150981,28201,158338,15.738746079405296,88.36713509169448,0.1867850921639146,31.477492158810595,11.63286490830552,3.1130848693985778,17.014781796835468
48,224064,172573,51491,98806,22.980487717794915,44.09722222222222,0.2983722830338465,45.96097543558983,55.90277777777778,4.972871383897442,36.64708492273849
49,177982,71398,106584,122409,59.88470744232563,68.7760560056635,1.492814924787809,100.0,31.22394399433649,24.880248746463486,56.83125782224
50,63419,43235,20184,50015,31.826424257714564,78.8643781831943,0.4668439921360009,63.65284851542913,21.135621816805696,7.780733202266682,34.13604591189337
51,288550,237516,51034,107059,17.686362848726393,37.10240859469763,0.2148655248488523,35.372725697452786,62.89759140530237,3.581092080814205,34.092695324816084
52,225340,200823,24517,87939,10.880003550190825,39.02502884530043,0.122082629977642,21.76000710038165,60.97497115469957,2.034710499627367,27.60690733645074
53,189213,156041,33172,105878,17.531564955896265,55.95704312071581,0.2125851539018591,35.06312991179253,44.04295687928419,3.5430858983643185,28.301064798011563
54,242982,153236,89746,198286,36.9352462322312,81.60522178597591,0.585671774256702,73.87049246446239,18.39477821402409,9.7611962376117,37.99498932127569
55,289002,178223,110779,75450,38.3315686396634,26.10708576411236,0.6215752175645118,76.66313727932679,73.89291423588764,10.35958695940853,55.94100527031957
56,133426,75669,57757,43585,43.28766507277442,32.666047097267395,0.7632848326263066,86.57533014554885,67.3339529027326,12.721413877105112,58.64674209217085
57,149225,123734,25491,173629,17.082258334729435,116.35382811191155,0.206014515008001,34.16451666945887,0.0,3.4335752501333507,14.695879242823557
58,220152,197616,22536,2693,10.236563828627494,1.2232457574766524,0.1140393490405635,20.473127657254988,98.77675424252335,1.9006558173427253,38.39247408086181
59,266075,201689,64386,25939,24.19844028939209,9.748755050267782,0.3192340682932634,48.39688057878418,90.2512449497322,5.320567804887723,48.030296057899655
60,219997,130939,89058,152906,40.48146111083333,69.50367505011432,0.6801487715653854,80.96292222166666,30.496324949885675,11.33581285942309,44.93481023145929
61,58047,49323,8724,75766,15.02920047547677,130.52526401019864,0.1768748859558421,30.05840095095354,0.0,2.947914765930702,12.907734810160628
62,186779,96687,90092,44262,48.234544568714895,23.697524882347587,0.9317902096455574,96.4690891374298,76.30247511765242,15.529836827425957,66.13732923849544
63,165117,89822,75295,161152,45.60099808014923,97.59867245650057,0.8382690209525506,91.20199616029846,2.4013275434994483,13.971150349209177,41.39254183193198
64,168376,134192,34184,192445,20.30218083337293,114.29479260702236,0.2547394777632049,40.60436166674585,0.0,4.245657962720082,17.515442055514367
65,177848,126155,51693,140546,29.065831496558857,79.02590976564257,0.4097578375807538,58.13166299311772,20.974090234357437,6.829297293012564,31.59368145545809
66,276902,132719,144183,136602,52.07004644242368,49.33225473272133,1.0863779865731358,100.0,50.66774526727868,18.10629977621893,60.63221351304928
67,265928,225472,40456,3748,15.213140398904969,1.4094040492163291,0.1794280442804428,30.42628079780993,98.59059595078368,2.990467404674047,42.64483132576128
68,268576,120975,147601,127659,54.95688371261765,47.53179733110926,1.2200950609630088,100.0,52.46820266889074,20.334917682716814,61.84093610548226
69,237271,129674,107597,73530,45.34772475355184,30.98988076924698,0.8297499884325308,90.69544950710367,69.01011923075302,13.829166473875512,61.12996551423004
70,133557,114509,19048,68840,14.262075368569224,51.543535718831656,0.1663450034495105,28.52415073713845,48.45646428116834,2.772416724158509,26.778324596453437
71,158451,117764,40687,51005,25.6779698455674,32.18976213466624,0.3454960768995618,51.3559396911348,67.81023786533376,5.758267948326031,42.61292762055186
72,217648,126412,91236,193075,41.919061971623904,88.7097515253988,0.7217352782963643,83.83812394324781,11.2902484746012,12.028921304939406,40.53100051116131
73,254283,154446,99837,65318,39.2621606635127,25.687128121030504,0.6464201079989123,78.5243213270254,74.3128718789695,10.773668466648536,56.93569063449557
74,281025,179582,101443,93264,36.09750022240014,33.18708299973312,0.5648840084195521,72.19500044480029,66.81291700026688,9.414733473659204,51.746295320097936
75,286458,141319,145139,112859,50.66676441223496,39.39809675414895,1.027031043242593,100.0,60.601903245851055,17.117184054043218,63.31572618996828
76,152181,61726,90455,90084,59.43908897957038,59.19530033315591,1.4654278586009135,100.0,40.804699666844094,24.423797643348564,59.5685491930578
77,209695,91270,118425,55680,56.47488018312311,26.55285056868309,1.2975238303933383,100.0,73.44714943131692,21.625397173222307,68.52176398136177
78,297426,169829,127597,125657,42.90041892773328,42.24815584380653,0.7513263341361016,85.80083785546657,57.75184415619347,12.522105568935029,55.40252005972518
79,275167,180533,94634,183734,34.39147862934146,66.77181493420359,0.5241922529399057,68.78295725868291,33.22818506579641,8.73653754899843,40.10259968791162
80,138506,68090,70416,25342,50.83967481553145,18.29668028821856,1.0341606697018653,100.0,81.70331971178143,17.236011161697753,69.68179926204375
81,208229,151154,57075,106308,27.409726791177015,51.05340754649929,0.3775950355266814,54.81945358235404,48.94659245350071,6.293250592111356,38.49973434662523
82,223155,195343,27812,196805,12.463086195693576,88.1920638121485,0.1423752066877236,24.92617239138715,11.807936187851496,2.3729201114620606,14.224725846348926
83,129045,86316,42729,110078,33.11170521910961,85.30202642489054,0.4950298901709996,66.22341043821922,14.697973575109458,8.250498169516659,33.37390569867553
84,120623,70920,49703,156256,41.20524278122746,129.5408006764879,0.7008319232938522,82.41048556245492,0.0,11.680532054897537,36.46835384145123
85,133384,95460,37924,86202,28.43219576560907,64.62694176213039,0.3972763461135554,56.86439153121814,35.373058237869614,6.621272435225924,35.34405581441592
86,280965,164049,116916,15708,41.61230046447066,5.590731941700923,0.7126895013075362,83.22460092894133,94.40926805829908,11.878158355125604,65.17606829560394
87,131906,102573,29333,133883,22.23780571012691,101.4987945961518,0.2859719419340372,44.47561142025382,0.0,4.766199032233954,19.220104277771718
88,96250,85511,10739,124249,11.157402597402598,129.08987012987012,0.125586181894727,22.3148051948052,0.0,2.0931030315787837,9.553852987395716
89,74754,60107,14647,142483,19.59360034245659,190.6025095647056,0.243682100254546,39.18720068491318,0.0,4.061368337575768,16.893290775238
90,173983,136863,37120,139752,21.335417828178617,80.32508923285609,0.2712201252347238,42.670835656357234,19.674910767143917,4.520335420578729,24.326908118859684
91,124896,68301,56595,71295,45.31370099923136,57.083493466564185,0.8286115869460183,90.62740199846272,42.916506533435815,13.810193115766973,53.26897069414592
92,259686,204563,55123,11111,21.226789276279813,4.278628805557481,0.2694671079325195,42.45357855255963,95.72137119444253,4.491118465541993,47.0451783190192
93,77504,32803,44701,8155,57.6757328654005,10.522037572254336,1.3627107276773467,100.0,89.47796242774567,22.711845461289112,73.65694236671044
94,244728,137275,107453,112561,43.907113203229706,45.99432839724102,0.7827572391185577,87.81422640645941,54.00567160275898,13.045953985309296,55.24117823900424
95,87254,56819,30435,85981,34.88092236459073,98.54104109840236,0.535648286664672,69.76184472918146,1.458958901597626,8.9274714444112,31.020666995475235
96,231785,123020,108765,147718,46.92495200293375,63.7306124209936,0.8841245325963258,93.8499040058675,36.269387579006406,14.73540887660543,52.84140053903055
97,86843,65802,21041,107512,24.228780673168824,123.80042145020325,0.3197623172547947,48.45756134633765,0.0,5.329371954246579,20.981836124809035
98,187443,152348,35095,111472,18.72302513297376,59.469812156228826,0.230360753012839,37.44605026594752,40.53018784377117,3.839345883547317,28.289280224574554
99,173121,100864,72257,103727,41.73785964729871,59.91589697379289,0.716380472715736,83.47571929459741,40.08410302620711,11.939674545262267,48.997420989279775
100,152893,82089,70804,117796,46.309510572753496,77.04473062860954,0.8625272570015471,92.619021145507,22.955269371390457,14.37545428335912,48.24682555462767
101,69855,35100,34755,174088,49.75305990981319,249.2133705532889,0.9901709401709402,99.50611981962638,0.0,16.502849002849004,44.75330262870525
102,47400,38514,8886,173714,18.746835443037973,366.48523206751054,0.2307212961520486,37.49367088607595,0.0,3.845354935867477,16.151074835190624
103,55151,40699,14452,66690,26.204420590741783,120.92255806785008,0.3550947197719846,52.40884118148357,0.0,5.918245329533076,22.73901007145335
104,44499,24094,20405,120885,45.85496303287714,271.65779006269804,0.8468913422428821,91.70992606575427,0.0,14.114855704048034,40.91842713751613
105,166071,125468,40603,12183,24.449181374231504,7.336018931661759,0.3236123951923996,48.89836274846301,92.66398106833824,5.393539919873327,48.97660139584868
106,200371,93022,107349,116336,53.57511815582095,58.06029814693743,1.1540173292339446,100.0,41.93970185306257,19.23362215389908,58.35199720208849
107,72711,34623,38088,184423,52.3827206337418,253.63837658676127,1.1000779828437743,100.0,0.0,18.33463304739624,45.50038991421887
108,232339,141289,91050,126063,39.18842725500239,54.25821751836756,0.6444238404971371,78.37685451000478,45.74178248163244,10.740397341618952,48.295395750977335
109,173629,107811,65818,133272,37.90726203571984,76.75676298314221,0.6104942909350622,75.81452407143968,23.24323701685779,10.174904848917704,40.35125218830852
110,283548,134776,148772,119121,52.46801247055173,42.01087646536036,1.1038463821451892,100.0,57.98912353463964,18.397439702419817,62.91596897111784
111,117505,49871,67634,192207,57.55840177013744,163.57346495893793,1.3561789416695074,100.0,0.0,22.602982361158457,46.78089470834754
112,90108,64686,25422,90272,28.21281129311493,100.18200381764106,0.3930062146368611,56.42562258622986,0.0,6.550103577281019,24.53528010767625
113,78467,54714,23753,91412,30.271324250959005,116.49738106465138,0.4341302043352706,60.54264850191801,0.0,7.235503405587844,26.38771042244356
114,257903,107148,150755,58871,58.45414748956003,22.826799222963672,1.4069791316683466,100.0,77.17320077703633,23.44965219447245,70.18685589145264
115,193471,123602,69869,86416,36.11342268350296,44.66612567258142,0.565274024692157,72.22684536700591,55.33387432741858,9.421233744869284,48.31727056848872
116,110271,88172,22099,107450,20.04062718212404,97.44175712562686,0.2506351222610352,40.08125436424808,2.558242874373136,4.177252037683921,18.05315021931635
117,211890,130281,81609,19830,38.51479541271414,9.358629477559113,0.6264075344831557,77.02959082542829,90.6413705224409,10.44012557471926,61.13628515931936
118,188501,82293,106208,116381,56.34346767391154,61.74025601986196,1.2906079496433476,100.0,38.25974398013804,21.510132494055792,57.93096294225815
119,250981,147725,103256,134508,41.14096286173057,53.59290145469179,0.698974445760704,82.28192572346114,46.40709854530821,11.649574096011731,50.32977208178045
120,245362,174357,71005,136967,28.93887399026745,55.822417489260765,0.4072391702082509,57.87774798053489,44.17758251073924,6.787319503470848,38.440569796476986
121,190810,107070,83740,49377,43.88658875321,25.877574550600077,0.7821051648454282,87.77317750642,74.12242544939993,13.035086080757138,61.25652446161512
122,219476,141835,77641,97888,35.37562193588365,44.600776394685525,0.5474036732823351,70.7512438717673,55.39922360531448,9.123394554705584,47.65728299671294
123,210862,89944,120918,93179,57.34461401295634,44.18956473902363,1.344369830116517,100.0,55.81043526097637,22.406163835275283,63.46497972887549
124,211836,159277,52559,45714,24.8111746823014,21.57990143318416,0.3299848691273693,49.622349364602805,78.42009856681584,5.499747818789488,45.024893661522725
125,227907,194108,33799,109616,14.830171956104902,48.09681141869272,0.1741247140766995,29.660343912209804,51.90318858130728,2.902078567944993,28.305717709659604
126,145983,114884,31099,124123,21.30316543707144,85.0256536720029,0.270699140002089,42.60633087414288,14.974346327997097,4.511652333368152,22.888331948066725
127,189661,119348,70313,82989,37.07298812091047,43.75649184597783,0.5891426752019305,74.14597624182093,56.24350815402217,9.819044586698842,49.47715631894467
128,76212,63119,13093,63208,17.17970923214192,82.93707027764657,0.2074335778450229,34.35941846428384,17.06292972235343,3.457226297417048,19.89981419164468
129,73828,48242,25586,3420,34.656227989380724,4.632388795578913,0.5303677293644542,69.31245597876145,95.36761120442108,8.839462156074235,58.98710439965318
130,136752,55001,81751,176308,59.78047853047853,128.92535392535393,1.4863547935492083,100.0,0.0,24.772579892486803,47.43177396774604
131,155294,128352,26942,185312,17.349028294718405,119.32978737105104,0.2099071303914235,34.69805658943681,0.0,3.498452173190393,14.928758287731842
132,164019,131333,32686,141564,19.92817905242685,86.30951292228339,0.2488788042609245,39.856358104853705,13.690487077716613,4.147980071015408,21.294083386561088
133,155668,68369,87299,181408,56.08024770665776,116.5351902767428,1.2768798724568151,100.0,0.0,21.281331207613587,46.38439936228408
134,158015,89847,68168,165656,43.14020820808151,104.83561687181596,0.7587120326777744,86.28041641616302,0.0,12.645200544629573,38.305726729854086
135,203817,104619,99198,197177,48.670130558294936,96.7421755790734,0.9481834083675048,97.34026111658989,3.2578244209266103,15.80305680612508,44.65436881475146
136,143746,109383,34363,36631,23.90536084482351,25.48314387878619,0.3141530219503944,47.81072168964702,74.5168561212138,5.235883699173241,43.05011062197492
137,282289,185906,96383,4014,34.143377885783714,1.4219470117503692,0.518450184501845,68.28675577156743,98.57805298824962,8.640836408364084,59.48036912761109
138,51093,38507,12586,35777,24.63351143992328,70.0232908617619,0.3268496636975095,49.26702287984656,29.976709138238107,5.447494394958493,30.334070211897604
139,96958,55321,41637,10729,42.94333628993998,11.065616039934817,0.7526436615390177,85.88667257987996,88.93438396006519,12.544061025650295,64.79820252766663
140,270785,214178,56607,130858,20.90477685248445,48.32542422955481,0.2642988542240566,41.80955370496889,51.67457577044519,4.404980903734277,33.54768848424139
141,249141,205303,43838,105510,17.595658683235598,42.34951292641516,0.2135282971997486,35.1913173664712,57.65048707358484,3.5588049533291444,32.43931455466267
142,94748,43700,51048,150262,53.87765440959176,158.5912103685566,1.168146453089245,100.0,0.0,19.46910755148741,45.84073226544622
143,220761,192594,28167,182065,12.75904711430008,82.47154162193503,0.1462506620143929,25.51809422860016,17.52845837806497,2.437511033573216,16.197028514931517
144,69592,38483,31109,139788,44.70197723876307,200.8679158523968,0.8083829223293403,89.40395447752614,0.0,13.473048705489004,39.80349640265716
145,259963,191530,68433,110627,26.324130741682477,42.55490204375238,0.3572965070746097,52.64826148336495,57.44509795624762,5.954941784576829,40.07931651559331
146,110316,46494,63822,77575,57.85380180572175,70.32071503680336,1.3726932507420313,100.0,29.67928496319664,22.87822084570052,55.767251742669146
147,46655,26835,19820,70031,42.48204908369949,150.1039545600686,0.7385876653623998,84.96409816739899,0.0,12.309794422706664,37.67857759377159
148,247501,190083,57418,87922,23.19909818546188,35.52389687314395,0.3020680439597439,46.39819637092376,64.47610312685606,5.034467399329065,39.41244970622504
149,226838,104138,122700,32097,54.09146615646409,14.149745633447658,1.1782442528183756,100.0,85.85025436655235,19.637404213639595,71.64629757405758
150,249729,220498,29231,142038,11.705088315734256,56.87685451028916,0.1325680958557447,23.410176631468516,43.12314548971084,2.209468264262412,22.963854778779385
151,164862,118865,45997,180798,27.90030449709454,109.66626633184116,0.3869684095402347,55.80060899418908,0.0,6.449473492337245,24.25508564537681
152,166141,116756,49385,22677,29.72475186738975,13.649249733659962,0.4229761211415259,59.4495037347795,86.35075026634004,7.049602019025432,51.79990717952145
153,95609,69532,26077,187733,27.27462895752492,196.3549456641111,0.3750359546683541,54.54925791504984,0.0,6.2505992444725695,23.694882939361708
154,71024,33186,37838,127813,53.27494931290831,179.95747916197342,1.1401795938046164,100.0,0.0,19.00299323007694,45.70089796902308
155,224078,184916,39162,146410,17.476949990628263,65.3388552200573,0.2117826472560514,34.95389998125653,34.6611447799427,3.5297107876008567,25.43881666276568
156,239099,188411,50688,113632,21.199586782044257,47.525083751918665,0.2690288783563592,42.399173564088514,52.474916248081335,4.483814639272654,34.0472886918416
157,251207,119990,131217,3051,52.23461129665973,1.214536219134021,1.093566130510876,100.0,98.78546378086598,18.226102175181268,75.10346978681417
158,219819,175069,44750,87235,20.357657891265085,39.68492259540804,0.2556135009624776,40.71531578253017,60.31507740459196,4.260225016041294,35.65871703920205
159,225093,156449,68644,189407,30.495839497452167,84.14610849737663,0.4387627917084801,60.99167899490433,15.85389150262337,7.312713195141335,31.346653007291145
160,227251,122993,104258,170806,45.8779059278067,75.16182547051497,0.847674257884595,91.7558118556134,24.83817452948503,14.127904298076585,48.39214839051384
161,243687,170997,72690,94476,29.829248174912895,38.76940501545015,0.4250951771083703,59.6584963498258,61.23059498454985,7.084919618472839,44.35805292083713
162,273841,126555,147286,83613,53.78522573318093,30.53341172432178,1.1638102010983369,100.0,69.46658827567822,19.39683668497228,66.65902748819515
163,262866,191818,71048,73847,27.02821970129267,28.09302077864768,0.3703927681448039,54.05643940258534,71.90697922135232,6.173212802413399,45.046633368163846
164,122750,63198,59552,28251,48.514867617107946,23.01507128309572,0.942308300895598,97.02973523421588,76.98492871690428,15.705138348259965,66.61891421323564
165,143481,83337,60144,90852,41.91774520668242,63.31988207497857,0.7216962453652039,83.83549041336484,36.68011792502143,12.028270756086732,48.14671276967839
166,72217,37194,35023,5949,48.496891313679605,8.237672570170458,0.941630370489864,96.9937826273592,91.76232742982954,15.6938395081644,71.03436313234187
167,223062,90374,132688,100235,59.48480691466946,44.93593709372282,1.4682098833735366,100.0,55.06406290627718,24.47016472289228,63.86026828875084
168,114740,96712,18028,66617,15.712044622625063,58.059090116785775,0.1864091322690048,31.42408924525013,41.94090988321423,3.106818871150081,26.083954324409344
169,265913,123261,142652,130798,53.64611733912972,49.188268343405554,1.1573165883775078,100.0,50.811731656594446,19.2886098062918,61.03010243886588
170,296801,257597,39204,5237,13.208850374493348,1.764481925599981,0.1521912134069884,26.417700748986693,98.23551807440002,2.5365202234498074,40.798691788949625
171,286319,134583,151736,176615,52.99543516148073,61.68469434442003,1.1274529472518815,100.0,38.31530565557997,18.79088245419803,57.13185643293341
172,227628,202539,25089,134415,11.021930518213928,59.050292582634825,0.1238724393820449,22.043861036427856,40.949707417365175,2.064540656367416,21.72181883669092
173,184572,127050,57522,29375,31.165073792341204,15.9151984049585,0.4527508854781582,62.33014758468241,84.0848015950415,7.545848091302637,52.42125393977621
174,180734,89257,91477,113429,50.61416224949373,62.76018900704904,1.0248719988348254,100.0,37.23981099295096,17.081199980580422,56.29630329205942
175,292764,184320,108444,69042,37.04143952125261,23.58281755953601,0.5883463541666667,74.08287904250523,76.41718244046399,9.805772569444445,55.50003811997463
176,184356,146531,37825,93468,20.517368569506825,50.69973312504068,0.2581365035385004,41.03473713901365,49.30026687495932,4.302275058975006,32.494657435785754
177,232461,102419,130042,185412,55.94142673394676,79.76047595080466,1.2697058163036157,100.0,20.23952404919534,21.16176360506026,52.42038629627668
178,215150,164892,50258,51293,23.3595166163142,23.84057634208692,0.3047934405550299,46.7190332326284,76.15942365791308,5.079890675917166,43.059407593200426
179,267053,185602,81451,191475,30.49993821451172,71.69925071053311,0.4388476417279986,60.999876429023445,28.300749289466893,7.31412736213331,35.08441356708944
180,200196,175513,24683,43919,12.329417171172253,21.938000759255928,0.1406334573507375,24.658834342344505,78.06199924074407,2.343890955845626,33.98530079591471
181,279833,233105,46728,94758,16.698530909506744,33.862339323810986,0.2004590206130284,33.39706181901349,66.13766067618901,3.340983676883808,34.202418033527245
182,262819,161700,101119,59101,38.47476780598054,22.487339195415856,0.6253494124922696,76.94953561196108,77.51266080458414,10.422490208204492,57.160359548621024
183,273828,136177,137651,104185,50.269147055816056,38.047606526724806,1.010824147983874,100.0,61.9523934732752,16.847069133064565,63.63983878190193
184,63049,39288,23761,98116,37.686561246015,155.61864581515962,0.6047902667481164,75.37312249203,0.0,10.079837779135277,33.17320033055259
185,137379,123336,14043,126131,10.222086345074574,91.81243130318316,0.1138597003308036,20.44417269014915,8.18756869681684,1.897661672180061,11.203238186758728
186,211230,149909,61321,23289,29.03044075178715,11.025422525209487,0.4090548265948008,58.0608815035743,88.97457747479051,6.817580443246681,51.96199997684087
187,150226,69913,80313,191232,53.46145141320411,127.2962070480476,1.1487563114156163,100.0,0.0,19.145938523593607,45.74378155707808
188,81975,42330,39645,16364,48.3623055809698,19.96218359255871,0.93656980864635,96.7246111619396,80.03781640744128,15.609496810772502,67.38403843023998
189,175683,97936,77747,51991,44.2541395581815,29.593643095803237,0.7938551707237379,88.508279116363,70.40635690419677,13.230919512062297,60.49449457142292
190,228751,195682,33069,162049,14.456330245550838,70.84078320969088,0.1689935712022567,28.91266049110168,29.15921679030912,2.816559520037612,21.15779708954469
191,134704,102996,31708,91007,23.539018885853427,67.56072573939898,0.3078566157909045,47.07803777170685,32.439274260601024,5.130943596515075,30.102280465817568
192,259295,164608,94687,197459,36.51709442912513,76.15225901000791,0.5752272064541213,73.03418885825026,23.84774098999209,9.587120107568689,39.24413387256834
193,189143,134932,54211,11938,28.66138318626648,6.311626652849959,0.401765333649542,57.32276637253295,93.68837334715003,6.696088894159033,53.04444522140591
194,206267,174186,32081,4000,15.553142286453964,1.939234099492405,0.1841766846933737,31.106284572907928,98.0607659005076,3.069611411556229,42.78162702278232
195,241660,197706,43954,93610,18.18836381693288,38.73624099975172,0.2223200105206721,36.37672763386576,61.26375900024828,3.705333508677868,34.04141880622415
196,291492,220287,71205,38304,24.427771602651188,13.140669383722368,0.3232374130112081,48.855543205302375,86.85933061627763,5.387290216853469,47.21620353206028
197,282855,182591,100264,82986,35.44713722578706,29.338707111417516,0.5491179740512949,70.89427445157412,70.6612928885825,9.151966234188247,52.30168751746087
198,260715,125050,135665,108940,52.035747847266165,41.785090999750686,1.0848860455817673,100.0,58.214909000249314,18.08143409302945,62.88890292798363
199,257099,141333,115766,3373,45.02779085099514,1.3119459818980237,0.8191009884457274,90.05558170199028,98.68805401810198,13.651683140762124,69.72415382845534
200,183233,100643,82590,93008,45.07375854785983,50.75941560745062,0.820623391592063,90.14751709571964,49.24058439254938,13.677056526534384,54.934299114012994
201,134297,79069,55228,88668,41.123777895262,66.02381289232075,0.698478544056457,82.24755579052399,33.97618710767925,11.641309067607615,46.58427116879565
202,154585,77139,77446,75353,50.09929812077498,48.74535045444254,1.0039798286210606,100.0,51.25464954555746,16.732997143684344,60.39629400677254
203,247869,165100,82769,57458,33.39223541467469,23.18079308021576,0.5013264688067838,66.78447082934937,76.81920691978425,8.355441146779729,52.26618275170894
204,278184,131631,146553,3267,52.68203778793892,1.174402553705461,1.113362353852816,100.0,98.82559744629454,18.556039230880263,75.21449100315245
205,122745,73150,49595,38513,40.40490447676077,31.376430811845697,0.6779904306220096,80.80980895352154,68.6235691881543,11.299840510366826,56.30094649096495
206,197164,90203,106961,131484,54.24976161976831,66.68763060193544,1.1857809607219272,100.0,33.31236939806456,19.76301601203212,55.922615623029
207,47543,26604,20939,164568,44.04223545001367,346.14559451443955,0.7870620959254248,88.08447090002734,0.0,13.117701598757078,39.16909883963807
208,100692,63824,36868,44425,36.61462678266397,44.11969173320621,0.5776510403609927,73.22925356532794,55.88030826679379,9.62751733934988,48.94404910797428
209,78756,50390,28366,166807,36.01757326425923,211.8022753821931,0.5629291526096448,72.03514652851845,0.0,9.38215254349408,31.62870437445561
210,87295,52424,34871,85999,39.94615957385875,98.5153788876797,0.6651724401037693,79.8923191477175,1.4846211123202977,11.086207335062822,35.72817619330194
211,57955,28255,29700,70640,51.24665688896558,121.88767146924336,1.0511413909042648,100.0,0.0,17.519023181737747,45.25570695452132
212,236582,129543,107039,190103,45.24393233635695,80.3539576130052,0.826281620774569,90.4878646727139,19.646042386994797,13.771360346242815,46.22036668905684
213,259798,111276,148522,163551,57.16826149546955,62.9531405168631,1.3347172795571371,100.0,37.0468594831369,22.24528799261895,57.78764424272676
214,101476,85401,16075,167280,15.841184122354054,164.84686034136152,0.1882296460228802,31.68236824470811,0.0,3.137160767048005,13.614095527997645
215,191222,147668,43554,174358,22.77666795661587,91.18093106441728,0.2949454181000623,45.55333591323174,8.819068935582735,4.915756968334372,22.34178213646783
216,152856,129592,23264,152424,15.21955304338724,99.71738106453132,0.1795172541514908,30.43910608677448,0.2826189354686761,2.9919542358581808,13.158014386107851
217,226141,202344,23797,110448,10.523080732817135,48.84032528378312,0.1176066500612817,21.04616146563427,51.15967471621688,1.9601108343546965,24.354400251425183
218,54397,30545,23852,178031,43.84800632387815,327.2809162269978,0.7808806678670813,87.6960126477563,0.0,13.014677797784689,38.982808398437925
219,171800,119237,52563,119180,30.59545983701979,69.37136204889406,0.4408279309274805,61.19091967403958,30.628637951105944,7.347132182124676,35.86909890958502
220,106234,82447,23787,178352,22.391136547621286,167.88598753694674,0.288512620228753,44.78227309524257,0.0,4.808543670479217,19.355472339240794
221,119459,64562,54897,195004,45.95467901120887,163.23927037728424,0.8502989374554691,91.90935802241772,0.0,14.17164895759115,41.01523789624444
222,244008,122069,121939,168011,49.973361529130194,68.85470968164978,0.998935028549427,99.9467230582604,31.14529031835022,16.64891714249045,54.31695146155636
223,240968,131657,109311,59163,45.36328475150228,24.55222270176953,0.8302710831934497,90.72656950300455,75.44777729823048,13.837851386557496,63.07631640663821
224,253709,153417,100292,195967,39.53032805300561,77.240854679968,0.6537215562812465,79.06065610601122,22.759145320032005,10.895359271354108,41.72061381982032
225,203379,135449,67930,191993,33.40069525368893,94.40158521774616,0.5015171762065427,66.80139050737786,5.598414782253826,8.358619603442378,30.907666518660005
226,45486,26529,18957,86900,41.67655982060414,191.0477949259113,0.7145765011873798,83.35311964120828,0.0,11.909608353122996,36.91413036242021
227,166020,77538,88482,87508,53.29598843512829,52.70931213106854,1.1411436972839124,100.0,47.29068786893146,19.01906162139854,59.892924847099
228,277027,229134,47893,60566,17.288206564703078,21.86285091344887,0.2090174308483245,34.57641312940616,78.13714908655113,3.483623847472076,38.31679713196942
229,237775,122302,115473,1062,48.5639785511513,0.4466407317842498,0.9441628100930484,97.1279571023026,99.55335926821574,15.73604683488414,73.43800467185099
230,124076,73874,50202,152617,40.46068538637609,123.0028369708888,0.6795624983079297,80.92137077275218,0.0,11.326041638465496,35.76636080064052
231,61689,35849,25840,88461,41.8875326233202,143.3983368185576,0.7208011381070601,83.7750652466404,0.0,12.013352301784336,37.114031789191465
232,166174,75817,90357,154786,54.374932299878445,93.14694236162096,1.1917775696743471,100.0,6.853057638379042,19.86295949457245,48.01480513988545
233,78102,40164,37938,102634,48.57494046247215,131.41020716498937,0.9445772333432924,97.1498809249443,0.0,15.742953889054876,43.58283853669418
234,129930,58773,71157,103150,54.76564303855922,79.38890171630878,1.210708999030167,100.0,20.61109828369122,20.178483317169448,52.2368744802582
235,243339,145471,97868,154697,40.21878942545173,63.57262913055449,0.6727663933017577,80.43757885090346,36.42737086944551,11.21277322169596,46.46707476770383
236,253945,202421,51524,175333,20.289432751186283,69.04369056291716,0.2545388077323993,40.578865502372565,30.95630943708284,4.242313462206655,26.791133070735874
237,41542,30580,10962,181415,26.387752154446105,436.7026142217515,0.3584695879659908,52.77550430889221,0.0,5.974493132766514,22.90254966338684
238,79081,59201,19880,19065,25.138781755415334,24.108192865542925,0.3358051384267158,50.27756351083067,75.89180713445708,5.596752307111929,44.55759323680297
239,295169,206159,89010,54693,30.155605771608805,18.52938486087631,0.4317541315198463,60.31121154321761,81.4706151391237,7.195902191997439,50.72443981662339
240,66962,55079,11883,13807,17.74588572623279,20.61915713389684,0.2157446576735235,35.49177145246558,79.38084286610317,3.595744294558725,39.0896847291848
241,213420,111800,101620,188926,47.6150313934964,88.52309999062881,0.9089445438282648,95.2300627869928,11.476900009371192,15.14907573047108,46.07981783674981
242,211334,121613,89721,132396,42.454597935022285,62.64775189983628,0.7377582988660751,84.90919587004457,37.35224810016372,12.29597164776792,48.85814427239732
243,131267,88415,42852,19870,32.64491456344702,15.137087005873523,0.4846688910252785,65.28982912689403,84.86291299412648,8.077814850421309,53.998150004121946
244,205650,154384,51266,26790,24.928762460491125,13.02698760029176,0.3320680899575085,49.85752492098225,86.97301239970824,5.534468165958476,47.695254138092906
245,158874,88838,70036,186201,44.08273222805494,117.20042297669852,0.7883563340012157,88.16546445610987,0.0,13.139272233353596,39.20796745245003
246,264786,121399,143387,44482,54.15203220714086,16.799226545210093,1.1811217555334064,100.0,83.20077345478991,19.68536259222344,70.865840814104
247,126188,55223,70965,140507,56.23751862300694,111.34735474054584,1.2850623834271953,100.0,0.0,21.41770639045325,46.42531191713598
248,43709,30599,13110,156542,29.993822782493307,358.1459196046581,0.4284453740318311,59.98764556498661,0.0,7.140756233863852,26.137285096153803
249,213416,128284,85132,52224,39.89016756007047,24.47051767440117,0.6636213401515387,79.78033512014095,75.52948232559883,11.060355669192312,57.88908544649372
250,79298,46402,32896,61629,41.48402229564428,77.71822744583721,0.708934959700013,82.96804459128856,22.281772554162785,11.815582661666884,43.41642440126433
251,106040,76398,29642,28016,27.95360241418333,26.42021878536401,0.3879944501164952,55.90720482836665,73.57978121463599,6.466574168608254,46.376788546319936
252,63960,26407,37553,103333,58.71325828642902,161.5587867417136,1.4220850532055895,100.0,0.0,23.70141755342649,47.110425266027946
253,282804,227942,54862,198713,19.399301282867288,70.26527206121554,0.2406840336576848,38.798602565734576,29.73472793878446,4.011400560961413,25.643279576217594
254,76395,53258,23137,34620,30.28601348255776,45.317101904574905,0.4344323857448646,60.57202696511552,54.682898095425095,7.240539762414411,42.80584214339806
255,274286,237862,36424,20559,13.279569500448437,7.495460942228186,0.1531308069384769,26.559139000896877,92.5045390577718,2.552180115641282,39.14067135238268
256,264117,199042,65075,192714,24.638701787465404,72.96539033837277,0.3269410476180907,49.27740357493081,27.03460966162723,5.449017460301511,29.45604956655095
257,247611,120776,126835,91362,51.223491686556734,36.89739147291517,1.0501672517718752,100.0,63.102608527084826,17.502787529531254,64.18161881698482
258,201426,94413,107013,114065,53.12769950254685,56.62873710444531,1.133456197769375,100.0,43.37126289555469,18.890936629489584,58.67865985751328
259,111726,62330,49396,52528,44.21173227359791,47.015018885487706,0.792491577089684,88.42346454719582,52.98498111451229,13.208192951494732,55.22733803868044
260,78413,34695,43718,150159,55.75351025977835,191.4975833088901,1.2600662919729066,100.0,0.0,21.001104866215112,46.30033145986453
261,212502,109504,102998,138186,48.4691908782035,65.02809385323432,0.9405866452367035,96.938381756407,34.97190614676568,15.676444087278393,53.96985777277602
262,118859,81664,37195,142047,31.29338123322593,119.50882978991916,0.4554638518808777,62.58676246645185,0.0,7.591064198014628,27.31202424598513
263,51023,41856,9167,125899,17.96640730650883,246.74950512513965,0.2190128058103975,35.93281461301766,0.0,3.650213430173293,15.468189874259052
264,63959,26250,37709,119156,58.95808252161541,186.3005988211198,1.4365333333333334,100.0,0.0,23.942222222222224,47.18266666666667
265,200775,89647,111128,46427,55.349520607645374,23.123894907234465,1.2396176112976451,100.0,76.87610509276553,20.66029352162742,69.26091958431789
266,292579,178560,114019,102023,38.970329381124415,34.87024017444861,0.6385472670250896,77.94065876224883,65.12975982555139,10.64245445041816,53.9079277876904
267,124665,90117,34548,162993,27.71266995548069,130.7447960534232,0.3833682878924065,55.42533991096138,0.0,6.389471464873441,24.086977403846586
268,73307,56677,16630,127016,22.68541885495246,173.26585455686362,0.2934170827672601,45.37083770990492,0.0,4.890284712787668,19.61542049779827
269,44835,38093,6742,178677,15.037359205977474,398.5212445633992,0.1769878980390098,30.074718411954947,0.0,2.949798300650164,12.914826854977028
270,161790,102804,58986,78752,36.4583719636566,48.675443476111006,0.5737714485817672,72.91674392731319,51.324556523888994,9.562857476362788,47.432921771000814
271,95284,73660,21624,97007,22.69426136602158,101.80827840980646,0.2935650285093674,45.38852273204316,0.0,4.892750475156124,19.623234235364095
272,122844,76669,46175,165421,37.58832340203836,134.65940542476636,0.6022642789132505,75.17664680407673,0.0,10.037737981887508,33.081980116196945
273,162402,110405,51997,136785,32.0174628391276,84.22617948054827,0.4709659888592002,64.03492567825519,15.773820519451732,7.849433147653337,32.7009463714336
274,96178,43275,52903,50990,55.0053026679698,53.01628230988376,1.2224841132293471,100.0,46.98371769011624,20.37473522048912,60.20753587318161
275,246744,164242,82502,58141,33.43627403300587,23.563288266381356,0.5023197476893851,66.87254806601175,76.43671173361865,8.371995794823086,52.191631484937226
276,194865,134516,60349,168964,30.96964565211813,86.70823390552434,0.4486380802283743,61.93929130423626,13.291766094475662,7.477301337139572,31.006436751179077
277,41015,18599,22416,139487,54.653175667438745,340.0877727660612,1.205226087424055,100.0,0.0,20.087101457067583,46.02613043712027
278,282926,225986,56940,128778,20.125403815838773,45.5164954793833,0.2519625109520059,40.250807631677546,54.4835045206167,4.199375182533432,33.70518696361606
279,102292,64749,37543,135230,36.70179486176827,132.19997653775465,0.5798236266197161,73.40358972353654,0.0,9.6637271103286,32.2605540225132
280,233752,113809,119943,6970,51.31207433519286,2.981792669153633,1.0538973191926824,100.0,97.01820733084637,17.564955319878038,74.37494879521732
281,112474,66157,46317,46540,41.1801838647154,41.37845190888561,0.7001073204649546,82.3603677294308,58.62154809111439,11.668455341082575,54.03114812143141
282,191456,94599,96857,75880,50.58969162627445,39.63312719371553,1.0238691740927497,100.0,60.36687280628447,17.06448623487916,63.22940771234909
283,145570,66930,78640,131456,54.0221199422958,90.3043209452497,1.174958912296429,100.0,9.6956790547503,19.582648538273816,48.78349827790724
284,40404,24336,16068,178998,39.76833976833976,443.02049302049295,0.6602564102564102,79.53667953667953,0.0,11.004273504273504,35.11595386595386
285,200261,92867,107394,149456,53.62701674315019,74.63060705778959,1.156428009949713,100.0,25.36939294221041,19.27380016582855,53.39295793241168
286,231172,190610,40562,140932,17.546242624539303,60.96413060405239,0.2128010072923771,35.09248524907861,39.03586939594761,3.546683454872952,26.81175995487761
287,275365,190788,84577,50612,30.71450620086068,18.379968405570786,0.4433035620688932,61.42901240172135,81.62003159442921,7.388392701148221,51.27413224936176
288,63574,48953,14621,10916,22.99839557051625,17.170541416302264,0.298674238555349,45.9967911410325,82.82945858369774,4.977903975922484,44.74092522429907
289,44809,38485,6324,144528,14.11323618023165,322.54234640362426,0.164323762504872,28.2264723604633,0.0,2.7387293750812,12.11220775670968
290,284820,235216,49604,38765,17.41591180394635,13.610350396741802,0.2108870144888102,34.8318236078927,86.38964960325819,3.514783574813505,40.90405939657859
291,205888,127461,78427,53932,38.09206947466584,26.19482437053155,0.6153019354939943,76.18413894933167,73.80517562946845,10.255032258233236,55.69171794604317
292,188172,132359,55813,21949,29.660629636715345,11.664328380417915,0.4216789186983884,59.32125927343069,88.33567161958209,7.0279819783064745,52.33759978873885
293,241152,134204,106948,176615,44.34879246284501,73.23804073779193,0.7969062024976901,88.69758492569002,26.761959262208062,13.28177004162817,47.49215276142689
294,148319,95514,52805,138311,35.602316628348355,93.25238169081508,0.5528508909688632,71.20463325669671,6.747618309184929,9.21418151614772,33.27039325027848
295,164454,80270,84184,189089,51.189998419010784,114.97987279117564,1.0487604335368133,100.0,0.0,17.479340558946888,45.24380216768407
296,101877,83875,18002,49922,17.67032794448207,49.00222817711554,0.214628912071535,35.34065588896414,50.99777182288446,3.577148534525584,30.508738462808672
297,134074,85678,48396,37131,36.09648403120665,27.69440756597103,0.5648591236956978,72.1929680624133,72.30559243402897,9.41431872826163,53.393160573652494
298,214016,159569,54447,106884,25.44062126196172,49.942060406698566,0.3412128922284403,50.88124252392344,50.05793959330144,5.686881537140673,37.07594334870201
299,165917,90651,75266,37626,45.363645678260816,22.67760386217205,0.8302831739307895,90.72729135652165,77.32239613782795,13.838052898846492,63.63905125361099
300,213880,174016,39864,184943,18.638488872264823,86.47045072002993,0.2290823832291283,37.276977744529646,13.52954927997007,3.818039720485473,20.11506779794852
301,59198,43437,15761,15254,26.62421027737423,25.767762424406232,0.3628473421276791,53.24842055474846,74.23223757559377,6.047455702127986,45.38327620521592
302,84238,34947,49291,39764,58.51397231653173,47.20434958094922,1.410450110166824,100.0,52.79565041905078,23.50750183611373,62.89094567654935
303,117709,84524,33185,53682,28.19240669787357,45.6056886049495,0.3926103828498414,56.38481339574714,54.3943113950505,6.543506380830691,40.835270691063215
304,99494,55578,43916,65215,44.13934508613585,65.54666613062095,0.7901687718161863,88.2786901722717,34.45333386937905,13.16947953026977,49.59832008880333
305,118587,87083,31504,6949,26.566149746599542,5.859832865322505,0.3617698058174385,53.132299493199085,94.1401671346775,6.0294967636239765,51.30381896677007
306,278897,166951,111946,138013,40.13883261562513,49.48529385400345,0.6705320722846824,80.27766523125025,50.51470614599655,11.17553453807804,50.61813829772248
307,65934,49759,16175,192958,24.5321078654412,292.653259319926,0.3250668220824373,49.0642157308824,0.0,5.417780368040623,21.251020402765143
308,115745,64013,51732,94456,44.694803231241096,81.60698086310424,0.8081483448674488,89.38960646248219,18.39301913689576,13.469139081124146,45.31449005039885
309,93413,69068,24345,42318,26.061683063385185,45.30204575380301,0.3524787166270921,52.12336612677037,54.69795424619699,5.874645277118202,39.02112630770271
310,290875,186740,104135,183401,35.80060163300387,63.05148259561667,0.5576469958230695,71.60120326600774,36.94851740438333,9.29411659705116,42.51327150683344
311,293490,160484,133006,103196,45.31875021295445,35.161675014480906,0.8287804391715062,90.6375004259089,64.8383249855191,13.813007319525102,59.85039986187682
312,210883,139832,71051,19963,33.692142088266955,9.466386574546076,0.5081168831168831,67.38428417653391,90.53361342545392,8.468614718614718,56.65438211383415
313,95123,74981,20142,73477,21.17468961239658,77.244199615235,0.2686280524399514,42.34937922479316,22.755800384765,4.477134207332525,25.10963206754652
314,54388,27324,27064,69836,49.760976686033686,128.40332426270498,0.990484555701947,99.52195337206736,0.0,16.508075928365784,44.76120412733669
315,144573,94415,50158,143087,34.69389166718543,98.97214555968266,0.5312503309855425,69.38778333437087,1.0278544403173413,8.854172183092375,30.71972132077126
316,85002,40254,44748,148216,52.64346721253618,174.36766193736617,1.1116410791474138,100.0,0.0,18.527351319123564,45.55820539573707
317,195286,158833,36453,137162,18.666468666468667,70.23647368474954,0.2295052035786014,37.33293733293733,29.76352631525046,3.825086726310024,25.00975884564308
318,182709,95498,87211,24071,47.73218615393878,13.174501529754965,0.9132233135772476,95.46437230787755,86.82549847024504,15.220388559620796,68.79951503211078
319,98243,84712,13531,125827,13.772991459951346,128.07731848579542,0.159729436207385,27.54598291990269,0.0,2.662157270123084,11.817040348998002
320,148215,100526,47689,101570,32.17555578045407,68.52882636710184,0.474394683962358,64.35111156090814,31.47117363289816,7.906578066039301,37.55377013404449
321,204506,151526,52980,115359,25.906330376614868,56.4086139281977,0.3496429655636656,51.812660753229736,43.5913860718023,5.827382759394427,35.550694950650914
322,115697,75010,40687,121465,35.16685825907327,104.9854360960094,0.542421010531929,70.33371651814655,0.0,9.04035017553215,30.845591659918263
323,182386,96908,85478,57108,46.866535808669525,31.311613830008884,0.8820530812729599,93.73307161733904,68.68838616999112,14.700884687882663,62.51000990429776
324,258116,190751,67365,111195,26.098730803204763,43.07946814610485,0.3531567331232864,52.197461606409526,56.92053185389515,5.885945552054773,39.72092786434879
325,143081,93900,49181,23061,34.37283776322503,16.117443965306364,0.5237593184238551,68.74567552645006,83.88255603469364,8.729321973730919,55.28183361310739
326,119252,87449,31803,130560,26.668735115553616,109.4824405460705,0.3636748276138092,53.33747023110723,0.0,6.06124712689682,23.15336223051194
327,144680,74779,69901,149849,48.31421067182748,103.57271219242466,0.9347677823988018,96.62842134365496,0.0,15.579463039980029,43.325207449456
328,264301,157465,106836,108464,40.42209450588533,41.03805887983776,0.6784745816530657,80.84418901177067,58.96194112016224,11.30790969421776,53.41863084902226
329,299149,211524,87625,112428,29.29142333753414,37.58260933514737,0.4142555927459768,58.58284667506828,62.41739066485263,6.904259879099614,44.229633833212986
330,252890,124780,128110,23321,50.658389022895335,9.221796037802998,1.0266869690655551,100.0,90.778203962197,17.111449484425922,72.36689603398688
331,181560,95198,86362,136312,47.56664463538225,75.07821105970478,0.9071829240110086,95.1332892707645,24.92178894029521,15.11971540018348,50.065767010449406
332,214293,96195,118098,186717,55.110526242107774,87.13163752432416,1.2276937470762517,100.0,12.868362475675838,20.461562451270854,49.99897747808401
333,281770,231539,50231,183868,17.826951059374668,65.25464030947226,0.216944013751463,35.653902118749336,34.745359690527735,3.615733562524384,25.76988882341537
334,175504,134492,41012,190471,23.36812836174674,108.52801075758958,0.3049400707848794,46.73625672349348,0.0,5.082334513081324,20.21920304332179
335,167600,146754,20846,50428,12.437947494033413,30.088305489260144,0.1420472355097646,24.875894988066825,69.91169451073986,2.367453925162744,31.634102525997516
336,258803,229167,29636,131374,11.45118101413044,50.76216272608895,0.1293205391701248,22.90236202826088,49.23783727391105,2.155342319502081,24.57889868932829
337,253630,101507,152123,111317,59.97831486811497,43.889524109923904,1.4986454136167948,100.0,56.110475890076096,24.977423560279917,64.3263698351068
338,179789,100614,79175,73686,44.03773312049124,40.984709854329246,0.7869183215059534,88.07546624098248,59.015290145670754,13.115305358432558,56.86936514762399
339,107661,87311,20350,147820,18.901923630655485,137.3013440335869,0.2330748702912576,37.80384726131097,0.0,3.884581171520961,16.28691325598068
340,145113,62666,82447,146106,56.81572291938007,100.68429430857331,1.3156576133788658,100.0,0.0,21.927626889647765,46.57828806689433
341,282999,249397,33602,136194,11.873540189187947,48.1252583931392,0.1347329759379623,23.74708037837589,51.8747416068608,2.245549598966039,25.73491951309841
342,58030,40514,17516,84717,30.18438738583492,145.9882819231432,0.4323443747840252,60.36877477166984,0.0,7.205739579733754,26.30923178258806
343,226730,129330,97400,67067,42.95858510122172,29.580117320160543,0.7531121936132374,85.91717020244344,70.41988267983946,12.551869893553958,59.25839385299541
344,277548,229052,48496,105977,17.473013676913542,38.183305230086326,0.2117248485060161,34.946027353827084,61.81669476991368,3.528747475100268,33.58204361503501
345,128869,91197,37672,34674,29.232786783477792,26.906393314140715,0.4130837637202978,58.465573566955584,73.09360668585929,6.884729395338297,47.37973025114151
346,206926,129041,77885,73688,37.639059373882446,35.61079806307569,0.6035678582776017,75.27811874776489,64.38920193692431,10.059464304626696,52.44584737157125
347,209590,94103,115487,1062,55.10138842502028,0.5067035641013408,1.2272403642816914,100.0,99.49329643589866,20.454006071361523,75.98419075217805
348,287736,165542,122194,95462,42.46740067283899,33.1769399727528,0.7381450024767129,84.93480134567798,66.82306002724721,12.302416707945214,57.71156355882893
349,177301,127713,49588,47915,27.9682573702348,27.02466427149311,0.3882768394760126,55.9365147404696,72.97533572850689,6.471280657933544,46.208590812119965
350,44632,24140,20492,134668,45.91324610145187,301.7297006632013,0.8488815244407623,91.82649220290374,0.0,14.148025407346038,40.975004503365305
351,149779,66079,83700,108099,55.88233330440182,72.17233390528712,1.2666656577732711,100.0,27.82766609471288,21.11109429622119,54.68162811728022
352,47561,27282,20279,82152,42.63787557032022,172.7297575744833,0.7433106077267062,85.27575114064044,0.0,12.388510128778435,37.8268534948897
353,165036,92748,72288,137443,43.80135243219661,83.28061756222884,0.7794022512614828,87.60270486439322,16.71938243777116,12.990037521024714,43.95390793339605
354,289966,142055,147911,12910,51.009773559658726,4.452246125407807,1.0412234697828306,100.0,95.5477538745922,17.35372449638051,73.8704435112918
355,113479,57590,55889,81264,49.25052212303598,71.61148758801188,0.9704636221566244,98.50104424607196,28.38851241198812,16.174393702610406,52.76928953280834
356,63275,32048,31227,100776,49.351244567364674,159.2666930067167,0.9743821767348976,98.70248913472936,0.0,16.239702945581627,44.35290653756623
357,231076,155411,75665,185625,32.74463812771556,80.33071370458205,0.4868702987562013,65.48927625543112,19.669286295417947,8.114504979270022,34.53084788457884
358,88447,69907,18540,126394,20.961705880357727,142.9036598188746,0.2652094926116126,41.92341176071545,0.0,4.420158210193543,18.095412167344247
359,115703,56835,58868,17260,50.878542475130295,14.91750429980208,1.035770212017243,100.0,85.08249570019792,17.26283686695405,70.7035997701456
360,152581,64844,87737,159096,57.50191701456932,104.26986322019124,1.353047313552526,100.0,0.0,22.55078855920877,46.76523656776263
361,229728,119176,110552,116421,48.12299763198217,50.67775804429586,0.9276364368664832,96.24599526396436,49.322241955704136,15.460607281108055,57.9332528766294
362,41605,22264,19341,72303,46.4872010575652,173.78440091335176,0.8687118217750629,92.9744021151304,0.0,14.478530362917716,41.53331995492748
363,198211,156433,41778,187210,21.07753858262155,94.44985394352484,0.2670664118184782,42.1550771652431,5.550146056475171,4.451106863641303,19.86240674213218
364,289277,191835,97442,144990,33.68466901965936,50.12150983313571,0.5079469335626972,67.36933803931872,49.87849016686429,8.465782226044952,44.451016933600265
365,256727,130136,126591,124040,49.30957787844675,48.31591534976843,0.9727592672281306,98.6191557568935,51.68408465023157,16.212654453802173,59.81668403396753
366,184118,98465,85653,4324,46.520709544965726,2.34849390065067,0.869882699436348,93.04141908993144,97.65150609934932,14.498044990605798,70.86143296295911
367,116323,55640,60683,169182,52.16767105387584,145.44157217403264,1.0906362329259525,100.0,0.0,18.177270548765875,45.45318116462976
368,56389,46428,9961,41427,17.66479277873344,73.46645622373158,0.2145472559662272,35.32958555746688,26.533543776268417,3.5757875994371213,23.16463363569841
369,250651,129006,121645,122883,48.53162365201016,49.025537500349095,0.9429406384199184,97.06324730402032,50.974462499650905,15.71567730699864,58.832340863602994
370,258958,210724,48234,131189,18.6261864858394,50.66033874218985,0.2288965661244091,37.2523729716788,49.33966125781015,3.814942768740153,30.84733039663661
371,165808,79557,86251,53441,52.01859982630512,32.23065232075653,1.0841409304021017,100.0,67.76934767924347,18.06901550670169,65.75150895578355
372,40846,27292,13554,79239,33.18317583117074,193.99451598687756,0.4966290488055108,66.36635166234149,0.0,8.27715081342518,29.02968590896415
373,284761,160418,124343,88236,43.66574074399233,30.9859847380786,0.7751187522597215,87.33148148798466,69.0140152619214,12.918645870995356,59.5123909350689
374,137579,61500,76079,161177,55.29841036786137,117.15232702665377,1.2370569105691056,100.0,0.0,20.61761517615176,46.18528455284553
375,82101,59226,22875,189139,27.8620236050718,230.3735642684011,0.3862323979333401,55.7240472101436,0.0,6.437206632222335,24.220780873724145
376,220448,133766,86682,168048,39.32083756713601,76.23022209319204,0.6480122004096707,78.64167513427202,23.76977790680796,10.80020334016118,41.827664427799554
377,275659,237797,37862,67584,13.73508573999035,24.5172477590066,0.1592198387700433,27.4701714799807,75.48275224099339,2.653663979500722,34.42899345814052
378,144537,100347,44190,1828,30.573486373731296,1.264728062710586,0.4403719094741248,61.14697274746259,98.7352719372894,7.3395318245687475,56.28123022754249
379,41917,37384,4533,32254,10.814228117470238,76.94730061788772,0.1212550823881874,21.62845623494048,23.05269938211228,2.0209180398031243,16.173467720550814
380,145292,105478,39814,20128,27.402747570409936,13.853481265313988,0.3774625988357762,54.80549514081987,86.14651873468601,6.291043313929603,49.65346667091263
381,163781,124895,38886,65545,23.742680774937263,40.01990462874204,0.3113495336082309,47.485361549874526,59.98009537125796,5.189158893470515,38.54492089936835
382,122180,71294,50886,140937,41.64838762481585,115.35193976100835,0.7137487025556147,83.2967752496317,0.0,11.895811709260244,36.88745361263075
383,173291,109125,64166,116748,37.02788950378266,67.37106947273661,0.5880045819014891,74.05577900756532,32.62893052726339,9.800076365024818,42.3510136707126
384,45287,19733,25554,8512,56.42678914478769,18.795680879722656,1.2949880910150509,100.0,81.20431912027735,21.583134850250847,70.83623619115846
385,172414,132041,40373,108872,23.41631190042572,63.14568422517893,0.3057610893586083,46.83262380085144,36.85431577482107,5.096018155976805,31.318149699579937
386,190288,169185,21103,79767,11.09003195156815,41.919091061969226,0.1247332801371279,22.1800639031363,58.08090893803077,2.0788880022854666,26.91996464334939
387,137829,81745,56084,167330,40.69100116811411,121.4040586523881,0.6860847758272677,81.38200233622823,0.0,11.434746263787794,35.98322481362763
388,264861,148022,116839,106288,44.113327367940165,40.12972842358823,0.7893353690667604,88.22665473588033,59.870271576411774,13.155589484446006,57.19842021260947
389,123524,80446,43078,12219,34.87419448852045,9.892004792590914,0.5354896452278547,69.7483889770409,90.10799520740908,8.924827420464245,57.60920237917837
390,40235,26255,13980,127309,34.745868025351065,316.4135702746365,0.5324700057131975,69.49173605070213,0.0,8.874500095219958,30.459044448846843
391,107444,51544,55900,101834,52.02710249059975,94.77867540300063,1.0845103212789071,100.0,5.221324596999367,18.07517202131512,46.988948985494346
392,241864,162186,79678,84555,32.94330698243641,34.95972943472365,0.4912754491756378,65.88661396487282,65.04027056527636,8.187924152927298,48.32310400141022
393,113698,97191,16507,136487,14.51828528206301,120.04344843356962,0.1698408288833328,29.03657056412602,0.0,2.8306804813888804,12.463832370067072
394,207231,126817,80414,137023,38.804039936109945,66.12089890026105,0.6340947980160389,77.60807987221989,33.879101099738946,10.568246633600648,44.37743626888984
395,127388,58962,68426,172904,53.71463560146953,135.73021006688228,1.1605101590855127,100.0,0.0,19.341835984758543,45.80255079542757
396,98596,69961,28635,88861,29.042760355389667,90.12637429510325,0.4092994668458141,58.085520710779335,9.873625704896751,6.821657780763568,28.242793330009828
397,295266,204846,90420,15524,30.623234642661195,5.257632101223981,0.4414047626021499,61.24646928532239,94.74236789877602,7.356746043369165,55.12832189677252
398,190354,100071,90283,131149,47.42900070395159,68.8974226966599,0.9021894454936996,94.85800140790316,31.102577303340095,15.036490758228323,51.7849209816318
399,276953,236282,40671,20611,14.685163186533456,7.442056955512307,0.1721290661159123,29.370326373066916,92.5579430444877,2.868817768598539,40.37615879315264
400,188056,89282,98774,43303,52.52371633981368,23.02665163568299,1.1063148226966242,100.0,76.97334836431702,18.43858037827707,68.62357862277823
401,230279,167157,63122,160359,27.411096973671068,69.63683184311205,0.3776210389035457,54.822193947342136,30.36316815688795,6.293683981725764,32.92593322052097
402,264781,145623,119158,143026,45.00247374245131,54.01671570089999,0.818263598470022,90.00494748490262,45.98328429910001,13.637726641167031,53.88828227604117
403,113340,51901,61439,102974,54.20769366507853,90.85406740779956,1.1837729523515923,100.0,9.145932592200452,19.729549205859875,48.662644539418096
404,189646,85042,104604,150168,55.15750398110163,79.18332050240974,1.2300275158157146,100.0,20.816679497590258,20.50045859692857,52.39514142835565
405,107728,77107,30621,11246,28.4243650675776,10.43925441853557,0.3971234777646646,56.8487301351552,89.56074558146443,6.618724629411078,51.59333311732473
406,216630,105033,111597,127796,51.515025619720255,58.99275261967409,1.0624946445402874,100.0,41.00724738032591,17.708244075671455,57.61464743679921
407,207527,175273,32254,135090,15.542074043377488,65.09514424629084,0.1840214978918601,31.084148086754976,34.90485575370916,3.0670249648643355,23.82522345027404
408,51302,22490,28812,41157,56.16155315582239,80.22494249736852,1.2811027123165852,100.0,19.775057502631483,21.35171187194309,52.33803081237237
409,94917,65168,29749,96646,31.3421199574365,101.82159149572784,0.4564970537687208,62.684239914873,0.0,7.608284229478681,27.356181234792803
410,123122,73767,49355,187891,40.08625590877341,152.60554571888045,0.6690661135738203,80.17251181754682,0.0,11.151101892897003,35.41433529488783
411,120910,103258,17652,71324,14.599288727152429,58.98933090728641,0.1709504348331364,29.198577454304854,41.01066909271359,2.8491739138856067,24.837383883701705
412,45408,27609,17799,131994,39.19793868921776,290.6844608879493,0.6446810822557861,78.39587737843551,0.0,10.744684704263102,34.58175636265314
413,138723,106845,31878,10789,22.97960684241258,7.777369289879832,0.2983574336655903,45.95921368482516,92.22263071012016,4.972623894426506,47.54226185529407
414,137720,121744,15976,44028,11.600348533255882,31.96921289573047,0.1312261795242476,23.200697066511765,68.03078710426954,2.187102992070793,30.3456458555068
415,104484,73947,30537,2336,29.226484437808654,2.2357490142031318,0.4129579293277617,58.45296887561732,97.76425098579686,6.882632155462696,54.7752524926248
416,143677,125249,18428,19029,12.825991634012404,13.244291013871392,0.1471309152168879,25.651983268024807,86.75570898612861,2.4521819202814656,37.02316057913295
417,99201,71945,27256,102916,27.475529480549596,103.74492192619029,0.3788449510042393,54.95105896109919,0.0,6.314082516737322,23.874648339460872
418,283322,159525,123797,125733,43.69480661579404,44.37812806629912,0.7760351042156401,87.38961323158809,55.62187193370088,12.933918403594005,55.5225823938237
419,226252,114210,112042,160558,49.52088821314287,70.96423457030214,0.9810174240434288,99.04177642628574,29.03576542969786,16.350290400723814,53.2325273196408
420,111907,51121,60786,64435,54.31831788896137,57.57906118473375,1.189061246845719,100.0,42.420938815266254,19.817687447428646,58.67158787880848
421,80631,68248,12383,20103,15.357616797509642,24.93209807642222,0.181441214394561,30.715233595019285,75.06790192357778,3.0240202399093503,35.713670087053856
422,104772,56290,48482,84291,46.27381361432444,80.45183827740236,0.8612897495114585,92.54762722864888,19.54816172259764,14.35482915852431,47.18994815579613
423,141195,60234,80961,20609,57.33984914479975,14.596125925138992,1.344107978882359,100.0,85.40387407486101,22.401799648039315,72.34170211687011
424,285146,189741,95405,124714,33.45829855582754,43.7368926795396,0.5028169979076741,66.91659711165508,56.2631073204604,8.380283298461235,46.15965603033852
425,170330,139447,30883,77834,18.13127458462984,45.69600187870604,0.2214676543776488,36.26254916925967,54.30399812129396,3.6911275729608137,31.903557375980306
426,166205,80635,85570,76325,51.4846123762823,45.92220450648296,1.0612017114156385,100.0,54.07779549351704,17.68669519026064,61.529347205133305
427,280773,167627,113146,131886,40.29803435515523,46.97246530115075,0.6749867264820106,80.59606871031046,53.02753469884925,11.249778774700175,51.521621526189016
428,155033,138090,16943,90474,10.928640999013114,58.35789799591055,0.122695343616482,21.857281998026227,41.64210200408945,2.0449223936080334,21.84902011851974
429,173515,145399,28116,73319,16.203786416159986,42.25513644353514,0.1933713436818685,32.40757283231997,57.74486355646486,3.2228557280311416,31.253344918276788
430,165885,83722,82163,146400,49.53009615094794,88.25391084184827,0.98137884904804,99.06019230189588,11.746089158151731,16.356314150800667,48.05479791344408
431,228014,182956,45058,27306,19.76106730288491,11.97558044681467,0.2462777935678523,39.52213460576982,88.02441955318533,4.104629892797539,43.44756867610278
432,256523,142524,113999,37219,44.44006970135232,14.509030379342205,0.7998582694844377,88.88013940270463,85.4909696206578,13.330971158073964,65.19863799470137
433,251951,212719,39232,195716,15.571281717476811,77.6801838452715,0.1844311039446405,31.142563434953622,22.3198161547285,3.0738517324106764,20.0751257401232
434,100279,78838,21441,126,21.381346044535743,0.1256494380677908,0.2719627590755727,42.76269208907149,99.8743505619322,4.532712651259545,48.42719579958612
435,92329,64563,27766,196382,30.07289150754368,212.6980688624376,0.4300605610024317,60.14578301508735,0.0,7.167676016707196,26.208616011047106
436,149945,115154,34791,175399,23.20250758611491,116.97555770449164,0.3021258488632614,46.40501517222982,0.0,5.03543081438769,20.072635313208234
437,239976,99787,140189,178954,58.41792512584591,74.57162382904957,1.4048823995109585,100.0,25.42837617095043,23.41470665851597,54.65292484883992
438,184790,108476,76314,76589,41.29768926889984,41.446506845608525,0.7035104539252922,82.59537853779968,58.55349315439148,11.725174232088204,54.12175163106377
439,62116,28322,33794,132717,54.404662244832245,213.65992658896255,1.1932066944424828,100.0,0.0,19.886778240708047,45.966033472212416
440,218595,106694,111901,100158,51.19101534801802,45.81898030604543,1.0488031192007048,100.0,54.181019693954575,17.48005198667841,61.49832150418989
441,224245,127128,97117,170354,43.308434970679386,75.96780307253226,0.7639308413567428,86.61686994135877,24.032196927467737,12.732180689279046,45.67606126156754
442,159719,127261,32458,68244,20.32194040784127,42.72754024255098,0.2550506439521927,40.64388081568254,57.27245975744902,4.250844065869879,34.714543473268684
443,182766,129370,53396,57545,29.215499600582167,31.48561548646904,0.4127386565664373,58.43099920116433,68.51438451353096,6.878977609440621,45.9904083173572
444,289267,154930,134337,97945,46.44048577957388,33.85972129555048,0.8670819079584329,92.88097155914777,66.14027870444951,14.451365132640548,61.32988177478613
445,53224,29259,23965,156222,45.02667969337141,293.51796182173456,0.8190642195563758,90.05335938674283,0.0,13.651070325939596,40.11666485247901
446,103731,91180,12551,139649,12.099565221582749,134.6261002014827,0.1376508006141697,24.19913044316549,0.0,2.294180010236163,10.367906180337048
447,48070,27894,20176,57761,41.97212398585396,120.16018306636155,0.7233096723309672,83.94424797170792,0.0,12.05516120551612,37.194247550338005
448,292250,153268,138982,137855,47.55585970915312,47.17023096663816,0.9067907195239712,95.11171941830624,52.82976903336184,15.113178658732853,58.4275720749509
449,282602,154954,127648,127738,45.16882399983015,45.20067090820306,0.8237799605044077,90.33764799966028,54.79932909179694,13.729666008406795,56.69375772992524
450,250098,215932,34166,67526,13.661044870410798,26.999816072099737,0.158225737732249,27.3220897408216,73.00018392790027,2.637095628870817,33.62001976335996
451,241907,142527,99380,19956,41.081903376090814,8.249451235392113,0.6972713941919777,82.16380675218163,91.75054876460788,11.621189903199628,63.87704430121491
452,258967,149826,109141,121008,42.14475203404295,46.72718917854398,0.728451670604568,84.28950406808589,53.27281082145602,12.1408611767428,53.339903226694
453,208220,177558,30662,4757,14.725770819325712,2.284602823936221,0.1726872345937665,29.451541638651424,97.71539717606376,2.878120576562776,41.95867198124853
454,59097,34033,25064,147313,42.41162833984804,249.2732287594971,0.7364616695560191,84.82325667969609,0.0,12.274361159266984,37.61161101965853
455,143892,85252,58640,70480,40.75278681233147,48.98118032969172,0.6878431004551213,81.50557362466294,51.01881967030828,11.464051674252024,51.34709085323327
456,86163,54281,31882,180912,37.00196139874424,209.96483409352044,0.5873510067979588,74.00392279748849,0.0,9.789183446632649,32.53832415298519
457,273619,162300,111319,155989,40.68394373197768,57.00956439428548,0.6858841651263093,81.36788746395536,42.99043560571452,11.431402752105155,48.87370649292805
458,136731,76258,60473,62823,44.22771719653919,45.94642034359436,0.793005324031577,88.45543439307838,54.053579656405645,13.216755400526283,55.56327427431093
459,292464,118744,173720,173021,59.3987636085125,59.15975983368893,1.4629791821060432,100.0,40.84024016631107,24.382986368434054,59.56696796042354
460,132374,55431,76943,24442,58.125462704156405,18.46435100548446,1.3880860890115638,100.0,81.53564899451554,23.13476815019273,71.40112514341247
461,204791,139982,64809,93501,31.646410242637614,45.65679155822278,0.4629809546941749,63.29282048527524,54.34320844177722,7.716349244902916,43.93499550011413
462,42079,19548,22531,59676,53.54452339646855,141.81895957603555,1.152598731328013,100.0,0.0,19.209978855466883,45.76299365664006
463,199024,166053,32971,173532,16.56634375753678,87.19149449312646,0.1985570871950522,33.13268751507356,12.808505506873544,3.309284786584203,18.08841209406675
464,130397,59469,70928,93607,54.39388942997155,71.78616072455655,1.1926886276883757,100.0,28.213839275443448,19.878143794806256,54.427594921074906
465,260178,122520,137658,164608,52.90916218896295,63.26745535748602,1.1235553379040155,100.0,36.73254464251398,18.725922298400263,56.63754008227427
466,104077,79888,24189,179374,23.24144623692074,172.34739663902687,0.3027864009613459,46.48289247384148,0.0,5.046440016022432,20.10708899434332
467,297009,256520,40489,119771,13.632246834271012,40.32571403560162,0.1578395446748791,27.264493668542027,59.67428596439838,2.6306590779146526,29.59728098011072
468,78000,57937,20063,11485,25.721794871794877,14.724358974358974,0.3462899356197249,51.44358974358975,85.27564102564102,5.771498926995414,47.89157788322683
469,78565,56948,21617,119614,27.51479666518169,152.24845669191117,0.3795919084076701,55.02959333036339,0.0,6.326531806794502,23.90979687418371
470,105155,94549,10606,129948,10.086063430174503,123.57757595929816,0.1121746396048609,20.172126860349007,0.0,1.8695773267476827,8.629723942163908
471,52342,28974,23368,48770,44.64483588705056,93.17565243972336,0.8065161869262097,89.28967177410111,6.8243475602766495,13.44193644877016,41.79575391235449
472,118623,85090,33533,131026,28.268548257926373,110.45581379664988,0.3940886120578211,56.537096515852745,0.0,6.568143534297019,24.585281666630205
473,115629,101708,13921,183675,12.039367286753324,158.84855875256207,0.1368722224407126,24.078734573506647,0.0,2.28120370734521,10.315854941606222
474,166944,148751,18193,105947,10.89766628330458,63.4625982365344,0.1223050601340495,21.79533256660916,36.5374017634656,2.0384176689008253,20.29087885635359
475,66399,46405,19994,109575,30.111899275591497,165.02507567885058,0.4308587436698631,60.223798551183,0.0,7.180979061164386,26.243813138822517
476,286592,225540,61052,186178,21.302757927646272,64.96273447967843,0.2706925600780349,42.60551585529255,35.03726552032157,4.511542667967249,28.906848798603665
477,283671,144146,139525,76218,49.18550010399371,26.86844971815941,0.96794222524385,98.37100020798742,73.13155028184059,16.132370420730833,66.1275762939664
478,103230,90440,12790,74055,12.389809164002711,71.73786689915723,0.1414197257850508,24.779618328005427,28.26213310084277,2.356995429750848,19.09758589038026
479,227445,122458,104987,199908,46.15929125722702,87.89289718393458,0.8573306766401542,92.31858251445404,12.10710281606542,14.288844610669235,44.846217233802015
480,112258,84889,27369,155232,24.380445046232783,138.28145878244757,0.3224092638622201,48.76089009246557,0.0,5.3734877310370015,21.11640235629733
481,125595,86060,39535,64929,31.47816393964728,51.69712170070465,0.4593887985126655,62.95632787929456,48.30287829929535,7.656479975211093,41.97033863406976
482,113506,80313,33193,87127,29.2433880147305,76.75981886420101,0.4132954814289094,58.486776029461,23.24018113579899,6.8882580238151565,32.433242159668644
483,202893,156196,46697,191607,23.015579640500164,94.4374621105706,0.2989641220005634,46.03115928100033,5.562537889429407,4.9827353666760565,21.57604568923177
484,153453,73556,79897,119235,52.06610493115156,77.70131571230279,1.0862064277557235,100.0,22.298684287697213,18.10344046259539,52.120637425087786
485,94771,79032,15739,127157,16.60740099819565,134.17290099291978,0.1991471808887539,33.2148019963913,0.0,3.3191196814792314,14.28165670300029
486,161300,130878,30422,148399,18.86050836949783,92.0018598884067,0.232445483580128,37.72101673899566,7.998140111593301,3.874091393002135,18.650076146976897
487,87057,40972,46085,4425,52.9365817797535,5.082876735931631,1.1247925412476814,100.0,94.91712326406837,18.746542354128024,74.09909968545891
488,294726,133922,160804,2198,54.56050704722352,0.7457774339556063,1.200728782425591,100.0,99.2542225660444,20.01214637375985,75.77991068194127
489,231572,146022,85550,151151,36.94315374915793,65.27170815124454,0.5858706222350056,73.88630749831586,34.72829184875546,9.764510370583428,42.90236366512801
490,207292,124790,82502,144931,39.799895799162535,69.91634988325647,0.6611266928439778,79.59979159832507,30.083650116743527,11.018778214066298,44.17064513857297
491,221532,120031,101501,118865,45.81775996244335,53.65590524168066,0.8456232140030492,91.6355199248867,46.34409475831934,14.093720233384152,54.78555246746573
492,179777,114790,64987,23236,36.148673078313685,12.92490140563031,0.5661381653454134,72.29734615662737,87.07509859436969,9.435636089090222,57.87215886768893
493,127955,71160,56795,103145,44.38669844867336,80.61037083349615,0.7981309724564362,88.77339689734673,19.38962916650385,13.302182874273935,45.31690237117203
494,186430,151490,34940,116243,18.74161883816982,62.352089256021024,0.2306422866195788,37.48323767633964,37.647910743978976,3.8440381103263146,27.440879726827447
495,54596,22642,31954,132351,58.52809729650525,242.418858524434,1.4112710891264022,100.0,0.0,23.52118481877337,47.05635544563201
496,234269,205203,29066,130273,12.40710465319782,55.60829644553911,0.1416451026544446,24.81420930639564,44.39170355446089,2.3607517109074108,23.951420302168746
497,233588,100518,133070,120674,56.967823689573095,51.66104423172423,1.323842495871386,100.0,48.338955768275774,22.064041597856438,61.12089920983966
498,160307,81893,78414,161047,48.91489454608969,100.46161427760484,0.9575177365586802,97.82978909217938,0.0,15.95862894264467,43.91950431966515
499,216720,134973,81747,19063,37.720099667774086,8.796142488002953,0.6056544642261785,75.44019933554817,91.20385751199704,10.09424107043631,60.56550930894928
500,107642,67613,40029,168671,37.18715742925624,156.69627097229707,0.5920311182760711,74.37431485851248,0.0,9.867185304601184,32.709881534785346
501,222992,117725,105267,35954,47.206626246681495,16.12344837482959,0.8941771076661712,94.413252493363,83.8765516251704,14.902951794436186,67.39915202322719
502,67856,29715,38141,35367,56.20873614713511,52.12066729544919,1.283560491334343,100.0,47.87933270455081,21.392674855572384,60.78160226803696
503,273409,208971,64438,60774,23.568353638687828,22.22823681736885,0.3083585760703638,47.136707277375656,77.77176318263115,5.13930960117273,43.72800474609143
504,63752,47761,15991,148757,25.08313464675618,233.33699334922824,0.3348129226774984,50.16626929351236,0.0,5.580215377958306,21.74057233079244
505,170282,119805,50477,116739,29.643180136479486,68.55627723423497,0.4213263219398189,59.28636027295897,31.44372276576503,7.0221053656636485,35.25429254861219
506,95961,79785,16176,126678,16.856848094538407,132.00987901334918,0.202744876856552,33.71369618907681,0.0,3.379081280942533,14.499202859913488
507,114532,62270,52262,56133,45.63091537736179,49.01075681905493,0.8392805524329533,91.26183075472358,50.98924318094507,13.988009207215889,55.99790801833772
508,268497,168666,99831,169315,37.181421021463926,63.060294900874126,0.591885738678809,74.36284204292785,36.939705099125874,9.864762311313484,43.78647704030295
509,228456,123035,105421,157729,46.14499072031376,69.04130335819589,0.8568374852684195,92.28998144062751,30.95869664180411,14.280624754473658,50.48778899513434
510,211024,106589,104435,121829,49.48963151110774,57.732295852604445,0.9797915357119402,98.97926302221548,42.26770414739556,16.32985892853234,57.170974131664565
511,168377,145761,22616,1622,13.431763245573922,0.963314466940259,0.1551581012753754,26.863526491147844,99.03668553305974,2.585968354589591,41.23220676275393
512,88756,76311,12445,16725,14.021587272973097,18.843796475731217,0.1630826486351902,28.043174545946197,81.15620352426879,2.718044143919837,36.37954411883507
513,232468,144213,88255,81182,37.964364987869295,34.92179568800867,0.6119767288663297,75.92872997573859,65.07820431199133,10.199612147772164,52.95483692822448
514,253637,130856,122781,4263,48.40815811573233,1.6807484712403946,0.9382909457724522,96.81631623146464,98.3192515287596,15.63818242954087,72.913756680076
515,294561,165748,128813,74182,43.730500643330245,25.18391776236501,0.7771617153751478,87.46100128666049,74.81608223763499,12.952695256252465,61.31503376283043
516,264137,141391,122746,101332,46.47058155426919,38.36342504079322,0.8681316349696939,92.94116310853838,61.636574959206776,14.468860582828231,60.00809590602586
517,129563,81198,48365,167469,37.32933013283113,129.25680942861774,0.5956427498214242,74.65866026566226,0.0,9.927379163690404,32.841677855372026
518,168575,106139,62436,192192,37.037520391517134,114.00978792822184,0.5882474867861954,74.07504078303427,0.0,9.804124779769923,32.57125374714469
519,190322,97300,93022,11555,48.87611521526676,6.071289709019451,0.956032887975334,97.75223043053352,93.92871029098056,15.933881466255569,72.05966969938424
520,258482,182009,76473,53276,29.585425677610043,20.611106382649467,0.4201605415116834,59.17085135522009,79.38889361735053,7.002675691861391,49.58581133485161
521,97492,63059,34433,155834,35.31879538833956,159.84285890124318,0.5460441808465089,70.63759077667912,0.0,9.100736347441812,30.985257214904195
522,51046,38135,12911,159841,25.292873094855626,313.131293343259,0.3385603776058739,50.58574618971125,0.0,5.642672960097897,21.92710036391387
523,224374,112899,111475,199319,49.68267268043535,88.8333764161623,0.9873869564832284,99.36534536087068,11.166623583837705,16.456449274720473,48.03306000191573
524,44853,39733,5120,59129,11.415066996633447,131.82841727420686,0.1288601414441396,22.83013399326689,0.0,2.147669024068993,9.776354304527455
525,277091,224966,52125,198370,18.811509576276386,71.59019960951456,0.2317016793648818,37.62301915255277,28.409800390485444,3.861694656081364,24.73065617499115
526,203059,97073,105986,143184,52.19468233370597,70.51349607749472,1.0918174981714792,100.0,29.48650392250528,18.196958302857983,54.30503866760898
527,161789,88773,73016,176492,45.13038587295799,109.08776245603842,0.8225023374224145,90.26077174591596,0.0,13.708372290373577,40.216820385478464
528,78890,32037,46853,178376,59.39029027760172,226.1072379262264,1.462465274526329,100.0,0.0,24.37442124210548,47.312326372631645
529,203993,83121,120872,100424,59.25301358379944,49.22914021559564,1.4541692231806644,100.0,50.770859784404365,24.23615371967774,62.50210405122464
530,55048,24362,30686,168976,55.7440778956547,306.9611975003633,1.2595845989656025,100.0,0.0,20.993076649426705,46.29792299482801
531,94912,71972,22940,131132,24.16975724881996,138.1616655428186,0.3187350636358584,48.33951449763992,0.0,5.31225106059764,20.92948111723526
532,245738,181854,63884,55337,25.99679333273649,22.518698776745964,0.3512927953193221,51.99358666547298,77.48130122325404,5.854879921988702,45.798289009762016
533,150616,73596,77020,24354,51.13666542731185,16.16959685557975,1.0465242676232405,100.0,83.83040314442025,17.442071127054007,70.38174228144227
534,85186,62219,22967,165092,26.961002981710607,193.8017984175804,0.3691316157443867,53.92200596342121,0.0,6.152193595739779,23.414460464090418
535,126123,91580,34543,20581,27.388343125361757,16.31819731531917,0.3771893426512339,54.77668625072351,83.68180268468083,6.286489044187231,48.90116201894982
536,128929,74622,54307,51474,42.12163283667756,39.92429942061134,0.7277612500335022,84.24326567335511,60.07570057938866,12.129354167225037,55.35882269332616
537,131748,59659,72089,166844,54.71733916264383,126.63873455384524,1.2083507936773998,100.0,0.0,20.13917989462333,46.041753968387
538,192592,126517,66075,36408,34.30827864085736,18.90421201296004,0.5222618304259506,68.61655728171472,81.09578798703996,8.70436384043251,54.38666846092763
539,134006,110736,23270,151563,17.36489410921899,113.10165216482844,0.2101394307181043,34.72978821843798,0.0,3.5023238453017385,14.942612440965714
540,172413,113588,58825,90327,34.118656945821954,52.38990099354457,0.5178804099024544,68.23731389164391,47.61009900645543,8.631340165040907,44.16735730810647
541,171410,139995,31415,143326,18.32740213523132,83.61589172160318,0.2244008714596949,36.65480427046264,16.384108278396823,3.740014524328249,20.69915854900258
542,222932,100516,122416,132822,54.9118116735148,59.57960274882027,1.217875761072864,100.0,40.42039725117973,20.297929351214403,58.21549798071824
543,225828,158288,67540,105423,29.90771737782737,46.682873691482015,0.4266905893055696,59.81543475565475,53.31712630851799,7.111509821759493,42.054764741345146
544,98053,44540,53513,146968,54.57558667251384,149.88628598819008,1.2014593623709025,100.0,0.0,20.024322706181707,46.00729681185451
545,226833,153285,73548,77454,32.42385367208475,34.145825342873394,0.4798121146883257,64.8477073441695,65.8541746571266,7.996868578138762,48.09439590824742
546,297594,209637,87957,122732,29.55603943627896,41.24142287814942,0.4195681105911647,59.11207887255792,58.75857712185058,6.992801843186079,43.37024523853416
547,283225,150931,132294,29711,46.70985965221996,10.49024627063289,0.8765197341831698,93.41971930443992,89.5097537293671,14.608662236386165,68.60341251150196
548,110342,85496,24846,143254,22.517264504902936,129.82726432364828,0.290610087021615,45.03452900980587,0.0,4.843501450360251,19.466862039030424
549,127833,107409,20424,19541,15.977095116284527,15.28635015997434,0.1901516632684411,31.954190232569054,84.71364984002565,3.169194387807353,39.14652936137752
550,134457,98595,35862,168270,26.67172404560566,125.14781677413598,0.3637304122927126,53.34344809121132,0.0,6.062173538211877,23.156031297948093
551,179892,96026,83866,142194,46.62019433882551,79.04409312254019,0.8733676296003166,93.24038867765104,20.95590687745981,14.556127160005277,47.94976568229993
552,120559,56230,64329,41786,53.35893628845627,34.66020786502874,1.1440334341099057,100.0,65.33979213497126,19.067223901831763,65.3221048110409
553,266006,142464,123542,185309,46.44331330872236,69.66346623760367,0.8671804806828391,92.88662661744472,30.33653376239633,14.453008011380652,50.59151317911098
554,91571,62138,29433,19426,32.142272116718175,21.2141398477684,0.4736715053590395,64.28454423343635,78.7858601522316,7.894525089317327,51.71793326583922
555,77265,48756,28509,66150,36.897689768976896,85.6144437973209,0.5847280334728033,73.79537953795379,14.385556202679098,9.745467224546722,36.75745884334927
556,127312,75001,52311,74910,41.08882116375519,58.83970089229609,0.6974707003906615,82.17764232751037,41.16029910770391,11.624511673177691,48.70650016526863
557,92375,72385,19990,96443,21.64005412719892,104.40378890392424,0.2761621882986806,43.28010825439784,0.0,4.602703138311345,18.69285424325254
558,228204,170226,57978,134055,25.406215491402428,58.74349266445812,0.3405942687956011,50.812430982804855,41.25650733554188,5.676571146593352,34.40489593776252
559,268313,130835,137478,172070,51.23791989206635,64.1303254035399,1.050773875492032,100.0,35.8696745964601,17.5128979248672,56.01477175639819
560,227918,185238,42680,6640,18.726033046973036,2.9133284777858703,0.2304062881266262,37.45206609394607,97.08667152221412,3.8401048021104383,45.258859334875794
561,84547,49135,35412,115608,41.88439566158468,136.7381456468,0.7207082527729725,83.76879132316935,0.0,12.011804212882875,37.1110577931326
562,47564,34545,13019,79273,27.37154150197628,166.66596585653016,0.3768707482993197,54.74308300395256,0.0,6.281179138321995,23.781586943077627
563,114859,61172,53687,110017,46.74165716225981,95.78439652095176,0.8776400967763028,93.48331432451964,4.215603479048227,14.627334946271716,43.04620725740383
564,245110,150437,94673,197153,38.6246991146832,80.43449879645873,0.6293199146486569,77.2493982293664,19.565501203541277,10.48866524414428,39.91600922605223
565,165341,95566,69775,27788,42.2006640821091,16.806478731833,0.7301236841554528,84.4013281642182,83.193521268167,12.168728069257549,62.36920606691464
566,266577,175976,90601,96122,33.98680306252977,36.05787446028727,0.5148486157203255,67.97360612505955,63.94212553971273,8.580810262005425,48.94632319053926
567,79974,48360,31614,45084,39.53034736289294,56.37332132943207,0.6537220843672457,79.06069472578588,43.626678670567934,10.895368072787427,47.98089191332096
568,200701,131464,69237,61916,34.49758596120597,30.849871201438955,0.5266612913040832,68.99517192241194,69.15012879856104,8.777688188401388,50.9764138650535
569,298365,193318,105047,193259,35.20754780218859,64.77267776046118,0.543389648144508,70.41509560437719,35.22732223953882,9.0564941357418,41.45118315433506
570,52984,21464,31520,85431,59.489657255020376,161.23924203533142,1.468505404398062,100.0,0.0,24.475090073301036,47.34252702199031
571,123691,108082,15609,141688,12.619349831434784,114.54996725711652,0.1444181269776651,25.238699662869568,0.0,2.406968782961085,10.817570500036153
572,142665,107138,35527,24574,24.9023937195528,17.22496758139698,0.3316003658832533,49.8047874391056,82.77503241860302,5.526672764720889,46.41242653063941
573,174502,82476,92026,141888,52.73635832254071,81.31024286254599,1.1157912604878997,100.0,18.68975713745401,18.59652100813166,51.185883443675706
574,72733,49237,23496,2050,32.304456024088104,2.818528040916778,0.4772021041086987,64.60891204817621,97.18147195908324,7.953368401811646,57.384016927538944
575,149996,93931,56065,24951,37.37766340435745,16.63444358516227,0.5968743013488624,74.7553268087149,83.36555641483773,9.94790502248104,57.89616915468159
576,72413,63766,8647,186691,11.94122602295168,257.81420463176505,0.135605181444657,23.88245204590336,0.0,2.2600863574109504,10.23100672558463
577,203985,122194,81791,188847,40.0965757286075,92.57886609309509,0.6693536507520828,80.193151457215,7.421133906904913,11.15589417920138,37.65036900871789
578,261888,234727,27161,166472,10.371227394916913,63.5661045943304,0.1157131476140367,20.742454789833825,36.4338954056696,1.9285524602339452,19.80571627570459
579,175566,150914,24652,122744,14.041443104017862,69.91330895503685,0.1633513126681421,28.082886208035724,30.086691044963143,2.7225218778023685,21.075918360043943
580,129431,60927,68504,43001,52.92704220781729,33.223107292688766,1.124361941339636,100.0,66.77689270731123,18.73936568899393,65.65487751889155
581,107364,87973,19391,168645,18.060988785812743,157.077791438471,0.2204199015607061,36.12197757162549,0.0,3.673665026011769,15.550890536453728
582,171878,125389,46489,128301,27.047673349701533,74.64655162382621,0.3707582004801059,54.095346699403066,25.353448376173787,6.179303341335099,31.09796419501389
583,166295,96275,70020,34636,42.10589614841096,20.82804654379266,0.7272916125681641,84.21179229682191,79.17195345620735,12.121526876136068,61.0727610184318
584,251169,148747,102422,24262,40.778121503848006,9.65963156281229,0.6885651475323872,81.55624300769601,90.3403684371877,11.476085792206453,63.16743347189664
585,120435,103016,17419,128583,14.46340349566156,106.76547515257194,0.1690902384095674,28.92680699132312,0.0,2.8181706401594573,12.416173988577087
586,228051,172690,55361,169269,24.27571025779321,74.22418669508136,0.3205802304707858,48.55142051558642,25.775813304918643,5.343003841179764,28.75621335006409
587,81844,69069,12775,165229,15.60896339377352,201.88285030057185,0.1849599675686632,31.21792678754704,0.0,3.082666126144387,13.411970552862131
588,117129,86893,30236,61665,25.814273151824057,52.64708142304638,0.3479681907633526,51.62854630364812,47.35291857695362,5.799469846055877,36.5971350483621
589,286584,231586,54998,158448,19.19088295229322,55.28850180051922,0.2374841311650963,38.38176590458644,44.71149819948078,3.958068852751605,29.95357647750429
590,280121,230581,49540,182020,17.68521460368912,64.97906261936805,0.2148485781569166,35.37042920737824,35.02093738063195,3.580809635948611,25.72869578792546
591,113781,52726,61055,66262,53.66010142290892,58.23643666341481,1.1579676061146305,100.0,41.76356333658519,19.29946010191051,58.318907031548704
592,288496,161998,126498,76898,43.84740169707725,26.65478897454384,0.7808614921171866,87.6948033941545,73.34521102545617,13.01435820195311,60.98579212588458
593,233555,111719,121836,30448,52.165870993984285,13.03675793710261,1.090557559591475,100.0,86.9632420628974,18.175959326524584,71.54176041682659
594,66172,34125,32047,156497,48.429849483165086,236.50033246690444,0.9391062271062272,96.85969896633016,0.0,15.651770451770451,43.43941072206321
595,197757,103680,94077,159903,47.57202020661721,80.85832612752014,0.9073784722222222,95.14404041323442,19.141673872479856,15.122974537037038,48.33701068814885
596,47906,40422,7484,7287,15.622260259675198,15.211038283304806,0.1851467022908317,31.244520519350395,84.7889617166952,3.085778371513862,38.86023023420288
597,73660,39686,33974,60504,46.12272603855552,82.13956014118925,0.8560701506828604,92.24545207711104,17.86043985881075,14.26783584471434,46.536663541901945
598,230792,195295,35497,34701,15.38051578910881,15.035616485840064,0.1817609257789497,30.76103157821762,84.96438351415993,3.0293487629824964,38.702532314429774
599,123300,93961,29339,148746,23.79480940794809,120.63746958637468,0.3122465703855855,47.58961881589619,0.0,5.204109506426425,20.597080378286403
600,123560,95431,28129,154946,22.765458077047587,125.40142440919392,0.2947574687470528,45.53091615409517,0.0,4.912624479117548,19.686153805373333
601,83642,65740,17902,65160,21.40312283302647,77.90344563735923,0.2723151810161241,42.80624566605294,22.096554362640774,4.538586350268735,25.11304048029403
602,57602,28056,29546,88801,51.29335786951842,154.1630498941009,1.0531080695751354,100.0,0.0,17.55180115958559,45.26554034787568
603,65931,55213,10718,29192,16.25638925543371,44.2765921948704,0.1941209497763208,32.51277851086742,55.7234078051296,3.23534916293868,30.69273849476745
604,86542,77136,9406,64772,10.86871114603314,74.84458413255992,0.1219404687824102,21.73742229206628,25.155415867440084,2.0323411463735046,16.85129602097059
605,229834,142039,87795,81121,38.19930906654368,35.295474124803114,0.618104886686051,76.39861813308735,64.70452587519688,10.301748111434184,53.06132944922426
606,65559,30356,35203,152826,53.69667017495691,233.11215851370525,1.1596718935301094,100.0,0.0,19.32786489216849,45.79835946765055
607,175044,140848,34196,112217,19.535659605584883,64.10788144695047,0.2427865500397591,39.071319211169765,35.89211855304953,4.046442500662653,27.61009600058156
608,81873,61874,19999,106532,24.42685622854909,130.11859831690543,0.3232213853961276,48.85371245709818,0.0,5.38702308993546,21.157591909819917
609,166267,76409,89858,134092,54.04439846752512,80.6485953316052,1.176013296862935,100.0,19.351404668394807,19.600221614382253,51.68548788483312
610,81755,53122,28633,86988,35.02293437710232,106.40083175340958,0.5390045555513723,70.04586875420463,0.0,8.98340925918954,30.71337027943872
611,85648,72260,13388,125991,15.631421632729312,147.10325985428733,0.1852753944090783,31.262843265458624,0.0,3.087923240151305,13.43151427822884
612,180588,74631,105957,84082,58.67333377633065,46.56012581123884,1.419745146118905,100.0,53.43987418876116,23.66241910198175,63.13068798722287
613,190201,77671,112530,11303,59.16372679428604,5.942660658987071,1.4488032856535902,100.0,94.05733934101292,24.14672142755984,75.46121823057183
614,201633,152372,49261,99616,24.43102071585504,49.4046113483408,0.3232943060404799,48.86204143171008,50.5953886516592,5.388238434007998,36.33990469838419
615,164165,72980,91185,19623,55.54472634239942,11.953217799165474,1.249451904631406,100.0,88.04678220083453,20.82419841052343,72.66129418340739
616,238747,208490,30257,196154,12.673248250239794,82.15977582964393,0.1451244664012662,25.34649650047959,17.840224170356066,2.418741106687771,16.216288183304986
617,254696,207106,47590,164202,18.685020573546502,64.46979929013412,0.2297857135959363,37.370041147093005,35.53020070986588,3.8297618932656063,26.75600523977665
618,222828,186755,36073,157364,16.188719550505322,70.62128637334627,0.1931568097239699,32.377439101010644,29.37871362665373,3.219280162066165,22.73037377702023
619,151785,129988,21797,133541,14.360444049148466,87.98036696643278,0.1676847093577868,28.72088809829693,12.019633033567215,2.7947451559631147,15.932668696177872
620,93947,60112,33835,194692,36.01498717361917,207.2359947630047,0.5628659834974714,72.02997434723834,0.0,9.381099724957858,31.62631965638269
621,88874,44566,44308,68344,49.85485068749016,76.89988073002228,0.994210833370731,99.70970137498033,23.100119269977725,16.57018055617885,51.7849704978391
622,89138,48368,40770,105865,45.73806906145527,118.76528528798045,0.8429126695335759,91.47613812291054,0.0,14.048544492226265,40.80501859683209
623,42719,28787,13932,167581,32.61312296636157,392.2868044663967,0.4839684579845069,65.22624593272315,0.0,8.06614096640845,28.5103406630118
624,82534,69779,12755,92241,15.454237041704024,111.76121356047204,0.1827913842273463,30.90847408340805,0.0,3.0465230704557724,13.277346554499951
625,189859,124788,65071,189004,34.27332915479382,99.54966580462344,0.5214523832419784,68.54665830958764,0.4503341953765698,8.690873054032973,30.161025498657924
626,132124,85911,46213,75713,34.97699131119252,57.30450183161273,0.5379171468147269,69.95398262238504,42.69549816838727,8.965285780245448,43.47982823354383
627,258335,199090,59245,191533,22.93340042967465,74.14132812046374,0.2975789843789241,45.8668008593493,25.85867187953626,4.959649739648735,27.592216829495214
628,115418,47303,68115,128232,59.01592472577934,111.10225441438944,1.439972094793142,100.0,0.0,23.999534913219037,47.19986047396571
629,205904,114327,91577,144059,44.475580853213145,69.96415805423887,0.8010093853595389,88.95116170642629,30.03584194576113,13.350156422658982,48.59626419309655
630,208383,114928,93455,63852,44.84770830633977,30.641655029440983,0.8131612835862453,89.69541661267954,69.35834497055902,13.552688059770754,60.75147655417075
631,298722,251567,47155,76242,15.785579903723193,25.522726816237167,0.1874450941498686,31.571159807446385,74.47727318376283,3.1240849024978106,35.90887134885674
632,218589,116692,101897,173279,46.61579493936108,79.27160104122348,0.873213245123916,93.23158987872216,20.728398958776523,14.5535540853986,47.8772218647414
633,184353,134987,49366,1435,26.777974863441333,0.7783979647741018,0.3657092905242727,53.555949726882666,99.2216020352259,6.095154842071212,53.01740695394219
634,269947,199335,70612,157732,26.157727257572784,58.43072899495086,0.3542378408207289,52.31545451514557,41.56927100504914,5.903964013678815,35.168152311676614
635,176156,152659,23497,144579,13.33874520311542,82.07441131724154,0.1539182098664343,26.67749040623084,17.92558868275846,2.5653034977739058,16.818263816652046
636,243667,181273,62394,176611,25.606257720577677,72.48047540290644,0.3441990809442112,51.21251544115535,27.519524597093564,5.736651349070187,30.461858960311265
637,155953,69872,86081,181264,55.19675799760184,116.22988977448334,1.231981337302496,100.0,0.0,20.533022288374934,46.15990668651248
638,251467,224383,27084,63888,10.77039929692564,25.406116905995617,0.1207043314333082,21.54079859385128,74.59388309400438,2.011738857221804,31.59800602290837
639,113609,54520,59089,20953,52.01084421128608,18.443081093927415,1.0838041085840058,100.0,81.55691890607258,18.063401809733428,69.8860962147418
640,247991,213878,34113,67889,13.755741135767025,27.37559024319431,0.1594974705205771,27.51148227153405,72.62440975680569,2.6582911753429523,33.58940318825822
641,194893,115524,79369,115374,40.72439748990472,59.19863720092564,0.6870347287143796,81.44879497980943,40.80136279907436,11.450578811906327,48.25510047521798
642,64860,47139,17721,77475,27.32192414431082,119.44958371877892,0.3759307579711067,54.64384828862164,0.0,6.265512632851779,23.737193105304197
643,261946,192044,69902,152499,26.68565276812778,58.21772426377956,0.3639895024056987,53.37130553625556,41.78227573622044,6.066491706761646,35.703152447396846
644,140732,83375,57357,57372,40.756189068584256,40.76684762527357,0.6879400299850075,81.51237813716851,59.23315237472643,11.465667166416791,53.814597117210376
645,163786,109578,54208,7813,33.096845884263615,4.770248983429597,0.4946978408074614,66.19369176852723,95.2297510165704,8.24496401345769,57.519891216419325
646,71598,56209,15389,27082,21.493617140143577,37.8250789128188,0.2737817787187105,42.987234280287154,62.1749210871812,4.5630296453118415,37.21627893186277
647,69241,58374,10867,175641,15.694458485579354,253.66618044222355,0.1861616473087333,31.388916971158707,0.0,3.102694121812222,13.48637502500715
648,51745,33723,18022,123395,34.8284858440429,238.4674847811383,0.5344127153574711,69.6569716880858,0.0,8.906878589291185,30.53485225202168
649,185360,163330,22030,137612,11.884980578334051,74.24039706517048,0.1348803036796669,23.769961156668103,25.75960293482952,2.2480050613277824,17.91026686151443
650,137768,123985,13783,41846,10.004500319377504,30.37425236629696,0.1111666733879098,20.00900063875501,69.62574763370304,1.852777889798497,29.447157912552463
651,272220,184820,87400,148554,32.10638454191463,54.57130262287856,0.4728925440969592,64.21276908382926,45.42869737712144,7.881542401615986,41.67817956715293
652,63411,43571,19840,191617,31.28794688618694,302.18258661746387,0.4553487411351587,62.57589377237388,0.0,7.589145685585978,27.307101214625348
653,283374,192146,91228,52307,32.193496933381326,18.4586447592228,0.4747847990590488,64.38699386676265,81.54135524077721,7.913079984317481,52.59112811423347
654,174165,146924,27241,22042,15.64091522406913,12.655814888180746,0.1854087827720454,31.28183044813826,87.34418511181926,3.0901463795340907,39.643031626661305
655,92930,81585,11345,97883,12.208113633918002,105.32981814268804,0.1390574247717104,24.416227267836003,0.0,2.3176237461951747,10.461778030992956
656,73756,45837,27919,159674,37.853191604750805,216.48950593849992,0.6090930907345594,75.70638320950161,0.0,10.151551512242657,33.32801873747344
657,224403,138662,85741,99986,38.20849097382833,44.55644532381474,0.618345328929339,76.41698194765667,55.44355467618526,10.30575548215565,50.29158582656494
658,234488,125991,108497,128386,46.269745146873184,54.7516290812323,0.8611488122167457,92.53949029374635,45.2483709187677,14.352480203612428,54.89605145421258
659,45626,25674,19952,12857,43.729452505150576,28.17910840310349,0.777128612604191,87.45890501030115,71.8208915968965,12.952143543403183,60.41547254621037
660,281531,245664,35867,179362,12.73998245308687,63.70950268354106,0.1460002279536277,25.47996490617374,36.29049731645894,2.433337132560462,21.80913629717532
661,66431,46012,20419,82711,30.73715584591531,124.50663094037422,0.4437755368164826,61.47431169183062,0.0,7.396258946941376,26.80860236081466
662,285259,140488,144771,169230,50.750721274350674,59.32503444238394,1.0304865896019588,100.0,40.67496555761606,17.174776493365982,57.35492261529461
663,194091,96275,97816,85530,50.39697873677811,44.06695828245514,1.016006232147494,100.0,55.93304171754486,16.933437202458236,61.85994367600093
664,270983,129956,141027,170413,52.042748069067066,62.88697076938406,1.0851903721259504,100.0,37.11302923061594,18.086506202099173,56.55986062981454
665,155672,68044,87628,167516,56.29014851739556,107.60830464052624,1.2878137675621657,100.0,0.0,21.46356279270276,46.43906883781083
666,239988,104706,135282,82970,56.3703185159258,34.572561961431404,1.2920176494183715,100.0,65.4274380385686,21.53362749030619,66.08831965866244
667,283373,198902,84471,161779,29.80912084072936,57.09047792132631,0.424686529044454,59.61824168145872,42.90952207867369,7.078108817407568,38.843585941407866
668,210182,145860,64322,82879,30.603001208476467,39.432016062269845,0.440984505690388,61.20600241695293,60.56798393773016,7.3497417615064675,44.85771867655216
669,209899,89614,120285,44859,57.30613294965674,21.37170734496115,1.3422567902336688,100.0,78.62829265503885,22.37094650389448,70.29977174768
670,224697,141976,82721,146323,36.81446570270186,65.12013956572629,0.5826407280103679,73.62893140540372,34.87986043427371,9.7106788001728,42.82873433249544
671,162413,65491,96922,68760,59.67625744244612,42.33651247129232,1.4799285397993618,100.0,57.66348752870768,24.6654756633227,64.69868895760912
672,87837,46670,41167,28541,46.86749319762743,32.49314070380363,0.8820869937861582,93.73498639525484,67.50685929619637,14.70144989643597,62.15648731589164
673,119083,98660,20423,34531,17.150222953738147,28.99742196619165,0.2070038516115953,34.300445907476295,71.00257803380835,3.4500641935265897,36.055971031191
674,48712,25281,23431,65455,48.101083921826245,134.3714074560683,0.9268225149321624,96.20216784365248,0.0,15.447041915536042,43.11497971212181
675,114744,102148,12596,129749,10.977480303981036,113.07693648469636,0.1233112738379606,21.95496060796207,0.0,2.055187897299344,9.398540612374632
676,45109,34543,10566,54615,23.423263650269348,121.07339998669887,0.3058796282893785,46.846527300538696,0.0,5.097993804822975,20.26800906166237
677,122503,106739,15764,160831,12.86825628760112,131.2873970433377,0.1476873495161094,25.73651257520224,0.0,2.46145582526849,11.033041777661444
678,125708,110395,15313,102471,12.181404524771692,81.51509848219683,0.1387109923456678,24.362809049543387,18.484901517803166,2.311849872427797,15.984149036886643
679,297812,202433,95379,126446,32.02658052731253,42.4583294158731,0.471163298474063,64.05316105462506,57.5416705841269,7.852721641234384,45.239582089458416
680,233118,199908,33210,157215,14.246004169562196,67.44009471598075,0.16612641815235,28.492008339124396,32.55990528401925,2.768773635872501,21.99540701161728
681,46154,40265,5889,172760,12.759457468475103,374.3120856263813,0.1462560536446045,25.51891493695021,0.0,2.4376008940767417,10.938846243003107
682,104288,92910,11378,20581,10.910171831850262,19.734772936483584,0.1224625982133247,21.820343663700523,80.26522706351642,2.041043303555412,33.42001857560176
683,223720,119575,104145,181002,46.55149293760058,80.90559628106561,0.8709596487560108,93.10298587520116,19.094403718934387,14.515994145933512,47.32431370954083
684,204053,150919,53134,46167,26.039313315658184,22.62500428810162,0.3520696532577078,52.07862663131637,77.37499571189838,5.86782755429513,45.8042976323846
685,246376,141958,104418,39499,42.38156313926681,16.031999870117218,0.7355555868637202,84.76312627853362,83.96800012988278,12.259259781062005,62.77342848469688
686,165816,118595,47221,169631,28.47795146427365,102.30074299223236,0.3981702432648931,56.95590292854731,0.0,6.636170721081553,24.773212387743392
687,285198,210426,74772,48787,26.217575158311067,17.106361194678783,0.3553363177554104,52.435150316622135,82.89363880532122,5.922271962590175,47.61883335702227
688,75488,39100,36388,22431,48.203688003391264,29.71465663416702,0.9306393861892585,96.40737600678251,70.28534336583297,15.510656436487638,64.3017503434092
689,101681,89825,11856,6368,11.65999547604764,6.262723616014791,0.1319899805176732,23.31999095209528,93.7372763839852,2.199833008627887,38.10912919862204
690,198496,124402,74094,112755,37.32770433661132,56.8046711268741,0.5956013568913683,74.65540867322264,43.1953288731259,9.926689281522805,45.79876891568367
691,96985,81995,14990,154470,15.45599835026035,159.27205237923388,0.1828160253674004,30.9119967005207,0.0,3.046933756123341,13.278878807045285
692,269465,158647,110818,75897,41.12519251108678,28.165810030987327,0.6985193542897123,82.25038502217356,71.83418996901267,11.641989238161871,57.94300777102179
693,252977,169767,83210,196713,32.89231827399329,77.7592429351285,0.4901423716034329,65.78463654798658,22.240757064871502,8.169039526723882,35.43679359667325
694,49078,37910,11168,71626,22.755613513183096,145.94319246913076,0.2945924558164073,45.51122702636619,0.0,4.909874263606788,19.677453089628514
695,97660,77914,19746,180858,20.21912758550072,185.19148064714315,0.2534332725825911,40.43825517100144,0.0,4.2238878763765175,17.442468431313532
696,172997,153174,19823,117832,11.458580206593178,68.11216379474789,0.1294149137582096,22.917160413186355,31.887836205252118,2.1569152293034937,19.380289595641223
697,170406,94177,76229,33320,44.73375350633194,19.553302113775334,0.8094226828206462,89.46750701266387,80.44669788622465,13.49037804701077,63.96812558503617
698,104881,67243,37638,102215,35.88638552263995,97.45807152868488,0.5597311244293086,71.7727710452799,2.541928471315117,9.32885207382181,32.27034258165304
699,197361,82333,115028,156755,58.2830447758169,79.42551973287529,1.3971068708780197,100.0,20.574480267124716,23.285114514633666,53.15787843452751
700,184701,135430,49271,24826,26.676087297848955,13.441183317902988,0.3638115631691649,53.35217459569791,86.55881668209702,6.063526052819415,49.12757265875409
701,140734,82923,57811,177235,41.078204271888815,125.93616325834552,0.6971648396705378,82.15640854377763,0.0,11.619413994508964,36.34838761586374
702,138511,121839,16672,11653,12.03658915176412,8.413050227057779,0.1368363167786997,24.07317830352824,91.58694977294222,2.280605279644996,37.78953783718746
703,199033,161554,37479,33662,18.83054568840343,16.912773258705844,0.2319905418621637,37.66109137680686,83.08722674129416,3.866509031036062,41.150557282421815
704,138818,111973,26845,152360,19.338270253137203,109.75521906381016,0.2397452957409375,38.67654050627441,0.0,3.995754929015626,16.669342681214452
705,293627,212531,81096,36877,27.618713537923966,12.559131142572038,0.3815725705897022,55.23742707584793,87.44086885742796,6.359542843161704,50.23509434051607
706,151562,75937,75625,72715,49.89707182539159,47.97706549135008,0.9958913309717266,99.79414365078316,52.022934508649925,16.598188849528775,60.50399446776688
707,181398,74119,107279,79148,59.14012282384591,43.632234092988895,1.4473886587784508,100.0,56.36776590701111,24.12314431297418,64.14727306599559
708,123186,76019,47167,162962,38.28925364895361,132.28938353384314,0.620463305226325,76.57850729790722,0.0,10.341055087105415,33.73371944529452
709,191094,129016,62078,70316,32.48558301150219,36.79655038881389,0.4811651268059775,64.97116602300439,63.20344961118612,8.019418780099626,47.35532692658747
710,254919,130347,124572,110198,48.86728725595189,43.22863340904366,0.9556951828580634,97.7345745119038,56.77136659095634,15.928253047634392,60.90371569633874
711,42356,21732,20624,92447,48.692038908301065,218.2618755312116,0.9490152770108596,97.38407781660212,0.0,15.816921283514326,43.698707511695154
712,154994,82046,72948,105361,47.06504767926501,67.97747009561661,0.8891109865197572,94.13009535853,32.02252990438339,14.818516441995952,51.70435204732581
713,56082,23093,32989,168484,58.82279519275346,300.4243785884954,1.4285281254059672,100.0,0.0,23.80880209009945,47.14264062702984
714,285087,116954,168133,191387,58.97603187798812,67.13284015055054,1.4375993980539357,100.0,32.867159849449465,23.959989967565598,57.04814494510451
715,119561,56770,62791,176572,52.5179615426435,147.6836092036701,1.1060595384886385,100.0,0.0,18.434325641477308,45.53029769244319
716,275612,126553,149059,55230,54.08291366123391,20.03904039011364,1.1778385340529265,100.0,79.96095960988636,19.630642234215443,69.87748055323054
717,151822,90755,61067,112340,40.222760864696816,73.99454624494474,0.6728775274089582,80.44552172939363,26.005453755055257,11.21462545681597,43.34423245531882
718,285918,173688,112230,132028,39.25251295826076,46.176875887492216,0.6461586292662705,78.50502591652152,53.82312411250778,10.769310487771175,50.7797407466923
719,271447,182709,88738,178980,32.69072784005718,65.9355233249953,0.4856794137125155,65.38145568011436,34.0644766750047,8.094656895208592,38.80032234310973
720,249411,125727,123684,101757,49.590435065013175,40.79892226084655,0.9837505070509914,99.18087013002636,59.20107773915345,16.39584178418319,62.35142390901154
721,210515,183465,27050,39063,12.849440657435338,18.55592238082797,0.1474395661297795,25.698881314870675,81.44407761917203,2.457326102162992,35.44997364234877
722,154225,66393,87832,196200,56.95055924785216,127.21672880531692,1.3229105477987138,100.0,0.0,22.04850912997856,46.61455273899357
723,112099,70688,41411,162932,36.94145353660603,145.3465240546303,0.585827863286555,73.88290707321207,0.0,9.763797721442584,32.482302145717604
724,71585,50649,20936,43585,29.2463504924216,60.88566040371586,0.4133546565578787,58.4927009848432,39.11433959628414,6.8892442759646455,37.19815555561191
725,66958,52800,14158,124677,21.144598106275573,186.20179814211892,0.2681439393939394,42.28919621255115,0.0,4.469065656565657,18.25639818199016
726,216422,98769,117653,29426,54.36277273105322,13.596584450749,1.191193593131448,100.0,86.40341554925101,19.853226552190804,71.87699263043254
727,57778,35584,22194,42229,38.41254456713628,73.08837273702792,0.6237072841726619,76.82508913427256,26.911627262972075,10.3951214028777,41.922060253463954
728,126652,113391,13261,179436,10.470422891071598,141.6764046363263,0.1169493169651912,20.9408457821432,0.0,1.9491552827531875,8.961084897683234
729,269905,234465,35440,84878,13.130545932828216,31.447361108538196,0.151152624059028,26.261091865656432,68.55263889146181,2.5192104009838,31.825991533996252
730,97056,66312,30744,19975,31.676557863501483,20.580901747444774,0.4636264929424538,63.353115727002965,79.41909825255523,7.727108215707563,51.48510823128003
731,197795,102397,95398,142633,48.23074395207159,72.11152961399428,0.9316483881363712,96.46148790414318,27.88847038600572,15.527473135606188,51.60937821814085
732,278507,199799,78708,180225,28.260690036516134,64.71112036681305,0.393935905585113,56.52138007303228,35.28887963318695,6.565598426418551,35.164895447094565
733,73142,56172,16970,64324,23.201443766919144,87.9439993437423,0.3021078117211422,46.40288753383829,12.056000656257694,5.0351301953523695,23.68849426901833
734,216037,91062,124975,166205,57.84888699620898,76.93358082180367,1.3724165952867278,100.0,23.066419178196327,22.87360992144546,53.78200872989254
735,221749,184758,36991,98317,16.68147319717338,44.33706578158188,0.200213251929551,33.36294639434676,55.66293421841812,3.336887532159185,31.04512508291189
736,241207,131528,109679,178136,45.470902585745854,73.85191972040613,0.8338832796058634,90.94180517149172,26.14808027959387,13.898054660097722,48.39056255050416
737,141459,125933,15526,45893,10.97561837705625,32.44261588163354,0.1232877800100053,21.9512367541125,67.55738411836646,2.0547963335000885,29.66414883720497
738,141520,117880,23640,67649,16.704352741661957,47.80172413793103,0.2005429250084832,33.408705483323914,52.19827586206897,3.34238208347472,30.025679576992676
739,104674,84875,19799,144832,18.914916789269544,138.3648279419913,0.2332724594992636,37.82983357853909,0.0,3.887874324987727,16.298295728911953
740,192999,163674,29325,61367,15.194379245488316,31.79653780589537,0.1791671248946075,30.388758490976635,68.20346219410463,2.9861187482434595,33.51237767909508
741,269027,229360,39667,118154,14.744616711333808,43.9190118463946,0.1729464597139867,29.489233422667617,56.0809881536054,2.8824409952331127,29.4847221137186
742,223305,134060,89245,33397,39.965518013479326,14.955777971832248,0.6657093838579741,79.93103602695865,85.04422202816775,11.0951563976329,60.81422793852366
743,122189,59706,62483,120585,51.13635433631505,98.68727954234832,1.0465112384015007,100.0,1.3127204576516789,17.441853973358345,45.626372329303
744,116619,92564,24055,19816,20.62699903103268,16.992085337723697,0.2598742491681431,41.25399806206536,83.0079146622763,4.331237486135719,42.70334486934975
745,213312,91600,121712,79530,57.05820582058205,37.28341584158416,1.3287336244541486,100.0,62.71658415841584,22.145560407569143,65.4586433697955
746,194571,166404,28167,108856,14.476463604545383,55.946672422920166,0.1692687675777024,28.952927209090767,44.05332757707984,2.821146126295041,25.643512994648766
747,253567,223143,30424,71635,11.998406732737305,28.250915931489505,0.1363430625204465,23.99681346547461,71.7490840685105,2.2723843753407755,31.805165919345225
748,147803,95067,52736,55204,35.679925305981605,37.3497154996854,0.554724562676849,71.35985061196321,62.650284500314605,9.245409377947484,50.11264840826392
749,222958,160835,62123,15563,27.86309529148988,6.980238430556428,0.386252992196972,55.72619058297976,93.01976156944356,6.437549869949534,52.12766966500983
750,132324,62776,69548,26155,52.55887065082676,19.76587769414468,1.107875621256531,100.0,80.23412230585532,18.46459368760885,69.60961479803925
751,119671,99223,20448,83310,17.08684643731564,69.61586349240835,0.206081251322778,34.17369287463128,30.38413650759165,3.4346875220463,23.815124358743898
752,238350,113649,124701,131691,52.31843926998112,55.25110132158591,1.0972467861573794,100.0,44.74889867841409,18.287446435956323,58.91090353431112
753,254266,151814,102452,34707,40.29323621718987,13.649878473724367,0.6748521216752078,80.58647243437974,86.35012152627563,11.247535361253464,61.51388604001063
754,191409,158100,33309,197576,17.402003040609376,103.22189656703708,0.2106831119544592,34.80400608121875,0.0,3.511385199240987,14.975017992259795
755,218686,178902,39784,91155,18.192293974008397,41.68305241304885,0.2223787324904137,36.38458794801679,58.31694758695115,3.7063122081735616,33.16081311774413
756,40281,31472,8809,170102,21.86887117996077,422.28842382264594,0.279899593289273,43.73774235992155,0.0,4.664993221487883,18.894594910414984
757,172130,145112,27018,159476,15.6962760704119,92.64857956195898,0.1861872209052318,31.3925521408238,7.351420438041018,3.1031203484205303,15.693383092267984
758,274554,173999,100555,33997,36.62485339860282,12.382627825491523,0.5779056201472422,73.24970679720565,87.61737217450847,9.631760335787371,58.47462247197102
759,196683,119908,76775,166129,39.03489371221712,84.4653579617964,0.6402825499549655,78.06978742443424,15.5346420382036,10.671375832582758,39.0897203310096
760,172311,134585,37726,126945,21.894133282262885,73.67202326026778,0.2803135564884645,43.78826656452577,26.32797673973222,4.671892608141076,26.815267430172295
761,85272,57965,27307,61212,32.02340744910404,71.78440754292149,0.4710946260674545,64.04681489820808,28.215592457078515,7.851577101124242,36.438876826744064
762,295160,264534,30626,120030,10.376067217780188,40.666079414554815,0.1157733977484935,20.75213443556037,59.33392058544519,1.92955662914156,26.679896938600173
763,96503,45239,51264,6570,53.12166461146286,6.80807850533144,1.133181546895378,100.0,93.19192149466856,18.886359114922964,73.62348418287746
764,108785,52624,56161,79141,51.62568368800847,72.74991956611665,1.067212678625722,100.0,27.250080433883355,17.78687797709537,53.51108752329362
765,52115,27140,24975,22911,47.92286289935719,43.96239086635326,0.9202284450994842,95.84572579871435,56.03760913364674,15.33714075165807,59.75071528507719
766,144061,90180,53881,128335,37.40151741276264,89.08379089413513,0.5974828121534709,74.80303482552529,10.916209105864866,9.958046869224514,36.18349072273693
767,41969,27772,14197,135542,33.82734875741619,322.957420953561,0.5111983292524845,67.65469751483238,0.0,8.519972154208077,29.61787065219537
768,161863,74970,86893,123008,53.68305295218796,75.99513168543768,1.1590369481125784,100.0,24.00486831456232,19.31728246854297,52.99664523493159
769,278582,217255,61327,13669,22.013985110308635,4.906634312338917,0.282281190306322,44.02797022061727,95.09336568766108,4.704686505105368,47.550603746076845
770,208452,131700,76752,178486,36.81998733521386,85.62450828008366,0.5827790432801823,73.63997467042772,14.37549171991634,9.712984054669704,36.6825326005469
771,274614,235199,39415,88009,14.35287348787753,32.04825682594478,0.1675814948192807,28.70574697575506,67.95174317405522,2.793024913654678,32.70572921661499
772,297437,147599,149838,24089,50.37638222547968,8.098857909406025,1.0151694794680182,100.0,91.90114209059398,16.91949132446697,72.64619002451829
773,76487,30896,45591,110448,59.606207590832426,144.40100932184555,1.4756279129984464,100.0,0.0,24.593798549974107,47.37813956499223
774,265867,156484,109383,173895,41.14199957121418,65.40676353214201,0.6990043710539097,82.28399914242836,34.59323646785799,11.650072850898496,46.78659245259829
775,208280,137373,70907,161731,34.04407528327252,77.65075859420011,0.516164020586287,68.08815056654504,22.349241405799887,8.602733676438117,36.52085275128942
776,141376,88440,52936,79134,37.44341330918968,55.97413988229968,0.5985526910900045,74.88682661837936,44.02586011770032,9.975878184833409,46.15525213811186
777,87055,54330,32725,173359,37.59117799092528,199.1373269771983,0.6023375667218848,75.18235598185056,0.0,10.038959445364746,33.08463022634965
778,249988,126979,123009,110169,49.205961886170535,44.06971534633662,0.9687349876751272,98.41192377234108,55.93028465366338,16.14558312791879,60.98752984341108
779,48125,22541,25584,103409,53.16155844155844,214.87584415584416,1.1349984472738566,100.0,0.0,18.91664078789761,45.674992236369285
780,188159,80967,107192,191648,56.96884018303668,101.85428281400306,1.3238973902948117,100.0,0.0,22.064956504913525,46.61948695147406
781,244456,184910,59546,111279,24.358575776417844,45.52107536734627,0.3220269320209832,48.71715155283569,54.47892463265373,5.367115533683053,37.44067267103532
782,243532,124620,118912,118516,48.82808008803771,48.665473120575534,0.95419675814476,97.65616017607542,51.33452687942447,15.903279302412669,59.23380592498131
783,256222,168512,87710,170954,34.23203315874515,66.72104659240816,0.5204970565894417,68.4640663174903,33.27895340759184,8.674950943157361,39.97179783222088
784,196995,107963,89032,67203,45.19505571207391,34.11406380872611,0.8246528903420617,90.39011142414782,65.88593619127388,13.74421483903436,60.0450898787516
785,262821,109242,153579,196037,58.4348282671476,74.5895495413228,1.405860383369034,100.0,25.410450458677204,23.431006389483898,54.65243705444833
786,76321,38289,38032,96652,49.83163218511288,126.6388019024908,0.9932878894721722,99.66326437022576,0.0,16.554798157869534,44.83174519545117
787,139304,81147,58157,17772,41.74826279216678,12.757709757078045,0.7166870001355564,83.49652558433355,87.24229024292195,11.944783335592607,63.15473230728779
788,143754,61213,82541,132439,57.41822836234122,92.12891467367864,1.3484227206639112,100.0,7.871085326321364,22.473712011065185,49.10343920121596
789,277565,226168,51397,91736,18.517104101741936,33.05027651180804,0.2272514237204202,37.03420820348387,66.94972348819195,3.7875237286736714,36.03485744645324
790,91924,40495,51429,89152,55.94730429485227,96.98446542796223,1.270008643042351,100.0,3.0155345720377653,21.16681071737252,47.25470358682309
791,67723,36197,31526,35643,46.55139317513991,52.63056863990078,0.8709561565875625,93.1027863502798,47.36943136009922,14.515935943126044,55.80672473107951
792,202396,164318,38078,139999,18.81361291725133,69.17083341568015,0.2317335897467106,37.62722583450266,30.82916658431985,3.8622264957785113,25.458308257830573
793,133680,75915,57765,79973,43.21140035906642,59.82420706163973,0.7609168148587235,86.42280071813285,40.17579293836027,12.68194691431206,50.42644224305484
794,103449,85677,17772,191305,17.179479743641796,184.9268721785614,0.2074302321509857,34.35895948728359,0.0,3.457170535849761,14.780734955668366
795,65537,38254,27283,107522,41.62991897706639,164.06304835436472,0.713206462069326,83.25983795413278,0.0,11.8867743678221,36.86996749199974
796,62612,53485,9127,6471,14.57707787644541,10.335079537468856,0.1706459755071515,29.15415575289082,89.66492046253114,2.84409959178586,39.41436831745144
797,206703,174740,31963,31348,15.463249202962706,15.165720865202733,0.1829174773949868,30.92649840592541,84.83427913479727,3.048624623249781,38.73547048978429
798,235804,95498,140306,135832,59.50111109226307,57.60377262472223,1.4692035435297075,100.0,42.396227375277775,24.486725725495127,60.06488593023187
799,72779,50747,22032,81889,30.27246870663241,112.51734703692,0.4341537430784086,60.54493741326481,0.0,7.235895717973477,26.38874368069797
800,93551,48976,44575,158670,47.64780707849194,169.60802129319836,0.9101396602417512,95.29561415698387,0.0,15.168994337362518,42.66894396400231
801,182635,119873,62762,73770,34.364716511074,40.39203876584445,0.5235707790745205,68.729433022148,59.60796123415555,8.72617965124201,47.99201547447847
802,262127,131816,130311,190961,49.71292541401687,72.85056480255754,0.988582569642532,99.42585082803372,27.149435197442457,16.476376160708867,52.85808373865889
803,198059,157937,40122,189420,20.2576000080784,95.63816842456036,0.2540380024946655,40.5152000161568,4.361831575439652,4.233966708244426,18.784819491567944
804,64596,26244,38352,64106,59.37209734348876,99.2414390983962,1.4613625971650663,100.0,0.7585609016038148,24.35604328608444,47.53438125630648
805,278582,170614,107968,87163,38.75627283887688,31.288094708200813,0.6328202843846343,77.51254567775376,68.71190529179918,10.547004739743905,54.78269128056443
806,79310,40630,38680,36914,48.77064682889925,46.5439414953978,0.9520059069652966,97.5412936577985,53.4560585046022,15.866765116088278,59.81336454932655
807,150350,105519,44831,168722,29.81775856335217,112.21948786165616,0.4248618732171457,59.63551712670435,0.0,7.081031220285762,25.97851621676747
808,217953,133594,84359,137084,38.70513367560896,62.89612898193647,0.631457999610761,77.41026735121793,37.10387101806353,10.524299993512685,45.25255824396003
809,221187,95625,125562,57716,56.7673507032511,26.09375777057422,1.3130666666666666,100.0,73.90624222942577,21.884444444444444,68.73720600216106
810,133747,89876,43871,173724,32.80148339775845,129.890016224663,0.4881280875873425,65.6029667955169,0.0,8.13546812645571,28.68182715614348
811,243502,110867,132635,162082,54.46977848231226,66.56290297410288,1.196343366375928,100.0,33.43709702589712,19.939056106265465,56.01284593964877
812,299719,241886,57833,114793,19.29574034345504,38.30020786136348,0.239091968944048,38.59148068691008,61.699792138636525,3.9848661490674666,35.14198976107523
813,225763,154462,71301,108177,31.58223446711817,47.91617758445803,0.46160868045215,63.16446893423634,52.08382241554197,7.693478007535834,43.198977700617874
814,52289,33123,19166,174668,36.653980760771866,334.043489070359,0.5786311626362346,73.30796152154373,0.0,9.64385271060391,32.21634042179867
815,194243,164062,30181,114014,15.537754256266634,58.696581086577126,0.1839609415952506,31.07550851253327,41.30341891342288,3.0660156932541764,25.741033787016427
816,215211,134797,80414,160806,37.365190441009055,74.72015835621785,0.5965563031818215,74.73038088201811,25.27984164378215,9.942605053030356,40.458886361851
817,112588,48689,63899,18743,56.754716310796894,16.647422460653,1.3123908891125309,100.0,83.352577539347,21.87318148520885,71.56772770736674
818,88368,59836,28532,137513,32.28770595690747,155.61402317581025,0.4768366869443144,64.57541191381495,0.0,7.947278115738575,28.21434820024755
819,159735,88505,71230,119891,44.59260650452312,75.05618680940307,0.8048132873848935,89.18521300904624,24.943813190596927,13.413554789748224,47.18129559772204
820,147971,71337,76634,100102,51.78987774631516,67.64974217921079,1.0742531925929042,100.0,32.35025782078921,17.904219876548403,55.076343309201285
821,99189,82043,17146,152747,17.28619100908367,153.9959068041819,0.2089879697231939,34.57238201816734,0.0,3.483132828719899,14.873892655882909
822,111031,87080,23951,144745,21.571453017625707,130.3644927993083,0.2750459347726229,43.14290603525141,0.0,4.584098912877049,18.63239208796368
823,247738,187299,60439,196501,24.396338066828665,79.31806989642284,0.322687254069696,48.79267613365733,20.68193010357716,5.378120901161601,27.335085754884563
824,194741,111964,82777,140507,42.5062005432857,72.15070272823905,0.7393179950698439,85.0124010865714,27.849297271760943,12.321966584497398,46.05633959150607
825,265160,143448,121712,81929,45.90134258560869,30.897948408508068,0.8484747086052089,91.80268517121738,69.10205159149193,14.141245143420148,61.694063088960576
826,167959,143336,24623,75388,14.660125387743436,44.88476354348382,0.1717851760897471,29.320250775486876,55.11523645651618,2.8630862681624527,29.121597127598346
827,71401,34855,36546,119503,51.18415708463468,167.36880435848238,1.0485152775785396,100.0,0.0,17.475254626308992,45.2425763878927
828,286832,242566,44266,34084,15.432727171305851,11.882914040274446,0.18249053865752,30.865454342611702,88.11708595972556,3.041508977625333,39.69376021824994
829,291459,227224,64235,105111,22.03912042517129,36.063734521836686,0.2826946097243249,44.07824085034259,63.936265478163314,4.711576828738749,38.225649032207656
830,226898,127210,99688,138299,43.93516029228993,60.95205775282285,0.7836490841914944,87.87032058457986,39.04794224717715,13.06081806985824,50.78075632894256
831,202982,117233,85749,88920,42.24463252899272,43.80684001537082,0.7314408059164228,84.48926505798543,56.193159984629176,12.190680098607046,54.31085804816504
832,105681,80050,25631,81571,24.253177013843548,77.18605993508767,0.3201873828856964,48.506354027687095,22.81394006491233,5.336456381428274,27.847660544977018
833,236553,163197,73356,127556,31.01038667867243,53.92279954175174,0.4494935568668541,62.02077335734486,46.07720045824826,7.491559281114236,40.87893726474669
834,235246,120258,114988,17633,48.87989593871947,7.495557841578602,0.9561775515973988,97.75979187743894,92.5044421584214,15.936292526623316,71.63613715648899
835,265952,123394,142558,80532,53.60290578751052,30.280652147755987,1.1553073893382175,100.0,69.71934785224401,19.25512315563696,66.69234130236428
836,89104,77262,11842,77231,13.290087987071288,86.67512120667983,0.1532706893427558,26.580175974142573,13.324878793320169,2.55451148904593,15.39588747436686
837,108388,59369,49019,92578,45.2254862161863,85.41351441118942,0.8256665936768347,90.4509724323726,14.586485588810577,13.761109894613911,44.68466761797638
838,204827,122320,82507,23711,40.28131056940735,11.57611057136022,0.6745176586003924,80.5626211388147,88.42388942863978,11.241960976673203,62.124803577119785
839,131658,110656,21002,158285,15.951936076805056,120.22436919898524,0.1897954019664545,31.903872153610116,0.0,3.1632566994409097,13.71052587127632
840,286860,122165,164695,17727,57.4130237746636,6.179669525203932,1.3481357180861948,100.0,93.82033047479608,22.468928634769917,74.88677773286979
841,152418,65325,87093,65108,57.140888871393145,42.71673949271084,1.3332261768082665,100.0,57.28326050728917,22.22043628013777,63.85110903622808
842,297681,213090,84591,124457,28.41666078789039,41.8088490699776,0.3969731099535407,56.83332157578078,58.1911509300224,6.616218499225679,42.175539459086735
843,203189,169975,33214,31910,16.346357332335902,15.704590307546177,0.1954052066480364,32.692714664671804,84.29540969245383,3.256753444133941,39.34273480684505
844,166888,122509,44379,193510,26.59208571017688,115.9520157231197,0.3622509366658776,53.18417142035376,0.0,6.03751561109796,23.084923251470894
845,149847,89309,60538,182573,40.39987453869613,121.83960973526332,0.677848817028519,80.79974907739226,0.0,11.29748028380865,35.7091437160995
846,232018,131274,100744,148697,43.420769078261166,64.08856209432027,0.7674330027271203,86.84153815652233,35.91143790567973,12.790550045452006,49.347211647948455
847,73893,40350,33543,31007,45.39401567130852,41.96202617297985,0.8313011152416356,90.78803134261705,58.03797382702015,13.855018587360592,57.88311026136103
848,262374,159202,103172,12323,39.322493844664486,4.696730621174354,0.6480571852112411,78.64498768932897,95.30326937882565,10.80095308685402,63.28926181543548
849,151335,133913,17422,145282,11.512208015330229,96.00026431426969,0.1300993928894132,23.02441603066045,3.999735685730329,2.1683232148235545,11.060184082430348
850,56456,44438,12018,141178,21.287374238344903,250.0673090548392,0.2704442144110896,42.57474847668981,0.0,4.50740357351816,18.38212046273137
851,274565,177834,96731,125926,35.230637553948974,45.863820953144064,0.5439398540211658,70.46127510789795,54.136179046855936,9.065664233686098,47.14506302732179
852,155395,134398,20997,64315,13.512017761189227,41.38807554940635,0.15623000342267,27.02403552237845,58.61192445059365,2.603833390377833,29.17434156124283
853,240321,166715,73606,10756,30.628201447231,4.47568044407272,0.4415079626908196,61.25640289446199,95.52431955592728,7.358466044846994,55.36739683801708
854,239083,132011,107072,135327,44.784447242171126,56.602518790545545,0.8110839248244465,89.56889448434225,43.397481209454455,13.518065413740771,52.90222178069546
855,185556,130771,54785,165575,29.52477958136627,89.23182219922826,0.4189384496562693,59.04955916273254,10.768177800771738,6.982307494271156,28.944969253605887
856,295537,192008,103529,45113,35.030808325184324,15.264755343662554,0.5391910753718595,70.06161665036865,84.73524465633744,8.986517922864325,56.14117543390799
857,276802,184789,92013,136321,33.241450567553706,49.24856034277209,0.4979354831726997,66.48290113510741,50.75143965722791,8.298924719544996,44.30826976707483
858,296726,244231,52495,189648,17.691405539116893,63.91350943294487,0.2149399543874446,35.382811078233786,36.08649056705513,3.582332573124078,26.05377137334728
859,289634,125539,164095,53363,56.65598652091951,18.424287203850376,1.3071236826802826,100.0,81.57571279614962,21.785394711338043,71.00833225224629
860,137543,55678,81865,175915,59.51956842587409,127.8981845677352,1.4703293940155897,100.0,0.0,24.50548990025983,47.35164697007795
861,135673,115232,20441,42828,15.066372822890331,31.567076721234145,0.1773899611219105,30.132745645780663,68.43292327876586,2.9564993520318428,33.46992504755158
862,88604,45967,42637,68910,48.12085233172317,77.77301250507878,0.9275567254769728,96.24170466344634,22.226987494921215,15.459278757949544,49.80256174123977
863,65592,55218,10374,207,15.815953165020124,0.3155872667398463,0.1878735195045094,31.63190633004025,99.68441273326016,3.1312253250751563,43.4974539495167
864,272041,197549,74492,124982,27.38263717601391,45.94233957381424,0.3770811292388217,54.76527435202782,54.05766042618576,6.284685487313696,40.00881351486097
865,296911,187383,109528,160400,36.889168808161365,54.02292269400595,0.5845140701130839,73.77833761632273,45.97707730599405,9.741901168551395,46.22702858889273
866,86479,77482,8997,151175,10.403681818707431,174.81122584673736,0.1161172917580857,20.807363637414863,0.0,1.935288195968096,8.903531913756373
867,210963,95139,115824,81437,54.9025184511028,38.602503756582905,1.2174187241825118,100.0,61.397496243417095,20.29031206970853,64.50634249393768
868,138540,111338,27202,48231,19.634762523458928,34.81377219575574,0.2443191003969893,39.269525046917856,65.18622780424425,4.071985006616488,36.48527386202536
869,69301,53836,15465,193783,22.31569530021212,279.62511363472385,0.2872613121331451,44.63139060042424,0.0,4.787688535552418,19.28886280083542
870,212395,103710,108685,98452,51.171166929541656,46.3532569034111,1.0479703018031048,100.0,53.6467430965889,17.466171696718412,61.33387443799219
871,184467,159743,24724,121237,13.402939279112251,65.72286642055218,0.154773605103197,26.805878558224503,34.27713357944782,2.579560085053284,21.77935952264013
872,96273,64851,31422,4895,32.63843445202705,5.084499288481713,0.4845260674469168,65.2768689040541,94.91550071151828,8.075434457448614,57.00802811231171
873,159968,140546,19422,10699,12.141178235647129,6.688212642528506,0.1381896318643006,24.282356471294257,93.31178735747147,2.303160531071678,38.39742695508065
874,236133,104168,131965,19169,55.88587787391004,8.117882718637379,1.2668477843483603,100.0,91.88211728136262,21.11412973913934,73.89887410615059
875,296508,237016,59492,147235,20.064214119011968,49.65633305003575,0.2510041516184561,40.128428238023936,50.34366694996425,4.183402526974269,32.40949213829113
876,159264,69487,89777,124481,56.36992666264818,78.1601617440225,1.2919970641990588,100.0,21.839838255977497,21.533284403317644,53.01193679778854
877,255400,217188,38212,35585,14.961628817541111,13.933046202036024,0.1759397388437666,29.923257635082223,86.06695379796398,2.9323289807294444,38.66908788764091
878,70682,47152,23530,186186,33.28994652103789,263.4135989360799,0.4990244316253817,66.57989304207578,0.0,8.317073860423028,29.127079374957223
879,167810,105191,62619,173757,37.31541624456231,103.5438889219951,0.5952885703149509,74.63083248912461,0.0,9.921476171915849,32.8287758472246
880,293334,135406,157928,36035,53.83896854779876,12.284631171292792,1.166329409331935,100.0,87.71536882870721,19.438823488865584,72.14625769527183
881,236049,197129,38920,90373,16.488102046608965,38.28569491927524,0.1974341674740905,32.97620409321793,61.71430508072476,3.290569457901509,32.69194399887505
882,123362,74325,49037,65450,39.750490426549504,53.05523581005496,0.6597645475950219,79.50098085309901,46.94476418994504,10.996075793250364,49.18264433619822
883,50382,24589,25793,195684,51.194871184153065,388.4006192687864,1.048964984342592,100.0,0.0,17.4827497390432,45.24482492171296
884,261427,166499,94928,98864,36.3114750962984,37.817057916741575,0.5701415624117863,72.62295019259679,62.182942083258425,9.502359373529773,50.55477051407517
885,183401,98529,84872,87468,46.2767378585722,47.692215418672745,0.8613910625298136,92.5534757171444,52.307784581327255,14.356517708830228,57.020680973905
886,74594,41258,33336,191703,44.68992144140279,256.99520068638225,0.8079887536962529,89.37984288280558,0.0,13.46647922827088,39.7918809216035
887,85033,41642,43391,73861,51.02842425881716,86.86157138993097,1.042000864511791,100.0,13.138428610069028,17.366681075196517,49.15153290557966
888,223362,183375,39987,31750,17.902328954790878,14.214593350704238,0.2180613496932515,35.80465790958176,85.78540664929577,3.634355828220859,41.14779190708769
889,266227,146951,119276,78222,44.802367904081855,29.381693066443297,0.8116719178501678,89.60473580816371,70.61830693355671,13.527865297502798,61.08574599258334
890,152020,85034,66986,6721,44.06393895540061,4.421128798842258,0.7877554860408778,88.12787791080122,95.57887120115774,13.129258100681296,67.8635899548722
891,227226,111499,115727,183202,50.93035128022322,80.6254565938757,1.037919622597512,100.0,19.374543406124303,17.2986603766252,51.00196113482485
892,170513,141114,29399,104211,17.24150064804443,61.11616123110848,0.2083351049506073,34.48300129608886,38.88383876889152,3.4722517491767886,26.500027673856035
893,226321,139423,86898,136728,38.39590669889228,60.41330676340242,0.6232687576655215,76.79181339778455,39.58669323659758,10.387812627758692,45.7090771184207
894,164865,140466,24399,194812,14.799381311982533,118.16455888150912,0.1737003972491563,29.598762623965065,0.0,2.895006620819273,12.708007035831807
895,104309,71707,32602,118947,31.2552128771247,114.0333048921953,0.4546557518791749,62.5104257542494,0.0,7.577595864652915,27.277449061095638
896,244894,103858,141036,162624,57.59063104853529,66.40587356162257,1.357969535327081,100.0,33.59412643837743,22.632825588784687,56.86808560814863
897,262317,135981,126336,168757,48.16157549834742,64.33323040443433,0.9290709731506608,96.32315099669484,35.66676959556567,15.48451621917768,53.87464614310094
898,245037,112730,132307,114099,53.99470284079547,46.563988295645146,1.1736627339661136,100.0,53.43601170435485,19.561045566101896,61.89911718113703
899,51138,22985,28153,182184,55.05299385975204,356.2595330282764,1.2248422884489885,100.0,0.0,20.414038140816476,46.12421144224494
900,63429,42803,20626,179316,32.5182487505715,282.70349524665374,0.4818821110669813,65.036497501143,0.0,8.031368517783022,28.42400955579211
901,288289,216583,71706,17347,24.872957344886554,6.01722576997388,0.3310786165119146,49.74591468977311,93.98277423002612,5.517976941865244,49.74859122747665
902,187992,107018,80974,177731,43.07310949402103,94.5417890122984,0.75663907006298,86.14621898804205,5.458210987701605,12.610651167716332,39.8791462418422
903,80108,55606,24502,7967,30.586208618365205,9.94532381285265,0.4406359026004388,61.17241723673041,90.05467618714735,7.343931710007314,53.68854926383857
904,150719,72158,78561,164685,52.12415156682303,109.26625043955973,1.0887358297070318,100.0,0.0,18.145597161783865,45.44367914853516
905,68179,39948,28231,117407,41.40717816336409,172.20405110077883,0.706693701812356,82.81435632672817,0.0,11.778228363539268,36.659211039753046
906,189340,153602,35738,86269,18.87503961128129,45.56300834477659,0.2326662413249827,37.75007922256259,54.43699165522341,3.8777706887497128,32.59446039221697
907,100545,78165,22380,39922,22.258690138743848,39.70560445571635,0.2863174054883899,44.517380277487696,60.29439554428365,4.771956758139833,37.32685780172213
908,250436,143087,107349,97033,42.86484371256529,38.745627625421264,0.7502358704843907,85.72968742513058,61.254372374578736,12.503931174739844,56.419366034847805
909,144792,113593,31199,180913,21.547461185700868,124.94682026631304,0.2746560087329325,43.094922371401736,0.0,4.577600145548875,18.61124899222536
910,217404,179023,38381,119863,17.65422899302681,55.133760188405,0.2143914469090563,35.30845798605362,44.866239811595,3.573190781817606,28.655212372445227
911,266766,151642,115124,160866,43.15542460433488,60.30228739794426,0.7591828121496683,86.31084920866977,39.69771260205574,12.65304686916114,50.22956752483297
912,232660,164048,68612,181403,29.490243273446232,77.9691395168916,0.4182434409441139,58.98048654689247,22.0308604831084,6.970724015735232,32.292669968410074
913,265469,134328,131141,140146,49.39974158941345,52.791851402611975,0.9762744922875348,98.7994831788269,47.208148597388025,16.271241538125583,58.56361031218485
914,177478,94282,83196,41568,46.87679599725036,23.42149449509235,0.8824165800470928,93.75359199450072,76.57850550490765,14.70694300078488,64.88707134950805
915,137539,101866,35673,54823,25.936643424774065,39.85996699118069,0.3501953546816406,51.87328684954813,60.14003300881932,5.83658924469401,40.54230141587325
916,63312,35664,27648,197990,43.669446550416986,312.72112711650243,0.775235531628533,87.33889310083397,0.0,12.920592193808885,38.81173489847625
917,205243,123876,81367,199900,39.64422659968915,97.39674434694484,0.6568423261971649,79.2884531993783,2.6032556530551574,10.947372103286082,35.78056960665369
918,278387,210077,68310,12411,24.537783732717404,4.4581823145477335,0.3251664865739705,49.07556746543481,95.54181768545229,5.419441442899508,49.918604724679454
919,273893,166566,107327,146494,39.185740416878126,53.48585031380868,0.644351188117623,78.37148083375625,46.51414968619132,10.73918646862705,48.52459317994801
920,213540,117787,95753,57022,44.84077924510631,26.70319378102463,0.8129335155832138,89.68155849021261,73.29680621897538,13.548891926386895,61.92633283969373
921,111229,78026,33203,182268,29.85102805922916,163.86733675570218,0.4255376412990541,59.70205611845832,0.0,7.092294021650902,26.0085106538786
922,251426,197344,54082,26715,21.51010635336043,10.62539275969868,0.2740493757094211,43.02021270672086,89.37460724030132,4.567489595157018,45.39071413332584
923,67605,58216,9389,141028,13.888026033577397,208.6058723467199,0.1612786862718153,27.776052067154797,0.0,2.687978104530255,11.916814258220995
924,275516,186579,88937,69252,32.28015795815851,25.13538233714194,0.4766720799232496,64.56031591631702,74.86461766285805,7.944534665387494,50.66687206500048
925,233021,155854,77167,70017,33.11589942537368,30.04750644791671,0.4951236413566543,66.23179885074735,69.9524935520833,8.252060689277572,49.954085812707206
926,103037,65496,37541,6548,36.434484699671,6.354998689791046,0.5731800415292537,72.86896939934199,93.64500131020895,9.553000692154228,60.10698836044576
927,156981,136086,20895,154249,13.310528025684636,98.25966199731178,0.1535426127595785,26.621056051369276,1.740338002688219,2.5590435459929752,11.938236885152069
928,64022,33601,30421,136614,47.51647871044328,213.3860235544032,0.905359959525014,95.03295742088656,0.0,15.089332658750235,42.5399827659797
929,262084,201153,60931,60428,23.24865310358511,23.05672990338975,0.3029087311648347,46.49730620717022,76.94327009661025,5.0484788527472455,43.19644716767534
930,193812,136877,56935,113132,29.376406001692363,58.37203062761852,0.4159573924033987,58.752812003384726,41.62796937238148,6.932623206723311,38.06930257508533
931,227604,107093,120511,100689,52.94766348570323,44.23867770337955,1.1252929696618827,100.0,55.76132229662045,18.754882827698047,62.35486153729555
932,218148,140679,77469,131743,35.512129380053906,60.39156902653245,0.5506792058516197,71.02425876010781,39.60843097346756,9.177986764193662,43.04562882534149
933,40163,24721,15442,184816,38.44832308343501,460.1648283245773,0.6246511063468306,76.89664616687001,0.0,10.410851772447176,33.88191399848216
934,241403,107195,134208,135870,55.59500089062688,56.28347617883788,1.2519986939689352,100.0,43.71652382116212,20.866644899482253,59.37495061619331
935,62420,43707,18713,120575,29.9791733418776,193.1672540852291,0.4281465211522182,59.9583466837552,0.0,7.13577535253697,26.124071279263173
936,298230,148592,149638,89881,50.17536800456024,30.138148408946115,1.007039409927856,100.0,69.86185159105389,16.783990165464267,65.99375252695545
937,50749,26126,24623,156193,48.51918264399298,307.77552267039744,0.9424711015846284,97.03836528798595,0.0,15.70785169307714,43.52770162311753
938,168563,104912,63651,164433,37.76095584440239,97.54987749387467,0.6067084794875706,75.52191168880478,2.450122506125311,10.111807991459507,33.97734382479736
939,61223,31883,29340,145128,47.92316613037584,237.04816817209215,0.920239626133049,95.84633226075168,0.0,15.337327102217484,42.93973103496592
940,68380,53387,14993,30620,21.926001754899094,44.77917519742615,0.2808361586153932,43.85200350979819,55.22082480257385,4.680602643589888,35.5112296377684
941,190949,131695,59254,195113,31.031322499725057,102.18068698971976,0.4499335586013136,62.062644999450114,0.0,7.498892643355227,27.074725792786616
942,280012,229364,50648,53352,18.087796237304115,19.053469137036984,0.2208193090458834,36.17559247460823,80.94653086296302,3.6803218174313903,39.85829279396162
943,201983,113577,88406,3191,43.76903006688681,1.5798359267859177,0.7783794254118351,87.53806013377363,98.42016407321408,12.972990423530586,68.43317040253285
944,204232,172228,32004,104576,15.670414038936112,51.20451251517881,0.1858234433425459,31.340828077872224,48.79548748482119,3.0970573890424324,28.10409469330797
945,235713,144008,91705,3631,38.90536372622638,1.540432644784123,0.6368048997277929,77.81072745245277,98.45956735521588,10.613414995463216,63.84618568618483
946,177244,112977,64267,90353,36.25905531357902,50.97661980095236,0.5688502969630986,72.51811062715804,49.02338019904764,9.480838282718311,46.558509795393
947,191353,105212,86141,122811,45.01680140891441,64.18033686432928,0.8187374063795004,90.03360281782882,35.81966313567072,13.645623439658342,50.85302709973025
948,222503,179901,42602,127734,19.146708134272348,57.40776528855791,0.2368080221899822,38.293416268544696,42.59223471144209,3.9468003698330376,29.279077031800416
949,264033,157012,107021,154544,40.53319092689171,58.53207742971522,0.6816103227778768,81.06638185378343,41.46792257028478,11.360172046297947,48.274981126488186
950,220302,161736,58566,7099,26.58441593812131,3.2223947127125494,0.3621086214571895,53.16883187624262,96.77760528728746,6.0351436909531575,52.11135744396923
951,289686,172366,117320,96722,40.49902308016266,33.388565550285485,0.680644674703828,80.99804616032532,66.61143444971452,11.344077911730466,55.78587217256363
952,218756,117613,101143,63936,46.23553182541279,29.227084057123005,0.8599644597110864,92.47106365082558,70.77291594287699,14.332740995184771,62.52012254174877
953,193686,169734,23952,173063,12.366407484278678,89.35235380977458,0.1411149209940259,24.73281496855736,10.647646190225416,2.3519153499004326,13.792994449460696
954,241548,214578,26970,60920,11.165482636991406,25.220660075844137,0.1256885608030646,22.33096527398281,74.77933992415586,2.0948093467177435,31.99463089085521
955,265366,169676,95690,167296,36.059630849468284,63.04349464513162,0.5639571889954973,72.11926169893657,36.956505354868376,9.399286483258289,42.75444223101263
956,47788,21826,25962,83588,54.327446220808575,174.91420440277895,1.1894987629432787,100.0,0.0,19.824979382387976,45.9474938147164
957,187603,163381,24222,94439,12.911307388474595,50.33981332921116,0.14825469301816,25.822614776949194,49.66018667078884,2.470911550302666,25.96837537710713
958,215929,96513,119416,115053,55.30336360562963,53.28279202886134,1.237304819039922,100.0,46.71720797113866,20.6217469839987,60.201686486541206
959,88355,45208,43147,125426,48.83368230434044,141.95687850149963,0.9544107237657052,97.66736460868088,0.0,15.906845396095088,43.83899946230088
960,104027,69748,34279,92601,32.952022071193056,89.0163130725677,0.4914692894419911,65.90404414238611,10.983686927432302,8.191154824033186,32.114070182394094
961,69956,38741,31215,136511,44.62090456858597,195.13837269140603,0.8057355256704783,89.24180913717194,0.0,13.428925427841309,39.72540128322117
962,218313,129858,88455,159342,40.51751384480081,72.98786604554012,0.6811671210091023,81.03502768960162,27.012133954459884,11.352785350151704,43.92348686722412
963,118815,86805,32010,109787,26.94104279762656,92.4016327904726,0.3687575600483843,53.88208559525312,7.59836720952741,6.145959334139739,25.6761322012014
964,194960,95614,99346,61063,50.957119409109566,31.320783750512927,1.0390319409291526,100.0,68.67921624948707,17.317199015485876,65.79892457949188
965,289599,243735,45864,166216,15.837071260605182,57.39522581224382,0.1881715797895255,31.674142521210364,42.60477418775618,3.136192996492092,26.391947163758623
966,223233,186011,37222,182051,16.674058046973343,81.55201067942464,0.20010644531775,33.348116093946686,18.44798932057536,3.3351074219625,19.87417546034003
967,137661,62043,75618,157261,54.93059036328371,114.23787419821154,1.2187998646100284,100.0,0.0,20.31333107683381,46.09399932305014
968,213672,145028,68644,123257,32.125875173162605,57.68514358455952,0.4733154976969964,64.25175034632521,42.31485641544048,7.888591628283274,40.761734551647216
969,232630,179257,53373,6910,22.943300520139275,2.970382151915058,0.2977456947287972,45.88660104027855,97.02961784808494,4.962428245479953,48.95225424418089
970,228785,138371,90414,34964,39.51919924820246,15.282470441681054,0.6534172622876181,79.03839849640492,84.71752955831894,10.890287704793634,60.29770457749575
971,256739,127922,128817,137050,50.174301528010936,53.38106014279093,1.006996450962305,100.0,46.61893985720907,16.783274182705085,59.02066421197424
972,258599,120592,138007,59765,53.36718239436348,23.11107158187,1.1444125646809076,100.0,76.88892841813,19.07354274468179,68.78874134884354
973,270156,216274,53882,39071,19.94477264987637,14.462384696249575,0.2491376679582381,39.88954529975274,85.53761530375043,4.152294465970636,42.86279105081741
974,152990,130715,22275,9503,14.559775148702531,6.211517092620433,0.1704089048693723,29.119550297405063,93.78848290737956,2.8401484144895384,40.63640951552276
975,231775,157089,74686,95457,32.22349261136878,41.18520116492288,0.4754374908491365,64.44698522273757,58.81479883507712,7.923958180818942,45.800421193863855
976,228938,108480,120458,45838,52.61599210266535,20.022014693934604,1.1104166666666666,100.0,79.97798530606539,18.506944444444443,69.54547892515295
977,165200,124359,40841,89489,24.72215496368039,54.17009685230024,0.3284120972346191,49.44430992736078,45.82990314769976,5.473534953910319,35.16875540142733
978,66806,48890,17916,70119,26.817950483489504,104.95913540699937,0.3664553078339129,53.63590096697901,0.0,6.107588463898548,23.28663692596117
979,78714,43374,35340,92949,44.89671468861956,118.0844576568336,0.8147738276386776,89.79342937723912,0.0,13.57956379397796,39.99124088908904
980,248883,102014,146869,145363,59.011262320045965,58.406158717148216,1.4396945517281945,100.0,41.59384128285178,23.994909195469905,59.67662514349651
981,217876,164121,53755,93471,24.672290660742807,42.90100791275771,0.3275327349943029,49.34458132148561,57.09899208724229,5.458878916571716,38.505193829738445
982,104946,75431,29515,84080,28.123987574562157,80.11739370723991,0.3912847503016001,56.24797514912431,19.882606292760087,6.521412505026669,30.42039569898575
983,292791,194910,97881,30841,33.43033085033351,10.533452189445711,0.5021856241342157,66.86066170066702,89.46654781055429,8.36976040223693,56.09515714410418
984,164447,114536,49911,76272,30.35081211575766,46.38090083735185,0.4357669204442271,60.70162423151532,53.61909916264815,7.262782007403786,42.545214043621705
985,77643,66021,11622,159116,14.96850971755342,204.93283361024172,0.1760348979870041,29.93701943510684,0.0,2.933914966450069,12.854982263977757
986,276541,236204,40337,15997,14.586263881305122,5.784675690042344,0.170771875158761,29.172527762610244,94.21532430995764,2.8461979193126847,40.7874677738252
987,119751,80969,38782,154983,32.38553331496188,129.4210486760027,0.478973434277316,64.77106662992375,0.0,7.982890571288601,28.30329382335608
988,95533,55243,40290,145643,42.17390849235343,152.4530790407503,0.7293231721666094,84.34781698470685,0.0,12.155386202776825,37.38574265471578
989,148255,117243,31012,58005,20.918012883207982,39.125155981248525,0.264510461178919,41.83602576641597,60.87484401875148,4.408507686315317,36.319415818086426
990,257322,161640,95682,43541,37.183761979154525,16.920822937797777,0.5919450631031923,74.36752395830905,83.07917706220222,9.865751051719872,57.63048801750025
991,63387,53798,9589,179980,15.127707574108255,283.9383469796646,0.1782408267965352,30.255415148216517,0.0,2.97068044660892,12.993370193269282
992,125457,63239,62218,64028,49.59308767147309,51.03581306742549,0.9838548996663452,99.1861753429462,48.964186932574506,16.39758166110575,59.28300071528255
993,281876,231996,49880,55731,17.695724361066567,19.771459790830008,0.2150037069604648,35.391448722133134,80.22854020916999,3.5833951160077477,39.30016008640658
994,195930,127061,68869,44638,35.149798397386824,22.782626448221304,0.5420152525165078,70.29959679477365,77.21737355177869,9.033587541941795,53.99512704602561
995,262670,125635,137035,160811,52.17002322305555,61.22168500399741,1.0907390456481076,100.0,38.77831499600259,18.178984094135128,57.08718972704132
996,97804,82406,15398,3754,15.743732362684554,3.8382888225430456,0.1868553260684901,31.487464725369108,96.16171117745697,3.114255434474836,42.37777587372718
997,67044,28541,38503,66912,57.42944931686653,99.8031143726508,1.3490417294418555,100.0,0.1968856273492036,22.48402882403093,46.80427433541404
998,296695,127384,169311,8894,57.065673503092405,2.997691231736295,1.3291386673365573,100.0,97.0023087682637,22.152311122275957,75.74638596716188
999,189109,159629,29480,81942,15.588893178008451,43.33056596989039,0.1846782226287203,31.177786356016902,56.66943403010961,3.0779703771453395,30.395335864583245
1000,222684,118798,103886,136998,46.65175764760827,61.5212588241634,0.8744760012794828,93.30351529521654,38.4787411758366,14.574600021324713,53.23740847723501
