user_id,monthly_income,monthly_expenses,monthly_savings,emergency_fund_savings,debt,savings_rate,debt_to_income,emergency_fund_months
1,161958,129286,32672,189724.4019410948,119879,20.173131305647143,74.01857271638326,1.4674783189293104
2,150268,104950,45318,374321.17929587513,168266,30.158117496739163,111.97726728245534,3.566662022828729
3,127498,106217,21281,510789.0656186273,16023,16.691242215564166,12.567255956956188,4.80892009394567
4,81090,33270,47820,258151.2062514364,194027,58.971513133555305,239.27364656554445,7.759278817295955
5,104925,53109,51816,77252.33746721526,184779,49.38384560400286,176.10578984989277,1.454599737656805
6,125305,82999,42306,286808.03681821574,130608,33.7624196959419,104.23207374007421,3.455560149136926
7,278042,196277,81765,219035.49189760647,130523,29.40742765481474,46.943627221786635,1.1159508852163345
8,42747,24929,17818,90954.94909237191,84654,41.68245724846188,198.03494982104007,3.6485598737362874
9,206845,103388,103457,425325.3609496518,31551,50.016679155889676,15.253450651453987,4.113875507308893
10,156216,66114,90102,321337.7627088936,87313,57.67783069595944,55.89248220412762,4.860358815211508
11,181699,158278,23421,713249.0603532501,174073,12.889999394603164,95.80294883296,4.506305742764314
12,247624,101026,146598,186610.2370184258,120174,59.20185442444998,48.53083707556618,1.847150604977192
13,194555,89693,104862,355311.22078888124,110510,53.89838349052967,56.8014186219835,3.9614152808901615
14,146530,125233,21297,259262.3474857193,19457,14.534225073363816,13.278509520234763,2.070239852800135
15,237629,156843,80786,685981.4427443041,171829,33.99669232290672,72.30977700533184,4.373682234746237
16,49692,43967,5725,272642.11875774496,196769,11.52096917008774,395.9772196731868,6.2010625868889155
17,77065,65305,11760,312366.8649300633,11534,15.259845584895867,14.966586647635113,4.783199830488681
18,265735,182087,83648,758697.1832425772,55591,31.477976179276347,20.91971324816076,4.166674080206589
19,260884,155053,105831,336587.85138910305,9268,40.56630533110501,3.5525367596326336,2.1707922541911673
20,126807,73342,53465,164834.39047593504,139643,42.162498915675,110.12246957975506,2.247476077499046
21,294444,138524,155920,888988.2764957807,114752,52.95404219478067,38.97243618480933,6.417575846032317
22,88984,79502,9482,491160.02918898285,198635,10.655848242380653,223.2255236896521,6.177958154373259
23,173767,69986,103781,456567.0682547202,39504,59.72422842081638,22.733890784786524,6.523691427638673
24,204231,156135,48096,963378.364638481,38660,23.54980389852667,18.929545465673673,6.170162773487566
25,174633,101153,73480,93764.02382516356,22662,42.07681251538942,12.97692875916923,0.9269524762010376
26,48392,34438,13954,91163.72943900428,89135,28.835344685071913,184.193668374938,2.647184198821194
27,167478,93032,74446,242019.63851833864,194407,44.45121150240629,116.07912681068558,2.6014665762139764
28,50965,42994,7971,162419.26793930278,113252,15.640145197684685,222.215245756892,3.7777194012955944
29,179182,135573,43609,825135.291169109,98806,24.337824111796944,55.14281568461118,6.0862803889351795
30,177982,93980,84002,30399.589958574223,131278,47.196907552449126,73.75914418311964,0.3234687163074508
31,258126,117562,140564,413194.2226587493,50015,54.455575959027755,19.376196121274106,3.514692014926161
32,288550,184004,104546,829159.66676754,87939,36.23150233928262,30.47617397331485,4.506204575811069
33,189213,88866,100347,429697.23861522006,198286,53.03388244993737,104.79512507068753,4.835339034222538
34,289002,144943,144059,1093280.2006190836,75450,49.847059881938534,26.10708576411236,7.542828564463848
35,133426,64125,69301,476934.89565174,64044,51.93965194190038,47.99964025002623,7.437581218740585
36,213629,153108,60521,1067420.7043396886,95259,28.329955202711243,44.59085611035955,6.971684721501742
37,283307,139751,143556,997888.1007837832,152906,50.67153300130247,53.97183973569308,7.140471987919823
38,58047,46653,11394,334442.77932264586,44262,19.628921391286372,76.2520026874774,7.168730399387947
39,165117,75132,89985,137001.7970568093,192445,54.4977197986882,116.55068829981165,1.8234813003355335
40,177848,143880,33968,990735.3305513816,189125,19.099455714992576,106.34080788088704,6.8858446660507475
41,61959,41329,20630,160300.30309036333,13545,33.29621201116868,21.861230813925335,3.8786397708718656
42,167659,87528,80131,117841.42671449811,61087,47.79403431966074,36.43526443555073,1.3463283373834443
43,266911,181246,85665,585549.5252766854,51005,32.09496798558321,19.10936604336277,3.230689368464327
44,217648,114691,102957,226515.7001841761,65318,47.30436300815997,30.010843196353747,1.9750085027088098
45,281025,212492,68533,251738.3033572628,93264,24.386798327550927,33.18708299973312,1.1846954396271991
46,286458,201890,84568,811886.9439973987,112181,29.521954352819613,39.161412842371305,4.021432185830892
47,171926,92723,79203,673737.1019558882,177789,46.068075800053506,103.41018810418436,7.26612708773323
48,291009,193656,97353,693727.172148533,157381,33.45360452769502,54.08114525667591,3.582265316584733
49,258527,180024,78503,116444.31375776583,109751,30.36549373953204,42.45243243452328,0.646826610661722
50,158906,82802,76104,532012.624862145,106308,47.89246472757479,66.89992825947415,6.425118051039166
51,223155,198989,24166,634893.4158207934,110078,10.829244247272076,49.328045528892474,3.1905955395564245
52,120623,96398,24225,116230.95842543576,86202,20.083234540676322,71.46398282251312,1.2057403517234357
53,280965,210135,70830,1442969.8195962482,133883,25.209545672948586,47.65113092378054,6.866870438509759
54,96250,49099,47151,279333.8471453939,142483,48.98805194805195,148.03428571428572,5.6891962595041425
55,173983,77959,96024,586578.0254107603,71295,55.19159917923015,40.97814154256451,7.524186115916832
56,259686,225502,34184,248089.98357447816,8155,13.163589873924664,3.1403310151490644,1.100167553167946
57,244728,111776,132952,826868.4310136371,85981,54.32643587983394,35.13329083717433,7.397548946228502
58,231785,122607,109178,647349.3114569007,96601,47.10313437021378,41.67698513708825,5.279872368273432
59,261807,177400,84407,751680.1008028444,133121,32.24016164579251,50.84699797942759,4.237204626848052
60,202688,90510,112178,649655.9860188449,117796,55.345161035680455,58.116908746447734,7.177726063626615
61,69855,50054,19801,135758.3772892133,117858,28.345859279937013,168.71805883616062,2.712238328389605
62,213714,163059,50655,1170255.2150208582,6295,23.702237569836324,2.9455253282424176,7.176882079620617
63,160885,127089,33796,652761.2790248182,143946,21.00630885415048,89.47136153152874,5.136253169234302
64,156336,75168,81168,540340.1699456279,192339,51.91894381332515,123.02924470371508,7.188433508216634
65,294205,119034,175171,96628.50906812212,133272,59.54045648442413,45.299026189221806,0.8117723429282568
66,283548,153671,129877,375404.5582638663,77505,45.804237730472444,27.33399636040459,2.4429108827551476
67,42869,26759,16110,212885.4979360236,94179,37.57960297650983,219.6902190393991,7.9556597008865655
68,130272,53286,76986,210540.964058116,135059,59.09635224760501,103.67461925816752,3.9511497214674773
69,98871,71663,27208,486863.1781299542,86416,27.518685964539653,87.40277735635323,6.7937872839534235
70,110271,75442,34829,56536.09467589562,171890,31.584913531209473,155.87960569868778,0.7493981426247398
71,216597,115359,101238,225171.2101645416,47333,46.74025956038172,21.85302658854924,1.9519171470326686
72,174508,112273,62235,813843.4335482017,30746,35.66312146148027,17.61867650766727,7.248790301748432
73,89377,51395,37982,265240.698332487,170862,42.49639168913703,191.16998780446872,5.160826896244519
74,147455,122694,24761,225938.81041303507,45714,16.792241700857886,31.0020006103557,1.8414821459324422
75,227907,93933,133974,485049.193371584,187563,58.784504205662834,82.29804262264871,5.163778367257343
76,164123,104213,59910,233070.57519732483,43525,36.503110472024034,26.519744338087897,2.2364827343740687
77,218274,168913,49361,1287889.799170856,3420,22.61423715147017,1.5668380109403777,7.624574776191625
78,136752,92496,44256,423478.1138274069,197307,32.36223236223236,144.28088803088804,4.5783397533667065
79,225312,98613,126699,241165.6013037349,6102,56.232690668939064,2.7082445675330207,2.445576154297455
80,221408,123647,97761,167658.1571959622,165656,44.15423110276052,74.81933805463217,1.3559419734887397
81,203817,176928,26889,985177.278928877,182957,13.192716996128881,89.76532870172753,5.568238373399784
82,76631,38657,37974,207555.1594389386,18070,49.55435789693466,23.580535292505644,5.369148134592405
83,75777,39940,35837,94351.24881161933,176089,47.29271414809243,232.3778983068741,2.3623247073515103
84,237392,195690,41702,213883.42679912492,105510,17.56672507919391,44.4454741524567,1.0929706515362303
85,94748,51946,42802,174447.49095166623,182065,45.174568328619074,192.15709038713217,3.358246851570212
86,69592,49115,20477,32059.98536286244,110627,29.42435912173813,158.96511093229105,0.6527534432019229
87,110316,54842,55474,31124.334160880266,70031,50.2864498350194,63.48217846912506,0.5675273359994214
88,247501,209139,38362,565503.7528701868,144475,15.499735354604628,58.373501521205974,2.7039612548122864
89,72097,32226,39871,149085.2465899416,118834,55.30188496053927,164.82516609567665,4.626241127969392
90,133848,63915,69933,502034.8830109408,22677,52.248072440380135,16.942352519275598,7.854727106484249
91,95609,79374,16235,158907.61191668955,70313,16.980618979384786,73.54223974730412,2.0020108841269124
92,167813,92571,75242,397746.0589441728,113632,44.836812404283336,67.71346677551799,4.296659417573244
93,251207,197196,54011,340472.3467061399,114692,21.500595126728157,45.65637104061591,1.7265682199747454
94,258214,114304,143910,47259.41965165227,187251,55.7328417514155,72.51775658949553,0.4134537693488616
95,203165,136185,66980,694467.129084266,73523,32.968277016218344,36.188812049319516,5.099439211985652
96,276175,245222,30953,1012865.6320889256,83613,11.207748710057029,30.275368878428534,4.130402786409562
97,262866,209660,53206,454261.51839685184,28251,20.240731018846102,10.747300906165117,2.1666580100965938
98,143481,63020,80461,12780.830800337058,8308,56.0778082115402,5.790313700071787,0.20280594732366009
99,45949,37585,8364,209265.5242882531,74740,18.202790049837862,162.65859975189883,5.567793648749584
100,156352,76088,80264,95223.85362206076,177247,51.335448219402366,113.3640759312321,1.2514963413686884
101,178877,79946,98931,116955.24003792634,187628,55.30671914220386,104.89218848706095,1.4629279768584587
102,154548,111140,43408,459404.976403109,29375,28.087066801252686,19.007039884048968,4.133570059412533
103,180734,111664,69070,652152.8819564712,67215,38.21638429957839,37.19001405380283,5.840314532494548
104,109042,84935,24107,9780.087654146517,192461,22.107995084462868,176.5017149355294,0.11514790903804693
105,49435,20911,28524,6813.439882335876,78781,57.70001011429149,159.36279963588552,0.3258304185517611
106,231475,112882,118593,15497.435975773042,166319,51.23361054109515,71.85181985095582,0.1372888146540019
107,161172,102623,58549,142195.9639662039,59101,36.327029508847694,36.669520760429855,1.3856149592801215
108,273828,164092,109736,808448.5943166744,98116,40.074791474940476,35.83125173466556,4.926800784417732
109,137379,58063,79316,174009.0579444544,23289,57.73517058647973,16.952372633371912,2.9969009170117697
110,150226,97882,52344,670679.5090815629,9540,34.84350245629918,6.350432015762918,6.851918729506578
111,56364,27137,29227,15320.192785643718,104182,51.85402029664324,184.83783975587252,0.5645499792034387
112,202049,83497,118552,391284.0296767229,191962,58.67487589644096,95.00764665996863,4.686204650187706
113,237459,163309,74150,507133.1398308871,166267,31.226443301791047,70.01924542763172,3.1053594096521753
114,131680,82843,48837,361604.2534184,103691,37.087636695018226,78.74468408262454,4.3649343145274795
115,277378,224735,52643,1171291.44162768,82986,18.978794280728824,29.918018011522186,5.211878174862305
116,260715,139998,120717,240336.3806474637,3373,46.302284103331225,1.2937498801373146,1.716712957666993
117,183233,76862,106371,380161.84046383295,27350,58.05231590379463,14.926350602784433,4.946031074703143
118,133008,96811,36197,298485.05817837856,146377,27.214152532178517,110.05127511127151,3.0831729677245208
119,115353,65787,49566,137202.48743244287,20358,42.968973498738656,17.648435671373957,2.085556225887225
120,43267,32296,10971,89999.03181936369,11338,25.356507268819193,26.204728777128068,2.786692835625579
121,171484,71953,99531,240579.7665602483,44425,58.04098341536237,25.90620699307224,3.34356825372463
122,78756,61060,17696,394122.6334372732,114352,22.469399156889633,145.1978261973691,6.454677914138114
123,123042,74601,48441,222023.3697458193,196582,39.36948359096894,159.76820922936884,2.976144686342265
124,205983,117493,88490,874859.763657117,61476,42.95985591043921,29.84518139846492,7.446058604828518
125,84811,52116,32695,313059.17255217343,112856,38.550423883694336,133.06764452724295,6.006968542331979
126,108450,48971,59479,353591.34714404045,14397,54.844628861226376,13.275242047026278,7.220423253436533
127,212627,172914,39713,442728.4537008576,66234,18.677308149952733,31.15032427678517,2.560396808244894
128,79954,47540,32414,4121.7756109870725,155538,40.54081096630562,194.53435725542187,0.08670121184238688
129,208011,120116,87895,919416.7609427954,51934,42.25497690026008,24.966948863281267,7.654407081011651
130,235967,151316,84651,596821.3634511875,139407,35.87408408802926,59.0790237617972,3.9442052621744397
131,126900,56578,70322,272679.2216450681,142202,55.41528762805359,112.05831363278172,4.819527407208952
132,127508,98970,28538,626740.6236603778,27192,22.381340778617812,21.32572073909088,6.332632349806788
133,41062,18297,22765,72371.26652114507,11174,55.44055330962934,27.212507914860456,3.9553624376206518
134,128461,86680,41781,306174.9108723546,38102,32.52426806579429,29.66036384583648,3.5322440109870166
135,114460,65866,48594,61685.8888321655,179208,42.4550061156736,156.5682334439979,0.9365361314208469
136,194697,159355,35342,1105118.900278473,175333,18.152308458784674,90.0542894857137,6.934949642486731
137,41542,25467,16075,45346.82901025147,193928,38.6957777670791,466.82393722016275,1.7806113405682442
138,133105,112599,20506,132060.45054160303,88092,15.405882573907817,66.18233725254498,1.172838573536204
139,297188,153531,143657,713987.216097961,173420,48.33876199577372,58.35363473626122,4.6504433378142584
140,197504,165938,31566,314200.54135373427,171334,15.982461114711603,86.74963545042125,1.89348154945663
141,208152,144862,63290,405866.5252280065,19870,30.405665090895116,9.545908758983819,2.801745973602508
142,205650,162170,43480,724451.337437244,118874,21.14271821055191,57.80403598346705,4.46723399788644
143,65289,55703,9586,49552.26685519639,44482,14.682412044908025,68.13092557704972,0.8895798584492107
144,126188,51191,74997,191929.65539457052,123961,59.432751133229786,98.23517291660063,3.7492851359530097
145,70355,32321,38034,30388.52657666245,173416,54.06012365858859,246.48710112998367,0.9402099742168389
146,82918,64097,18821,299137.50189146114,61629,22.698328469089944,74.32523698111387,4.666950120777277
147,106040,62291,43749,142378.3325326671,33591,41.25707280271595,31.677668804224822,2.285696690254886
148,253920,129955,123965,1001404.6809040372,36395,48.82049464398236,14.33325456836799,7.7057803155248905
149,282348,249860,32488,86271.48479976758,128148,11.506368028107158,45.38654426452463,0.3452792956046089
150,60559,40202,20357,319353.3658687049,21732,33.61515216565663,35.885665219042586,7.9437183689544035
151,299747,202906,96841,1573418.4023386312,114065,32.30757939195389,38.05375866981154,7.754420284952792
152,111726,79850,31876,444444.2625233735,52638,28.530512145785224,47.11347403469202,5.565989511876937
153,223808,159749,64059,746749.0161232267,150159,28.622301258221334,67.09277595081498,4.674514495384802
154,212502,89829,122673,201909.13886304368,142047,57.7279272665669,66.84501792924303,2.247705516737843
155,51023,43121,7902,157186.99869498183,66203,15.487133253630716,129.7512886345374,3.6452540222857035
156,159156,85735,73421,129028.5410313334,61529,46.13146849631808,38.65955414813139,1.5049692777900905
157,142023,81901,60122,382416.1537335862,158427,42.332579934236,111.55024186223359,4.669248894806977
158,274340,243393,30947,1920294.333848992,178677,11.280527812203834,65.1297659838157,7.889685955836823
159,161790,108083,53707,267637.38680860127,57043,33.19550033994684,35.25743247419494,2.4762209302906215
160,296460,220081,76379,286311.1890237041,165421,25.763678067867502,55.79875868582608,1.30093551475913
161,162402,131751,30651,1001096.7070089944,49407,18.873536040196548,30.42265489341264,7.598399306335393
162,241412,170607,70805,570841.517539469,58141,29.32952794392988,24.083724089937533,3.345944290324951
163,194865,131688,63177,173653.55344487503,1015,32.420906781618044,0.5208734251917995,1.3186740890960074
164,295776,233308,62468,896593.4644806038,112816,21.120036784593747,38.142378015795735,3.8429606549308373
165,168778,117649,51129,358491.4271342644,20309,30.29364016637239,12.032966381874415,3.047126853048172
166,46970,38565,8405,258641.17197748023,18017,17.894400681285926,38.35852671918246,6.706629637689103
167,115880,70386,45494,153952.24131931752,172015,39.259578874697965,148.44235415947531,2.18725657544565
168,218998,182285,36713,1185437.2835942097,98142,16.764080037260616,44.81410789139627,6.503208073040621
169,180932,162534,18398,722212.2947073396,23524,10.16846107930051,13.001569650476421,4.44345364482102
170,240244,209584,30660,1424579.9898218769,144528,12.762025274304456,60.15883851417725,6.797179125419292
171,284820,178089,106731,184014.96867931672,45106,37.47314093111439,15.836668773260303,1.0332753212119599
172,93932,66042,27890,120800.22528847748,37744,29.691691862198187,40.182259506877315,1.8291424440277018
173,216615,153593,63022,440090.2908065445,138311,29.094014726588647,63.851072178750314,2.8653017442627235
174,164454,121003,43451,503670.3418596936,174197,26.421370109574717,105.92445303853965,4.162461607230346
175,89922,59355,30567,404649.8636112556,115765,33.99279375458731,128.73935188274282,6.817452002548321
176,113963,77548,36415,543861.8686315947,173880,31.953353281328152,152.57583601695288,7.01322882126676
177,259536,121205,138331,27908.834260466003,44238,53.299349608532154,17.0450342149066,0.23026141050671178
178,41252,29295,11957,165008.13445173405,53682,28.98526132066324,130.13187239406574,5.6326381447937885
179,99494,46581,52913,5420.040571804865,6949,53.18210143325226,6.984340764267192,0.11635732534305543
180,278897,193821,85076,608201.0645222018,154458,30.504451464160603,55.38173590967275,3.1379523607978586
181,296434,252585,43849,703712.8571046425,53413,14.792162842319032,18.018513395899255,2.7860437361864028
182,227872,180435,47437,572401.575425107,70390,20.81738870945092,30.890148855497824,3.1723422585701613
183,223401,185686,37715,1410501.4921959434,170883,16.882198378700185,76.49160030617588,7.596164989261136
184,285897,246813,39084,971685.5891507204,19963,13.670657614455555,6.982584637124559,3.936930344636305
185,95123,59886,35237,469521.8464283687,14388,37.043617211399976,15.125679383535001,7.840260602283817
186,45569,25718,19851,130318.42537054044,143087,43.56250960082512,314.0007461212667,5.067206834533807
187,85002,37225,47777,38380.38118499134,137162,56.206912778522856,161.36326204089315,1.0310377752851938
188,182709,136818,45891,197091.55254629065,125827,25.116989310871386,68.8674340070823,1.4405381787943885
189,148215,89793,58422,628060.8055415414,164506,39.41706305029855,110.99146510137301,6.994540838835337
190,109724,97276,12448,468430.9402931396,142386,11.344828843279501,129.76741642667056,4.8154831643276825
191,195026,158145,36881,436584.7374157708,103081,18.910811891747766,52.85500394819152,2.760661022579094
192,76668,31886,44782,139970.69079509945,104680,58.41028851672145,136.5367558825064,4.389722473659269
193,187979,94584,93395,275632.80429896933,91865,49.68374126897153,48.86982056506312,2.9141588883846037
194,152428,85480,66948,63111.99448666573,22574,43.92106437137534,14.809615031359069,0.7383246898299688
195,176312,131157,45155,536859.1914065451,150334,25.610848949589364,85.26589228186397,4.09325610837809
196,158831,68382,90449,151467.5786848167,190471,56.946691766720605,119.92054447809306,2.21502118517763
197,167600,117091,50509,923854.54322433,131374,30.136634844868738,78.3854415274463,7.89005596693452
198,253630,218634,34996,412984.81681272463,28699,13.798052280881597,11.315301817608328,1.8889322649392346
199,113686,75673,38013,436188.8953094106,105113,33.43683479056348,92.45905388526292,5.764128491131719
200,44621,21144,23477,22516.99470442912,136194,52.61423993187064,305.2239976692589,1.0649354286998258
201,58030,47713,10317,286131.51422260585,67067,17.778735136998105,115.5729794933655,5.996929856068699
202,277548,231366,46182,655499.9890777781,34674,16.639284015737818,12.49297418824852,2.8331733663450036
203,206926,93620,113306,552287.0031560267,141339,54.75677295264973,68.30412804577482,5.899241648750552
204,261897,178609,83288,1201266.9589413712,137301,31.801815217432804,52.42557188513042,6.725679887023449
205,227865,152138,75727,283848.62736290926,134668,33.23327408772738,59.09990564588682,1.8657312923984097
206,149779,95406,54373,271032.6492693228,82152,36.3021518370399,54.84881058092256,2.840834426234438
207,165036,105588,59448,493475.6415359976,26069,36.02123173125864,15.795947550837393,4.673595877713354
208,250977,170381,80596,799475.9511434784,23275,32.11290277595158,9.273758153137539,4.692283477286073
209,112274,66172,46102,178636.25512778052,185625,41.062044640789495,165.33213388674136,2.6995746709753448
210,88447,60620,27827,172692.6681914195,17260,31.461779370696576,19.514511515370785,2.84877380718277
211,152581,107247,45334,203534.8938664816,158357,29.71143196072906,103.78553030849189,1.8978143338879558
212,263508,125543,137965,247026.16875661045,158211,52.35704418841174,60.04030238171138,1.9676618270760653
213,248221,122443,125778,279263.2619230458,144990,50.671780389249896,58.41165735372914,2.2807613495507773
214,256727,217802,38925,139800.56218077597,155890,15.162020356253919,60.722090002220256,0.6418699652931377
215,271966,164593,107373,1293541.149542706,169182,39.48030268489443,62.207040585955596,7.859028935268851
216,56389,33772,22617,261927.64378060607,122883,40.10888648495274,217.92016173367145,7.755763466202951
217,258958,209376,49582,431989.2985228906,13234,19.146734219448714,5.110481236339483,2.0632226163595186
218,274936,208739,66197,893464.2592825807,46514,24.07723979398842,16.918119125905665,4.280293856359284
219,128236,100632,27604,150580.69203872554,42101,21.52593655447768,32.830874325462425,1.496349988460187
220,104323,63920,40403,259571.6432440829,168048,38.72875588317054,161.0843246455719,4.06088302947564
221,275659,126091,149568,615949.5341720631,42533,54.258340921210625,15.429570592652517,4.884960339533061
222,41828,27315,14513,203663.7740699853,105292,34.69685378215549,251.72611647700106,7.456114738055475
223,287786,200570,87216,592452.461411519,190455,30.305852265224853,66.17938329175152,2.9538438520791694
224,105545,71169,34376,312529.827093749,39809,32.56999384148941,37.71756122980719,4.391375839111818
225,156748,116351,40397,81788.3408895549,132414,25.771939673871437,84.47571898844004,0.7029448899412544
226,234148,93976,140172,87733.03459022914,93070,59.86470095836821,39.748364282419665,0.9335685131334505
227,119767,84202,35565,535046.0821286086,42078,29.695158098641528,35.133216996334546,6.3543155997317
228,146288,120740,25548,720551.7137180178,42929,17.464180247183638,29.345537569725472,5.967796204389745
229,167309,144968,22341,1149224.5147446,196513,13.3531370099636,117.45512793693106,7.927435811659125
230,124555,73439,51116,544300.1537520384,167231,41.03889847858376,134.26277548071133,7.411595388717689
231,83925,35588,48337,222500.29901255484,172904,57.59547214775097,206.02204349121237,6.252115854011319
232,98596,49378,49218,64648.02517458206,86740,49.9188608057122,87.97517140654793,1.309247542925636
233,55524,44823,10701,238529.08018612623,125501,19.272746920250704,226.03018514516245,5.321577765569601
234,60611,33826,26785,159200.4929235487,43303,44.19164838065698,71.44412730362475,4.7064534063604535
235,230279,142673,87606,430238.3406347187,143026,38.04341689863166,62.10987541200023,3.0155554353992606
236,113340,62415,50925,373296.3157096057,149646,44.93118051879301,132.0328215987295,5.980875041410009
237,180256,93031,87225,669506.577010451,176630,48.38951269305876,97.98841647434759,7.196596586196548
238,289793,194676,95117,1411746.9173930732,135090,32.82239391565704,46.61603282342914,7.2517768877163755
239,51302,23519,27783,176831.29372212256,96646,54.1557834002573,188.3864176835211,7.5186569889078
240,123122,69865,53257,77841.9468530204,80910,43.255470184045095,65.71530676889589,1.114176581307098
241,160430,113911,46519,486136.69158491807,140518,28.996447048557002,87.588356292464,4.267688735810572
242,171994,136614,35380,165767.29615848057,66656,20.570485016919196,38.75484028512622,1.2133990378620096
243,84028,44051,39977,262172.62507295195,103677,47.57580806397868,123.38387204265244,5.951570340581416
244,107779,73822,33957,450289.8007899941,174944,31.50613755926479,162.31733454569073,6.099669485925524
245,86197,69873,16324,61841.37085016956,71907,18.938014084016846,83.42169681079388,0.8850538956416578
246,168876,78315,90561,248908.4332818813,20103,53.625737227314715,11.904000568464436,3.178298324482938
247,104772,67387,37385,220466.10014608107,134828,35.68224334745925,128.6870537929981,3.271641416683946
248,60609,24613,35996,117835.76163811404,75683,59.39051955980135,124.87089376165257,4.787541609641817
249,270169,142081,128088,392934.65962424304,77834,47.41032464864585,28.809374872764828,2.7655679480313555
250,166205,141976,24229,662621.0676297178,144071,14.57778045185163,86.68271110977408,4.667134358128964
251,95318,60145,35173,455794.851687621,133515,36.900690320820836,140.07322856123713,7.578266716894521
252,247065,171244,75821,693043.207415132,17368,30.688685163823287,7.029729018679295,4.047109431075728
253,186400,76247,110153,531974.6534821177,170987,59.09495708154506,91.73122317596567,6.976991271553211
254,77219,66360,10859,419440.1321564352,53028,14.062601173286367,68.67221797744078,6.320677096992695
255,144263,104689,39574,645928.3398453029,196382,27.431843230766034,136.12776664841297,6.169973348157905
256,149945,65145,84800,40296.646490136365,175399,56.554069825602724,116.97555770449164,0.618568523910298
257,239976,207047,32929,746759.5146488907,76589,13.721788845551222,31.915274860819416,3.606714971233057
258,62116,55433,6683,372021.1010076597,124085,10.758902698177602,199.76334599781055,6.711184691567472
259,157718,135703,22015,944380.368167336,168502,13.958457500095106,106.8375201308665,6.959170896497026
260,210354,146330,64024,467088.5252585293,56264,30.436312121471428,26.747292659041427,3.192021630961042
261,246132,139704,106428,897294.7054634928,97945,43.24021256886549,39.793687939804656,6.4228275887840915
262,53224,24330,28894,80679.1722693941,139649,54.287539455884556,262.37975349466404,3.316036673629022
263,48070,27567,20503,162645.57525313148,36368,42.65238194299979,75.65633451216975,5.900009984877987
264,177855,91115,86740,329792.2120994429,67526,48.77006550279722,37.966883135138175,3.6195161290615476
265,241907,147433,94474,1079027.8058573855,121008,39.053851273423255,50.022529319118505,7.3187672085448
266,208220,143733,64487,727017.9431643029,141467,30.97060801075785,67.94111996926327,5.058114303356243
267,187313,137069,50244,195225.69554295967,46163,26.82355202255049,24.644845792870758,1.4242877349580114
268,59816,28372,31444,94109.72510706494,96731,52.56787481610271,161.71425705496858,3.31699298981619
269,192638,173073,19565,695331.1761844732,1759,10.156355443889575,0.913111639448084,4.017560082649941
270,297164,177899,119265,607402.555764019,164791,40.13440389818417,55.454563809882764,3.414311242693995
271,229138,131684,97454,493269.1207717968,159024,42.53070202236207,69.4009723398127,3.7458546275310347
272,257516,151641,105875,1014860.1988197012,149521,41.11395020115255,58.06279998136038,6.692518506338663
273,204608,161182,43426,584496.0076988527,159937,21.22399906162027,78.16752033156084,3.626310677984221
274,177717,110252,67465,353479.4319010115,38565,37.962040772689164,21.700231266564256,3.206104487002608
275,196594,93897,102697,136660.04535291577,129948,52.238115100155646,66.09967750796056,1.4554250439621688
276,52342,45697,6645,136472.92660828697,131026,12.695349814680371,250.3266974895877,2.9864745302380236
277,115629,76695,38934,491308.0297930244,105947,33.67148379731728,91.62666805040259,6.405998171888968
278,66399,50329,16070,265303.86457916803,110904,24.202171719453606,167.02661184656395,5.27139153528121
279,247606,130474,117132,204701.28455522849,63230,47.305800344095054,25.536537886804034,1.5689047975476225
280,285756,199321,86435,540991.0720261974,199908,30.247833816262826,69.95758619241592,2.7141699671695276
281,112258,94715,17543,421839.0792220521,64929,15.627394038732206,57.83908496499136,4.453772678266929
282,113506,59203,54303,342082.9533332047,191607,47.84152379609888,168.80781632689022,5.778135454845273
283,153453,125081,28372,397440.9045456476,127157,18.4890487641167,82.863808462526,3.177468236947639
284,161300,97295,64005,252180.90396308852,47057,39.68071915685059,29.17358958462492,2.5919204888543965
285,46150,33072,13078,194702.6989409455,191572,28.338028169014084,415.10725893824485,5.8872369055680185
286,224466,103566,120900,726158.4572968055,181532,53.8611638288204,80.87282706512346,7.011552607002351
287,202491,152267,50224,1109263.8811765716,23236,24.803077667649426,11.475077904696999,7.2849920283224305
288,127955,72669,55286,479677.7973372261,94914,43.20737759368528,74.17764057676527,6.600858651381278
289,142870,59593,83277,396009.5520779434,164644,58.2886540211381,115.24042836144747,6.645236052521998
290,249829,196594,53235,570528.204351655,193588,21.308575065344694,77.4882019301202,2.9020631573275635
291,178155,90815,87340,708028.079112283,148843,49.024725660239675,83.5469113973787,7.796378121590959
292,201047,91902,109145,415968.0234253347,67642,54.28830074559679,33.644869110208056,4.526212959732484
293,130093,82678,47415,120450.03218792687,159601,36.44700329764092,122.6822350164882,1.456857110572666
294,75954,49843,26111,295743.21888951503,99608,34.37738631276825,131.14253363878137,5.933495553829324
295,100774,51295,49479,264704.42828582204,51693,49.09897394169131,51.29596919840434,5.160433342154636
296,156739,73062,83677,526380.9077834624,126678,53.38620254052916,80.82098265269015,7.204578409891084
297,114532,46865,67667,342788.90855566226,61268,59.08130478818146,53.49421995599483,7.314390452483991
298,263273,181199,82074,397268.2554664083,171024,31.174484280575676,64.96070618711376,2.192441765497648
299,193252,140244,53008,930930.4761529022,1622,27.429470328896983,0.8393186098979571,6.637934429657613
300,88756,35990,52766,39412.11060941099,81182,59.45062868989138,91.4664924061472,1.0950850405504582
301,253637,194309,59328,389753.791384508,177900,23.390909055066885,70.13960896872302,2.005845284492782
302,291896,188896,103000,866344.1188846085,142736,35.28654041165347,48.89960807958999,4.586355025435205
303,75737,45608,30129,281277.808681178,167469,39.781084542561764,221.119135957326,6.167291016514165
304,168575,97256,71319,745857.9580541967,192192,42.30698502150378,114.00978792822185,7.669017418505765
305,190322,84725,105597,522574.2603279473,53276,55.48333876272843,27.992559977301624,6.167887404283828
306,97492,79801,17691,279107.7617816351,155834,18.146104295737086,159.84285890124318,3.497547170857948
307,51046,35997,15049,273377.5741895071,184374,29.481252203894527,361.1918661599342,7.594454376462125
308,194222,170341,23881,183970.02077764648,152864,12.295723450484497,78.70581087621382,1.0800102193696555
309,99129,41197,57932,86435.93466415915,198370,58.441021295483665,200.1129840914364,2.0981123543986007
310,203059,86444,116615,343263.0709845094,176492,57.429121585352036,86.91661044327019,3.970929977609891
311,78890,44740,34150,275924.89596470457,132596,43.28812270249715,168.0770693370516,6.167297629966575
312,140424,61445,78979,357948.46499944327,34008,56.24323477468239,24.2180823790805,5.825510049628827
313,171132,127356,43776,443022.9642817496,13350,25.580253839141715,7.800995722600098,3.47861870882997
314,64354,52097,12257,333177.3523731753,20581,19.04621313360475,31.980918047052242,6.395327031751835
315,128929,58217,70712,146518.9419821878,69626,54.84569026363347,54.00336619379659,2.516772454475287
316,46960,21996,24964,167211.36667713895,94006,53.16013628620102,200.1831345826235,7.6018988305664195
317,299568,147557,152011,639690.2247384671,90327,50.74340383485553,30.15241948405704,4.335207579026865
318,171410,131319,40091,847334.4270081418,132822,23.38895046963421,77.48789452190654,6.452489182891598
319,225828,168498,57330,1144702.1511796254,146968,25.386577395185718,65.0796181164426,6.793565212522554
320,226833,146242,80591,258800.88952465812,90600,35.5287810856445,39.94127838542011,1.7696755345568176
321,162732,119601,43131,42257.84412452553,29711,26.50431384116216,18.25762603544478,0.3533235016808014
322,110342,99272,11070,441408.2476194536,19541,10.032444581392399,17.70948505555455,4.446452651497437
323,134457,74815,59642,72135.1738552747,24070,44.357675688138215,17.901633979636614,0.9641806302917155
324,240840,119528,121312,110235.43548516324,41786,50.37037037037037,17.350107955489122,0.9222561699782749
325,266006,212185,53821,1264732.1691431117,51571,20.233002263106847,19.387156680676377,5.960516384961763
326,65510,41112,24398,171826.6423315032,66150,37.243168981834835,100.97695008395664,4.1794766085693515
327,127312,92311,35001,269324.5423572269,35435,27.49230237526706,27.83319718486867,2.917577995658447
328,136443,87395,49048,618755.4509468172,134055,35.9476118232522,98.24981860557156,7.079986852186249
329,268313,204557,63756,106952.77603847404,187918,23.76180058364671,70.03685993597031,0.522850726391539
330,134071,89793,44278,568011.2411230804,115608,33.02578484534314,86.22893839831134,6.3257853187117075
331,47564,33910,13654,240348.0435415129,79273,28.706584812042724,166.66596585653016,7.087821985889498
332,114859,59322,55537,11580.025307975588,183465,48.35232763649344,159.73062624609304,0.19520625245230416
333,237153,97383,139770,681448.5839280431,27788,58.936635842683835,11.71733016238462,6.997613381473595
334,266577,231797,34780,1481244.4616210265,39974,13.046887015759049,14.99529216699115,6.390265886189323
335,147309,84755,62554,520184.3474268613,61916,42.46447942759777,42.03137622276982,6.137506311449015
336,298365,190935,107430,958502.044956796,85431,36.00623397516465,28.633050123171284,5.020043705746961
337,123691,110337,13354,678151.8693245548,181144,10.796258418154919,146.4488119588329,6.1461873109161465
338,64574,39433,25141,232680.66318843808,32733,38.933626536996314,50.690680459627714,5.900658412711132
339,256752,116883,139869,331594.41321221506,32413,54.47630398205272,12.624244407054277,2.8369772611262123
340,205873,112850,93023,210901.0776478587,171672,45.18465267422149,83.38733102446653,1.8688620083992797
341,228847,93583,135264,739472.1951893363,166472,59.106739437265944,72.74379825822493,7.901779117888252
342,175566,103963,71603,565265.363604957,43001,40.78409259195972,24.492783340737954,5.437178261544559
343,107364,85158,22206,60912.49707925916,168645,20.682910472784176,157.077791438471,0.7152880184980761
344,171878,144301,27577,1090606.2043893824,160829,16.044519950197234,93.57160311383656,7.557856178331282
345,74636,66768,7868,397057.450231692,193283,10.541829680047163,258.96752237526124,5.946822583148993
346,225914,135726,90188,909717.88597643,169269,39.921386014146975,74.92629938826279,6.702605882265963
347,81844,66729,15115,64240.68201466595,40042,18.468061189580176,48.924783734910314,0.9627100962799675
348,101665,60190,41475,17687.162509662994,186626,40.795750750012296,183.56956671420843,0.293855499412909
349,185271,106542,78729,49301.395571339,66262,42.49396829509205,35.764906542308296,0.4627414125071709
350,288496,190156,98340,908601.9881365114,30448,34.08712772447451,10.5540458099939,4.778192579442728
351,66172,35078,31094,144590.93351289563,156497,46.989663301698606,236.50033246690444,4.121983394517807
352,197757,177618,20139,1275206.5099493652,7906,10.183710311139428,3.9978357276859984,7.179489184369631
353,101413,72152,29261,431683.4558276998,60504,28.853302830997997,59.66099020835593,5.982972832737828
354,230792,195587,35205,1345836.9891418596,148746,15.253994939166002,64.45024090956359,6.88101453134339
355,123560,73590,49970,160696.64316540974,65160,40.44189057947556,52.73551311103917,2.1836749988505195
356,57602,50564,7038,348740.96671528195,29192,12.218325752578036,50.67879587514322,6.897020938123605
357,86542,62969,23573,277495.50215909514,50106,27.238797346952925,57.89789928589587,4.4068589648731145
358,121121,73184,47937,218198.6914322335,152826,39.57777759430652,126.17630303580715,2.981508136098512
359,175044,74287,100757,316523.5468697953,106532,57.56095610246567,60.860126596741395,4.260820155206097
360,166267,75607,90660,541031.5531256214,86988,54.52675515887098,52.31825918552689,7.1558394477445395
361,85648,36893,48755,260584.4878983069,115005,56.924855221371196,134.27634036988604,7.063250153099691
362,42396,36174,6222,165335.1312399894,11303,14.675912821964337,26.6605340126427,4.570551535356593
363,201633,135475,66158,936937.3836771044,99616,32.81109738981218,49.4046113483408,6.915943042458789
364,164165,108452,55713,753230.204167987,198747,33.9371973319526,121.06539152681752,6.9452864324123755
365,284064,135973,148091,174480.66817636715,105228,52.13297003492171,37.04376478540048,1.2832008426405768
366,204202,106051,98151,789096.0940952663,86206,48.06564088500602,42.216040979030566,7.440722804077909
367,109274,84835,24439,107642.11286030326,48874,22.36488094148654,44.72610135988433,1.2688408423445896
368,89708,74988,14720,17545.56208156417,47638,16.408792972756054,53.10340214919517,0.23397826427647317
369,118249,54918,63331,147232.45790562843,167581,53.55732395199959,141.7187460359073,2.680950834073135
370,82534,39647,42887,259439.50884198767,179917,51.962827440812276,217.99137325223543,6.5437361929524975
371,229004,149707,79297,7648.077576896038,191533,34.62690608024314,83.63740371347225,0.05108697373466864
372,115418,102790,12628,519552.8995363467,163038,10.941101041432013,141.2587291410352,5.054508216133347
373,243617,174674,68943,754571.2497318987,132079,28.299749196484647,54.215838796143125,4.319883037726844
374,242053,131113,110940,19328.907895391258,173279,45.832937414533184,71.58721437040649,0.14742174990573975
375,184353,105253,79100,532682.8169442195,91357,42.90681464364561,49.555472381789286,5.060975145071585
376,197732,89227,108505,669008.6898451746,83807,54.87478000525965,42.3841361034127,7.497827897891608
377,216611,93991,122620,226302.93296718565,181264,56.6083901556246,83.68180747976788,2.40770853557453
378,251467,109055,142412,507908.7962761879,20953,56.6324806038168,8.332306028226368,4.657363681410186
379,247991,104868,143123,731170.5743006992,168639,57.712981519490626,68.00206459105371,6.97229444921901
380,155374,137418,17956,824125.2433155938,87266,11.556631096579865,56.16512415204603,5.997214653943398
381,192499,149982,42517,29500.759234591747,123786,22.086867983729785,64.30474963506305,0.1966953316704121
382,215136,120864,94272,472474.96452055615,93106,43.81972333779563,43.27774059199762,3.909145523237326
383,67082,49751,17331,177472.84435959684,26029,25.835544557407353,38.80176500402492,3.5672216510139867
384,184097,165422,18675,563998.1070278329,137612,10.144108812202262,74.74972433010858,3.409450417887783
385,137768,66378,71390,422062.94581538247,75932,51.81900005806863,55.11584693107253,6.358476389999435
386,188554,96235,92319,63423.51939872497,78797,48.961570690624434,41.79015030177031,0.6590483649267416
387,92307,67130,25177,146751.29637911834,175485,27.275287897992566,190.1101758263187,2.1860762159856746
388,284459,118235,166224,691693.7309490697,170286,58.43513476458821,59.863108567491274,5.850160535789485
389,252943,209608,43335,1617369.657212911,99986,17.132318348402606,39.52906386023729,7.716163778161668
390,234488,145652,88836,363491.4505567739,12857,37.88509433318549,5.483009791545836,2.4956159239610436
391,281531,214586,66945,1280369.448509412,179362,23.778908894579992,63.70950268354106,5.966696096247714
392,66431,55407,11024,316894.37036388746,26385,16.594662130631782,39.71790278634975,5.71939232161798
393,209230,133021,76209,578090.9684718882,21563,36.423553027768484,10.305883477512785,4.345862446319665
394,210413,105595,104818,77012.11491553448,139783,49.815363119198906,66.43268239129712,0.7293159232495333
395,245390,153821,91569,652637.1455813927,170182,37.315701536329925,69.35164432128448,4.242835149826049
396,232860,108424,124436,28212.94788127598,44859,53.43811732371382,19.264364854418965,0.26020943593001533
397,224697,159158,65539,1014202.2572574902,68760,29.167723645620548,30.60120962896701,6.3722983278094105
398,87837,40286,47551,40345.87859737557,79083,54.13550098477863,90.03381263021278,1.0014863376204035
399,222099,136624,85475,219171.92208565443,74744,38.48508998239524,33.65346084403802,1.6041978136026938
400,292859,126545,166314,589164.5684420607,49268,56.78978621111184,16.823112829040596,4.65577121531519
401,271809,217115,54694,539073.8936935337,85708,20.122218175262777,31.532436379957986,2.48289567138859
402,231184,93816,137368,54373.41780267469,161087,59.4193369783376,69.67913004360163,0.579575102356471
403,200081,128045,72036,614637.0486714899,157215,36.00341861546074,78.5756768508754,4.80016438495443
404,46154,34499,11655,237386.90064504292,20581,25.252415825280583,44.59201802660658,6.880979177513636
405,223720,93919,129801,361029.85583606426,46167,58.01939924906133,20.636062935812625,3.844055578062631
406,246376,128367,118009,1013239.3368793904,169631,47.897928369646394,68.85045621326753,7.8933007461371725
407,285198,185220,99978,915958.440883216,48787,35.05564555151158,17.106361194678783,4.945245874544952
408,75488,51318,24170,4011.362782861336,194555,32.01833403984739,257.72970538363717,0.07816677935346927
409,162720,107209,55511,75360.63605454752,176076,34.11442969518191,108.20796460176992,0.7029319931586668
410,254941,106208,148733,66765.32020672354,50069,58.34016497934817,19.639445989464228,0.628627977240166
411,92326,43056,49270,195488.3101019972,50861,53.36524922557027,55.08849078266144,4.540326786092465
412,115897,92751,23146,148513.08243160305,9078,19.971181307540316,7.832817070329689,1.6012019539584808
413,196075,88681,107394,451514.167678234,180858,54.77189850822389,92.23919418589826,5.091441996349094
414,172997,120646,52351,595127.0110670404,125150,30.261218402631258,72.34229495309167,4.932836654899793
415,197087,108283,88804,810131.6653285711,102215,45.058273757274705,51.8628828892824,7.481614522395677
416,197361,140649,56712,881500.9838476973,61550,28.73516044203262,31.1865059459569,6.267381807532917
417,64826,41631,23195,220084.81875932883,98511,35.78039675438867,151.96217567025576,5.2865609463940055
418,237507,165955,71552,1040647.451221018,33662,30.126269962569523,14.1730559520351,6.270660427350896
419,138818,58355,80463,76561.5177051369,36877,57.962944286763964,26.564998775374953,1.311995847915978
420,151562,115552,36010,548436.2749563021,110091,23.75925363877489,72.63760045393964,4.74622918648143
421,296908,189914,106994,935504.2428411128,162962,36.03607851590392,54.88636210543333,4.9259361755379425
422,191094,121362,69732,722617.56766988,28380,36.49094163082044,14.851329712078872,5.954232524759645
423,150198,92646,57552,32360.62351964948,20049,38.31742100427436,13.348380138217554,0.3492932616588896
424,246789,187461,59328,342610.83411765273,2920,24.03996936654389,1.183196982037287,1.8276379306503898
425,262266,190185,72081,303599.84823967575,176572,27.48392853057583,67.32553971921637,1.596339607433161
426,275612,167902,107710,273449.6034081858,161099,39.08030129312222,58.451373670232066,1.6286262427379412
427,297840,248439,49401,1445257.2521893743,132028,16.58642224012893,44.328498522696755,5.817352558130464
428,271447,166328,105119,460309.40352281,25963,38.72542337914952,9.564666398965544,2.7674799403757038
429,141757,126705,15052,40656.28078334874,116400,10.618170531261242,82.1123471856769,0.3208735312998598
430,120818,83284,37534,292237.1725742868,162932,31.066562929364828,134.85738879968216,3.5089233535167237
431,71585,46053,25532,321790.0830669977,26017,35.66668994901166,36.344206188447295,6.9873859046532845
432,247779,151358,96421,335200.8138712235,17778,38.91411297971176,7.174942186383834,2.2146223778804126
433,216313,185203,31110,312122.15512333176,179436,14.381937285322657,82.95201860267298,1.6852975120453328
434,269905,193192,76713,1133052.5682116237,158562,28.422222633889703,58.74733702599063,5.864904179322248
435,298841,226495,72346,1647130.5661453148,142633,24.208860230021987,47.72872530877624,7.272260165325128
436,278507,163323,115184,669774.8252786217,26916,41.357667850359235,9.664389045876764,4.100921641646441
437,104324,45335,58989,158551.14321608664,181749,56.544035888194465,174.21590429814808,3.497323110534612
438,136059,81976,54083,388840.6299568812,35046,39.74966742369119,25.7579432452098,4.743347198654255
439,218136,159525,58611,121572.73645169409,101520,26.86901749367367,46.539773352404005,0.7620920636370104
440,165818,92207,73611,294358.6364437168,64674,44.39264736035895,39.00300329276677,3.1923675690968887
441,295204,119414,175790,562117.6495818804,86475,59.54865110228859,29.293302258776983,4.707301066724844
442,101367,60650,40717,115005.91626896472,118154,40.16790474217448,116.56061637416516,1.8962228568666895
443,223305,97528,125777,132449.1917390214,120585,56.32520543651061,54.00013434540203,1.358063240700326
444,116619,94979,21640,327402.12887899735,79530,18.55615294248793,68.19643454325625,3.4471001892944475
445,194571,146587,47984,195889.3772278123,71635,24.661434643394955,36.816894604026295,1.3363352632075989
446,147803,61831,85972,364259.78394818894,15563,58.16661366819348,10.529556233635311,5.891216120525124
447,132324,104654,27670,590571.3917297485,79671,20.910794716000122,60.20903237507935,5.643084752897629
448,156891,130550,26341,582921.6766758304,181180,16.789363315932718,115.48144890401618,4.465121996750903
449,74707,39958,34749,18248.612764934744,178686,46.51371357436385,239.18240593250965,0.4566948487145188
450,262500,227929,34571,71740.27104826189,170102,13.169904761904764,64.8007619047619,0.3147483253480772
451,172130,107770,64360,805149.6851118585,160928,37.39034450705862,93.49212804275838,7.471000140223239
452,180272,124808,55464,687150.7785846243,172307,30.766841217715452,95.58167657761605,5.5056629269327635
453,288500,184625,103875,1013174.3460468675,196733,36.0051993067591,68.19168110918544,5.487741887863873
454,166945,93750,73195,729823.3110527599,146470,43.843780885920516,87.73548174548505,7.784781984562772
455,160030,84353,75677,352075.9569912359,9110,47.289258264075485,5.692682622008373,4.173840373089705
456,276971,184496,92475,185590.44769823583,104061,33.38797202595217,37.571081448960356,1.0059320944531904
457,72556,34229,38327,257352.7332629109,135542,52.824025580241475,186.81018799272286,7.518558335414733
458,161863,143241,18622,107603.45944313664,154268,11.504791088760248,95.30776026639812,0.7512057263153472
459,145823,75431,70392,581329.7195718042,48320,48.272220431619154,33.1360622124082,7.706774662563192
460,218486,194303,24183,581815.8779645051,186481,11.068443744679293,85.35146416704045,2.9943741371183417
461,68625,48649,19976,338170.8687192413,110448,29.108925318761386,160.94426229508196,6.951239875829746
462,265867,121382,144485,772485.1194980225,161731,54.3448415937292,60.83154359134454,6.364082973571225
463,141376,71796,69580,378442.72976659087,19508,49.21627433227705,13.798664554096876,5.271083761861258
464,213359,154816,58543,132018.45264129512,36059,27.43873002779353,16.90062289380809,0.8527442424639257
465,240641,216506,24135,83505.56548434835,5704,10.02946297596835,2.3703358945483104,0.3856963108844482
466,231648,139788,91860,973767.0665259582,158280,39.65499378367178,68.327807708247,6.966027602698073
467,158516,108346,50170,640064.1442043538,156995,31.64980191274067,99.04047540942238,5.907593674010612
468,297633,179195,118438,468821.6590905965,4114,39.79330248997927,1.3822392006262747,2.6162652925059096
469,236037,200793,35244,1410195.1959790825,156498,14.931557340586432,66.30231700962138,7.023129272330621
470,57772,46732,11040,44940.87660463419,115142,19.10960326801911,199.3041611853493,0.9616724429648675
471,131736,74324,57412,374717.0800865225,126969,43.58110159713366,96.38139916196027,5.041669986633154
472,274182,186915,87267,568849.1921333871,162396,31.828128761187823,59.229271068122635,3.0433576338623816
473,143896,100474,43422,438618.7554775536,96546,30.175960415855897,67.09429032078724,4.365495107963787
474,193515,78825,114690,370201.1128763458,191305,59.266723509805445,98.85796966643413,4.696493661609208
475,65537,41402,24135,125791.12696784378,6471,36.82652547415963,9.873811739933167,3.0382862414338385
476,206703,170237,36466,1245095.0541282431,195804,17.64173717846379,94.72721731179519,7.313892127611759
477,41177,18713,22464,22304.676806162028,53551,54.55472715350803,130.0507564902737,1.1919348477615577
478,182628,95520,87108,364271.61420745216,73770,47.696957750180694,40.39358696366384,3.813563800329273
479,262127,176858,85269,1056727.563234795,158059,32.52965165740271,60.29863386831574,5.975005729086583
480,118714,78424,40290,515963.0518184717,64106,33.9387098404569,54.00037063867783,6.579147350536465
481,278582,236337,42245,134769.32147221817,39310,15.164296329267504,14.110746566540552,0.5702421604413113
482,96088,69889,26199,212504.2188408987,45379,27.26563150445425,47.22650070768462,3.0405960714976423
483,249684,159695,89989,248559.93136861312,46413,36.04115602121081,18.588696111885422,1.5564665854824078
484,177084,125495,51589,525156.1400911285,167450,29.1325020894039,94.55964401075197,4.184677796654277
485,213724,171302,42422,738875.2401361956,121999,19.848964084520222,57.082498923845705,4.313290213402036
486,154793,109154,45639,625365.6855532677,176048,29.48389139043755,113.73124107679288,5.7292053937855485
487,214668,130255,84413,127010.18470083283,114014,39.322581847317714,53.11178191439805,0.9750887466955804
488,215211,105608,109603,443691.63697848713,3654,50.92815887663734,1.6978686033706454,4.201307069336481
489,260094,117936,142158,535252.271473235,137513,54.656393457749886,52.870500665144135,4.538497757031228
490,159735,140800,18935,544665.8164653232,100102,11.854008201083044,62.66754311828967,3.868365173759398
491,99189,66963,32226,23256.267500458045,144745,32.48948976196957,145.9284799725776,0.3473002628385533
492,247738,99415,148323,507402.3938715255,165140,59.870912011883526,66.65913182475035,5.103881646346381
493,259861,181063,78798,1149741.142251579,81929,30.323134291024818,31.52800920492109,6.349950803044129
494,167959,101701,66258,683317.8749027866,119503,39.44891312760853,71.15010210825261,6.718890422933763
495,286832,148703,138129,928531.885546464,110641,48.156760751938414,38.573450661014114,6.2442041219508955
496,145111,117729,27382,399090.2469105216,36041,18.869692855813824,24.836849032809365,3.3899060291901026
497,128920,57726,71194,288103.22701023886,199648,55.22339435308719,154.86192987899472,4.990874597412585
498,279030,193452,85578,260021.47613327453,17633,30.669820449414043,6.319392180052325,1.3441136619589074
499,265952,135201,130751,103525.62896705107,77231,49.16338286608109,29.03945072795091,0.7657164441612937
500,108388,78146,30242,379535.7643535509,23711,27.901612724655866,21.87603793777909,4.856752288710246
501,131658,67932,63726,212440.20891082735,188856,48.40267967005423,143.44437861732672,3.127247967244117
502,47421,22329,25092,49041.6746525504,4358,52.91326627443538,9.190021298580797,2.196322032001003
503,105108,77561,27547,274700.56528309523,31910,26.208281006203144,30.359249533812836,3.5417357342362172
504,166888,124534,42354,987560.5913576664,160443,25.37869709026413,96.13812856526532,7.930047949617506
505,222573,100615,121958,583034.8006832664,76329,54.794606713303054,34.293917051933526,5.794710537029929
506,71007,38136,32871,24229.896446111947,111335,46.29261903755968,156.79440055205825,0.6353549519118928
507,152356,129060,23296,198099.17542560768,31367,15.290503820000525,20.587965029273544,1.5349385977499432
508,94624,48573,46051,137945.88450539752,115395,48.66735711870139,121.95109063239771,2.8399704466554985
509,156492,103211,53281,55826.88240732874,10756,34.04710783937837,6.87319479590011,0.5409005087377192
510,239083,123571,115512,533838.4983967518,56549,48.31460204196869,23.652455423430357,4.320095316836085
511,205575,149132,56443,635848.4849917899,45113,27.45615955247477,21.944789006445337,4.263662292410682
512,276802,137061,139741,57388.949233396925,150273,50.48410054840644,54.288986351254685,0.4187110062920665
513,165541,112384,53157,656907.4155418194,53363,32.1110782223135,32.23551869325424,5.845204081913968
514,137543,94937,42606,67418.48075527372,42828,30.976494623499562,31.137898693499487,0.7101391528621477
515,88604,66010,22594,106109.06230707456,207,25.499977427655633,0.2336237641641461,1.607469509272452
516,272041,121966,150075,439439.5328933265,68619,55.16631684194662,25.223771416808493,3.602967490065481
517,200400,110305,90095,865882.2261763875,141826,44.95758483033932,70.77145708582835,7.849890994754431
518,271055,160264,110791,153634.2014348486,186994,40.87399236317353,68.98747486672447,0.9586320161411708
519,88231,36175,52056,213339.95711709617,193783,58.999671317337445,219.6314220625404,5.897441800057945
520,212395,110833,101562,595446.6958477101,144467,47.81750982838579,68.01807952164599,5.372467548904298
521,257029,135845,121184,856260.3647965019,4895,47.147987192106726,1.9044543611810338,6.30321590633812
522,159968,112656,47312,456787.1230013463,9715,29.575915183036606,6.073089617923585,4.054707454563861
523,59169,25534,33635,24032.40234435077,5782,56.84564552383849,9.772008991194713,0.941192227788469
524,259249,147988,111261,450960.3108905598,35585,42.916655416221474,13.726186021932582,3.047276204087898
525,70682,36721,33961,149740.67251975287,127810,48.04759344670496,180.8239721569848,4.077793974013585
526,78067,42144,35923,317727.6682643561,196049,46.015601982912116,251.12915828711232,7.539096152817865
527,273782,131656,142126,828143.5789024963,10382,51.91210525162355,3.7920681418062547,6.290207654056756
528,175509,119923,55586,375160.1701938036,98864,31.67131030317534,56.32987482123424,3.1283421044653954
529,183401,122854,60547,617169.4062666352,191703,33.01345139884733,104.52669287517516,5.023600422181087
530,85033,70919,14114,457243.3876075326,31750,16.59826185128127,37.33844507426529,6.447403200940969
531,266227,215475,50752,555973.7282116505,24226,19.063430831583574,9.099753218118373,2.5802238227713215
532,46721,22281,24440,39858.82572009849,104211,52.31052417542432,223.04959226043962,1.78891547597049
533,226321,163061,63260,1072916.0254942602,74520,27.95144948988384,32.92668378100132,6.579844509074888
534,234812,195130,39682,1440460.884679029,5901,16.899477028431257,2.513074289218609,7.382057524107154
535,202624,142470,60154,871699.6186771981,145788,29.6875,71.95001579279848,6.1184784072239635
536,154099,100362,53737,320084.9503462791,50200,34.87173829810706,32.576460587025224,3.1893042221785044
537,242380,141493,100887,77167.23657505313,17347,41.6234837857909,7.156943642214704,0.5453784750839485
538,187992,97055,90937,62088.3307963364,7967,48.37280309800417,4.237946295587046,0.6397231548744156
539,150719,92880,57839,231691.85952767127,164685,38.375387310159965,109.26625043955971,2.4945290646820766
540,68179,42254,25925,35718.04455036582,78213,38.02490502940788,114.71714164185454,0.8453174740939513
541,157407,79965,77442,396362.8065072395,39922,49.1985743963102,25.362277408247408,4.956703639182637
542,250436,197939,52497,728099.4886438038,186749,20.96224185021323,74.56955070357297,3.6784033901545614
543,273226,212331,60895,1052308.616432996,156104,22.287410422141377,57.133654923030754,4.955982011260701
544,208918,108551,100367,123530.48976291066,181403,48.04133679242574,86.8297609588451,1.1379949494975694
545,265469,141413,124056,201107.8256416685,123279,46.73088006509234,46.43819052318727,1.4221311028099857
546,194363,137808,56555,698068.7678533077,54823,29.097616315862584,28.206500208372994,5.0655170081077125
547,63312,32689,30623,57742.53732050206,199900,48.368397776093,315.7379327773566,1.766421038285113
548,278387,202627,75760,1374647.3182434435,57009,27.213914442843958,20.478326933369733,6.78412708199521
549,186494,148457,38037,480761.28309361206,99071,20.395830428860982,53.12288867202162,3.2383874326815985
550,222268,128274,93994,539268.6390272427,27605,42.28858855075855,12.41969154354203,4.20403697574912
551,139853,68310,71543,211530.80094821556,69252,51.15585650647465,49.517707878987224,3.096630082685047
552,233021,122170,110851,130774.4196901211,6548,47.5712489432283,2.81004716313122,1.0704298902359097
553,156981,124826,32155,581337.8794441186,24022,20.483370598989687,15.302488836228589,4.657185838239778
554,146297,72394,73903,358465.08387680794,60428,50.51573169648045,41.30501650751553,4.951585544061772
555,193812,158373,35439,797311.5184347066,16052,18.285245495634943,8.282252904876891,5.034390448085889
556,140689,60821,79868,20743.955376372945,41424,56.7691859349345,29.44366652687843,0.3410656742962619
557,280610,149544,131066,772951.2113846184,22420,46.70753002387655,7.989736645165888,5.168720987700064
558,288115,153568,134547,183345.1766740212,10749,46.69906113878139,3.730801936726654,1.1939022236014092
559,144131,119964,24167,233668.72801377196,164433,16.76738522594029,114.08579694860926,1.9478237472389381
560,61223,49305,11918,242218.2323837073,30620,19.46654035248191,50.01388367116933,4.912650489477889
561,190949,113843,77106,870873.6228003858,117360,40.38041571309617,61.46143734714505,7.6497775251915865
562,93352,42108,51244,221889.67114002423,90536,54.89330705287514,96.98346045076698,5.269537169659547
563,144576,116302,28274,71099.46869091406,42080,19.55649623727313,29.10579902611775,0.6113348755044115
564,260169,225087,35082,455681.30771064153,182503,13.484312120198794,70.14786542593468,2.0244674624062764
565,261972,212869,49103,843731.1504930859,159674,18.74360618692074,60.95078863389981,3.9636168276878543
566,259861,186667,73194,916809.1237312516,7099,28.166596757497274,2.731845101804426,4.911468678080494
567,289686,190962,98724,229412.58187219128,30111,34.079658664899235,10.394358029038338,1.2013520065363332
568,276459,181387,95072,987075.8094981246,60920,34.38918609992802,22.035817245956903,5.4418222336668265
569,265366,201190,64176,116021.18047658476,123287,24.183957251494164,46.45922989380704,0.5766746879893869
570,129570,52612,76958,402587.612538658,88340,59.39492166396543,68.17936250675311,7.652011186395842
571,134439,77520,56919,183899.50609135223,140938,42.33816080155312,104.83416270576247,2.3722846503012414
572,241139,189855,51284,1004516.1389181882,64027,21.267401789009657,26.55190574730757,5.290964888563315
573,228978,111524,117454,87787.81150909538,104797,51.29488422468535,45.76727895256313,0.7871651977071785
574,164917,128995,35922,273517.31217427115,42533,21.781866029578513,25.790549185347782,2.120371426600032
575,199342,87926,111416,680800.4913902732,148702,55.89188429934484,74.59642222913385,7.742880278760244
576,101063,79295,21768,396261.5815383908,183233,21.539040004749513,181.3057201943342,4.99730855083411
577,267790,134656,133134,130763.27618938424,97661,49.71582209940625,36.46924829157175,0.9710913452752513
578,178051,140182,37869,722110.2885592222,123257,21.268625281520464,69.2256712964263,5.151234028329045
579,232630,97931,134699,758760.5958287648,34964,57.9026780724756,15.02987576838757,7.747910220755071
580,256739,140285,116454,1099801.101232851,59765,45.358905347454034,23.278504629214883,7.839762634870805
581,270156,186734,83422,1117525.576700754,9503,30.879195723952087,3.51759724011312,5.984585435436257
582,231775,168787,62988,172967.17393529444,45838,27.176356380110022,19.776938841548915,1.0247659709296002
583,165200,142739,22461,256491.26255183664,153240,13.596246973365616,92.76029055690073,1.7969248947508154
584,110119,67837,42282,238463.3302872204,105432,38.39664363098103,95.74369545673316,3.515239917555617
585,248497,216574,31923,417022.2669793034,177876,12.846432753715337,71.58074342949814,1.9255416946600394
586,116971,58337,58634,413924.30322806526,192404,50.12695454428876,164.48863393490694,7.095399201674156
587,117794,86664,31130,219726.1566129785,76272,26.427492062414043,64.75032684177462,2.53537981875956
588,77643,66731,10912,134658.36413750873,159116,14.054067977795809,204.93283361024174,2.0179281613868927
589,276541,174295,102246,1174049.1022077862,154983,36.97317938388883,56.04340766830235,6.735988423120492
590,95533,75301,20232,395277.14031377895,189013,21.17802225409021,197.85100436498382,5.249294701448572
591,98005,87453,10552,655819.1886349804,93980,10.766797612366716,95.89306668027142,7.499104531976951
592,219980,106119,113861,111831.40568179725,119246,51.75970542776616,54.20765524138558,1.0538301876364953
593,95731,77436,18295,132267.72929306552,177558,19.11084183806708,185.47596912181007,1.7080909304853753
594,60567,34595,25972,114417.13650695657,27044,42.881437086202055,44.65137781300048,3.307331594362092
595,107260,82773,24487,405217.2115862952,149109,22.82957300018646,139.01640872645908,4.895524042698648
596,123986,58990,64996,44245.765991051085,104555,52.422047650541195,84.32806929814657,0.750055365164453
597,49496,38634,10862,49473.66035867979,41321,21.945207693550994,83.48351381929852,1.280573079636584
598,293113,118612,174501,234072.58782911,91396,59.53369519605067,31.1811485672761,1.9734309161729842
599,220738,197760,22978,156907.68779494255,21727,10.409625891328181,9.842890666763312,0.7934247966977274
600,279423,223548,55875,364894.0644001686,134153,19.996564348675662,48.0107220951747,1.6322850770311905
601,205268,157345,47923,775377.845369503,156570,23.346551824931307,76.27589297893486,4.927883602081432
602,116865,67512,49353,423322.8076334251,117235,42.23077910409447,100.3166046292731,6.270334275883178
603,255971,103057,152914,627403.3980497222,141877,59.73879853577163,55.42698196280047,6.087926080224752
604,206923,159923,47000,259050.3889864421,19873,22.71376309061825,9.604055614890564,1.6198444813218993
605,80372,46934,33438,122753.66784969124,100082,41.60404120838103,124.52346588364107,2.615452930704633
606,260894,144222,116672,1011458.609379094,82617,44.720077886038005,31.666883868544314,7.0132060946256045
607,140483,83262,57221,428542.9728785199,18313,40.731618772378155,13.035740979335579,5.146921439294275
608,153175,77905,75270,85896.74367200187,73445,49.13987269463033,47.948425004080306,1.1025831932738832
609,143892,57692,86200,82325.36907086778,80073,59.906040641592305,55.64798598949212,1.4269806744586386
610,132197,63909,68288,92703.47088607292,168876,51.65624030802515,127.74571283765894,1.4505542394040418
611,186451,112087,74364,783947.6603463178,167132,39.8839373347421,89.63856455583505,6.994099764881902
612,265805,202464,63341,168672.52827178463,154297,23.829875284513083,58.04894565564982,0.8330988633622997
613,135286,101663,33623,42945.672264895766,109079,24.85327380512396,80.62844640243631,0.4224316837482247
614,105697,73954,31743,356248.63168205746,191675,30.03207281190573,181.34384135784364,4.817165152419848
615,199803,112100,87703,570804.8158608814,55506,43.89473631527054,27.780363658203328,5.091925208393232
616,118229,88400,29829,527518.3076730306,152889,25.229850544282705,129.31598846306744,5.967401670509396
617,208933,105494,103439,696370.6772381533,141330,49.5082155523541,67.64369439006764,6.601045341328922
618,97775,57367,40408,56163.099499787866,137328,41.32753771413961,140.453081053439,0.9790140586014235
619,295158,152870,142288,454234.25141066,181360,48.20740078195407,61.445056545985544,2.9713760149843655
620,124730,99869,24861,612467.4344041924,147256,19.931852802052433,118.05980918784576,6.132708191773147
621,73787,40562,33225,56293.59017900606,176325,45.028257010042424,238.96485830837412,1.387840594127658
622,74051,47991,26060,68436.11311376523,161326,35.191962296255284,217.85796275539832,1.4260197352371324
623,124045,95962,28083,568084.5891129974,3471,22.639364746664516,2.7981780805352896,5.919891093484894
624,278404,137041,141363,397128.85727577,165937,50.77621011192368,59.602951107024325,2.897883533218307
625,86850,35877,50973,6943.423305041217,137469,58.6908462867012,158.2832469775475,0.19353411113084196
626,268981,144317,124664,598140.586458297,83820,46.34676798732996,31.16205233826925,4.1446301299105235
627,255602,222460,33142,461465.2558182402,130349,12.966252220248666,50.99686230937161,2.07437407092619
628,110553,92462,18091,622774.8916216337,22436,16.364096858520348,20.294338462095105,6.735468534334469
629,82963,66480,16483,243682.1138426808,108899,19.867892916119235,131.2621289008353,3.6654950939031408
630,285317,204168,81149,81409.17702710089,187686,28.44169818132113,65.78156927207282,0.3987362222635324
631,45105,38551,6554,240623.950466351,43619,14.53053985145771,96.70546502605033,6.241704507440819
632,82821,35500,47321,63963.53144425109,7531,57.13647504859879,9.093104405887397,1.801789618147918
633,208123,124752,83371,920792.5739405436,62424,40.058523084906525,29.99380174223896,7.380984464702318
634,85603,34814,50789,78748.06749596016,168553,59.330864572503295,196.90080955106714,2.261965516630096
635,132573,55434,77139,122274.03469199076,165814,58.18605598425018,125.07373296221704,2.2057588247644184
636,59675,47355,12320,369306.3598595964,140905,20.64516129032258,236.1206535400084,7.7986772222488945
637,47896,37759,10137,19745.28594778898,96044,21.164606647736765,200.52613996993486,0.5229292605150819
638,45347,18900,26447,9473.164362449605,18681,58.32138840496614,41.19566895274219,0.5012256276428362
639,221098,103832,117266,442258.4342560027,102304,53.03801933984025,46.27088440420085,4.259365458201737
640,70682,40548,30134,291891.5400074202,145361,42.63320222970488,205.65490506776834,7.19866676549818
641,155359,113706,41653,876349.8202934877,65428,26.810805939791067,42.114071280067456,7.707155473708403
642,90601,73743,16858,464706.5672324786,153741,18.606858643944328,169.6901800200881,6.301704124221669
643,242040,156658,85382,1227635.8044202025,28228,35.27598744009255,11.662535118162287,7.836406723054057
644,289430,144439,144991,653245.8931205501,18322,50.095359845213004,6.330373492727085,4.522642036572879
645,228786,202705,26081,986812.166495498,81912,11.399735997832035,35.802890036977786,4.8682181815717325
646,177660,81199,96461,98248.7299715836,155331,54.29528312507036,87.43161094224924,1.2099746298794762
647,131006,68841,62165,468458.08030273416,19446,47.452025098087105,14.843594949849626,6.8049284627291025
648,42336,28013,14323,25720.16326137911,138593,33.831727135298564,327.364417989418,0.9181509749537398
649,242779,184853,57926,100069.59761840796,44629,23.859559517091675,18.382561918452584,0.5413468952000128
650,85232,57256,27976,37434.13116862029,69184,32.8233527313685,81.17139102684438,0.6538027659742262
651,219017,105760,113257,800136.2882139989,111672,51.71151097859984,50.987822863065425,7.5655851760022585
652,108673,48770,59903,336312.81218301086,78258,55.12224747637408,72.01236737736144,6.895895267234178
653,183996,142531,41465,331341.8838940768,188398,22.535815995999915,102.3924433139851,2.3247004784508407
654,261095,119050,142045,339029.04120221775,148066,54.40356958195293,56.7096267642046,2.8477869903588218
655,107263,85488,21775,340075.3197659365,63878,20.30056962792389,59.552688252239825,3.978047442517506
656,58708,28317,30391,74805.59993572957,161645,51.76636914900865,275.3372623833208,2.6417205189719803
657,118707,78310,40397,128354.0206299384,96468,34.03084906534577,81.26563724127473,1.6390501932057004
658,136334,114492,21842,797394.1203229394,114586,16.020948552818812,84.04799976528233,6.964627400368055
659,227772,142498,85274,1122872.4481660994,171033,37.43831550849095,75.08956324745797,7.879917249127001
660,290736,120243,170493,62723.165335482765,13565,58.64186065709097,4.665744868196577,0.5216367300839364
661,191426,163594,27832,705027.0554742106,41971,14.53929978163886,21.925443774617868,4.309614383621714
662,58658,26556,32102,139531.61968846683,88664,54.72740291179379,151.15414777182994,5.254240837794352
663,222650,131410,91240,815385.2266407782,133623,40.979115203233775,60.01482146867281,6.20489480740262
664,111947,74071,37876,170148.76554626075,33243,33.83386781244696,29.69530224123916,2.2971036646766043
665,192872,132849,60023,674429.1167131225,6710,31.12063959517193,3.4789912480816296,5.07665934040243
666,192456,115085,77371,842505.1241809966,37991,40.2019162821632,19.7400964376273,7.320720547256346
667,250129,119806,130323,666983.1180106524,80257,52.10231520535403,32.08624349835485,5.56719294535042
668,255814,180793,75021,525168.5718261811,131354,29.3263855770208,51.3474633913703,2.904805893072083
669,250545,121370,129175,492326.3398091886,125147,51.55760442235926,49.94990919794847,4.056408830923528
670,256192,106753,149439,310602.6571767379,129951,58.33086122907819,50.724066325256054,2.909544998049122
671,283579,229752,53827,575596.7570660821,39901,18.981306796342466,14.070505926038246,2.5052959585382593
672,51205,45258,5947,310243.2047910929,125576,11.614100185528757,245.24167561761544,6.854991488600754
673,102987,79286,23701,202760.83581504825,54400,23.01358423878742,52.82220086030276,2.5573346595243582
674,196222,126107,70115,123518.17296280782,115357,35.73248667325784,58.789024676132144,0.9794711868715282
675,159052,89308,69744,712376.4484211924,198137,43.84981012499057,124.57372431657572,7.976625256653294
676,299806,218278,81528,226706.0609942641,139076,27.193585185086356,46.38866466981982,1.0386115916137406
677,49752,22215,27537,5218.5983556771625,92051,55.34852870236372,185.01969770059495,0.23491327281913854
678,298977,150946,148031,457701.028754143,32994,49.512504306351325,11.035631503426686,3.032217009752779
679,186108,105787,80321,250918.11594094455,95665,43.15827369054527,51.4029488254132,2.3719182502665217
680,171717,129667,42050,326086.6890095768,161162,24.487965664436253,93.85325855914091,2.514800905469987
681,258561,209646,48915,770264.8922126049,43732,18.91816631278499,16.913610327930353,3.6741215773857117
682,252695,163520,89175,1083482.5420682717,12763,35.2895783454362,5.050752883911435,6.625994019497748
683,230237,112097,118140,638517.0850961562,91353,51.312343367920874,39.677810256387986,5.696112162646246
684,261373,198522,62851,667222.4807182885,109089,24.04647763923588,41.73690473002185,3.3609498227817998
685,216168,166413,49755,254625.7594113609,33866,23.016820250915952,15.666518633655304,1.5300833433166934
686,145400,89821,55579,414793.1845389408,137488,38.22489683631362,94.55845942228336,4.617997846148905
687,112516,90361,22155,609927.588411504,32602,19.69053290198727,28.975434604856197,6.749898611253793
688,245730,102115,143615,603944.6550508065,87969,58.444227404061365,35.79904773531925,5.914357881318185
689,172161,95972,76189,2930.7039694547525,123950,44.254505956633615,71.99656135826349,0.030537072994777148
690,107494,51980,55514,272492.6372461792,186368,51.64381267791691,173.3752581539435,5.242259277533267
691,61447,26811,34636,16532.3086274449,87960,56.367275863752496,143.14775334841408,0.6166240956116855
692,103278,57077,46201,97096.82456106442,140600,44.734599817967045,136.13741551927808,1.701155010968769
693,264884,160030,104854,972020.5980138136,186339,39.584874888630495,70.3473973512934,6.073989864486744
694,253451,130877,122574,845356.5621024144,50939,48.36201080287709,20.098164931288494,6.459168242719611
695,69516,59048,10468,307412.64956999134,86661,15.058403820703148,124.66338684619369,5.206148380469979
696,112954,45192,67762,61128.89385222411,146295,59.99079271207748,129.51732563698496,1.35264856284794
697,243309,153328,89981,1060494.4729671355,74567,36.98219136982191,30.64703730647037,6.91650887618136
698,55037,32482,22555,253827.4261654659,12109,40.98152152188528,22.001562585169975,7.814402628085275
699,62010,37905,24105,12743.56249897694,154455,38.87276245766812,249.08079342041606,0.3361974013712423
700,101709,87371,14338,195737.1321612465,18351,14.097080887630398,18.042651092823643,2.2402986364039155
701,240696,131446,109250,957736.7573395688,152850,45.38920463987769,63.50334031309204,7.286161293151323
702,195336,160122,35214,1257660.5628982258,28365,18.027398943359135,14.521132817299423,7.854389546085022
703,243838,165710,78128,832842.6982789629,94840,32.040945217726524,38.89467597339217,5.025904883706251
704,156219,112094,44125,403396.8996838085,50085,28.24560392781928,32.06076085495362,3.5987376637804744
705,74228,49758,24470,38426.89734387795,49437,32.965996658942714,66.60155197499596,0.7722757615635265
706,220488,89562,130926,335870.3721834565,46733,59.38010231849352,21.195257791807265,3.7501437237160458
707,168202,73524,94678,133138.1381597073,92493,56.28827243433491,54.98923912914234,1.8108119547318877
708,165149,115505,49644,59592.51428508077,181211,30.06012752120812,109.72576279602055,0.5159301699933403
709,168775,141539,27236,374124.9476845852,54869,16.137461116871574,32.51014664494149,2.6432640310061903
710,166888,149283,17605,747819.6593915076,23567,10.548990940031638,14.121446718757491,5.009409372745106
711,75292,61669,13623,140748.55900925878,190731,18.093555756255643,253.3217340487701,2.2823227068585314
712,225378,120326,105052,759652.5442130856,198100,46.61147050732547,87.8967778576436,6.313286772709851
713,135998,99198,36800,200226.9965565556,44900,27.059221459139103,33.01519139987353,2.0184579987152524
714,214018,137867,76151,813487.817041446,138440,35.58158659552,64.68614789410236,5.900525992742614
715,125436,52221,73215,362853.0256924144,49879,58.36841098249307,39.764501419050355,6.94841205056231
716,99871,68500,31371,283560.60076176265,32174,31.411520861911868,32.21555806991018,4.13957081404033
717,270823,151247,119576,525850.6823359806,64046,44.15282306155681,23.648656133341703,3.4767676868696937
718,89678,62860,26818,448832.112052493,88668,29.904770400767188,98.87374829947144,7.140186319638768
719,253397,178276,75121,900375.882680219,96019,29.645575914474126,37.892713804820104,5.05046042473591
720,233016,175068,57948,332536.0195315247,148934,24.868678545679266,63.91578260720294,1.8994677469984502
721,214427,96945,117482,298211.6052682108,8770,54.788809245104396,4.0899700131046925,3.0760906211585004
722,51093,27147,23946,58978.21805357183,11190,46.86747695379015,21.901238917268508,2.172550118008319
723,102824,67157,35667,340676.19548112224,40197,34.68742705983039,39.09301330428694,5.0728322510106505
724,42261,22279,19982,64493.80050813828,86795,47.28236435484253,205.37848134213576,2.8948247456411096
725,68933,29146,39787,32649.13877831198,85371,57.71836420872442,123.8463435509843,1.1201927804265415
726,200105,177246,22859,469839.4529678987,199408,11.423502661102921,99.6516828664951,2.650776056824406
727,135074,67273,67801,328712.06177184125,187116,50.195448420865596,138.52851029805885,4.886240568606146
728,234387,118012,116375,487694.1522253351,54245,49.650791212823236,23.143348393895565,4.132581027567833
729,83056,33540,49516,58780.54285821048,168490,59.6176073974186,202.8631284916201,1.7525504728148622
730,265683,120623,145060,326995.1048415059,147796,54.59890169864086,55.62870036848424,2.7108851947100128
731,43828,30067,13761,123315.04413065258,136554,31.39773660673542,311.5679474308661,4.101341807651331
732,105333,91205,14128,289678.05468830455,70448,13.412700673103394,66.88122430767186,3.1761203298975333
733,44648,36124,8524,153627.99247496368,175674,19.091560652212866,393.46443289733025,4.252795716835447
734,154598,106269,48329,25222.499174934685,22207,31.261077116133457,14.364351414636669,0.23734578451791855
735,251722,106334,145388,383310.26733242057,190590,57.75736725435202,75.71447867091474,3.604776151865072
736,92781,44776,48005,139655.39580248462,8210,51.74011920544077,8.848794473006327,3.118978823532353
737,84363,70960,13403,380880.9249322269,199919,15.887296563659426,236.97474011118618,5.367544037940063
738,193504,157104,36400,1200350.6127707015,134393,18.81098065156276,69.45231106333719,7.640484091879911
739,121348,48634,72714,247605.9538999985,183965,59.921877575238156,151.60118007713353,5.091210961467255
740,206892,168574,38318,54697.188982857006,67411,18.520774123697386,32.58270015273669,0.3244699003574514
741,63377,33485,29892,178218.44827788143,3744,47.16537545166227,5.907505877526548,5.322336815824442
742,296638,216940,79698,160162.1023389794,34542,26.86709052784876,11.644495985005292,0.7382783365860579
743,50651,34178,16473,246169.4424019396,16715,32.52255631675584,33.00033563009615,7.202570144594172
744,215481,120785,94696,724565.7966596686,71425,43.94633401552805,33.14677396150937,5.998806115491729
745,274430,198426,76004,1026180.044664522,165682,27.695222825492838,60.37313704769887,5.171600720996856
746,181130,126672,54458,508870.4166488384,70194,30.06569866946392,38.753381549163585,4.017228879695895
747,116917,53532,63385,66089.13626187044,148226,54.21367294747556,126.77882600477261,1.234572522264635
748,190611,137037,53574,812334.7807510194,99932,28.106457654594962,52.427194652984355,5.927850002196628
749,201445,164078,37367,1301155.9017280086,22785,18.549480006949786,11.310779617265258,7.9301058138690665
750,250000,186860,63140,796012.6865346017,2282,25.256,0.9128000000000001,4.259941595497173
751,205696,90957,114739,290603.0659818872,169316,55.780861076540134,82.31370566272558,3.1949499871575275
752,114964,92432,22532,159760.47816608218,50583,19.599178873386453,43.99899098848335,1.7284109200934976
753,78392,33998,44394,105364.58502050464,148586,56.63077865088274,189.54230023471783,3.099140685349275
754,299729,180421,119308,112026.49453673032,167860,39.805290779337334,56.00392354426832,0.6209171578515268
755,246821,196097,50724,700332.2232624085,173921,20.5509255695423,70.46442563639236,3.5713561312126574
756,140127,113672,26455,779846.6083730676,39758,18.879302347156507,28.372833215583004,6.86049870129027
757,94312,58048,36264,148076.64855924374,195119,38.45109848163542,206.88671643057086,2.5509345465691107
758,218847,128153,90694,616235.6615836021,83555,41.44173783510855,38.17964148469022,4.808593334401864
759,168379,125308,43071,375475.78533373895,171675,25.579793204615775,101.95748876047487,2.996423096160971
760,247780,179112,68668,64162.86261433708,21312,27.71329405117443,8.601178464767132,0.35822760403734577
761,264448,230948,33500,627751.448743171,117961,12.667896902226525,44.606501089060984,2.7181506172089427
762,80379,47379,33000,2543.452657728453,44014,41.05549957078342,54.75808357904428,0.053683122432479635
763,283166,225360,57806,1074496.3637957557,11120,20.41417401806714,3.927025137198675,4.767910737467854
764,287589,236849,50740,1006296.262805799,91575,17.64323392062979,31.84231663937077,4.248682759081943
765,297227,202068,95159,170156.1042751192,5744,32.01559750628308,1.9325296827004277,0.8420734815760992
766,254892,225837,29055,412806.0914148573,150871,11.39894543571395,59.190166815749414,1.8278939740381661
767,138746,92398,46348,100373.09096490932,7597,33.40492698888617,5.475473166793997,1.0863123765114973
768,87093,75145,11948,248970.54885715683,157489,13.718668549711227,180.82853960708667,3.3132017946258143
769,189765,147657,42108,541633.0553797866,184233,22.189550233183148,97.0848154296103,3.6681840710551255
770,292388,239097,53291,708486.4658197357,8036,18.226124191143274,2.748402807228751,2.963175890202452
771,71778,60595,11183,292282.5888021838,137416,15.57998272451169,191.4458469168826,4.823543011835692
772,58800,26113,32687,126779.10416478696,146045,55.59013605442177,248.37585034013605,4.855018732615439
773,111155,46181,64974,358638.747191752,173333,58.45351086320903,155.93810444874273,7.765937229417986
774,150659,134094,16565,512645.06087275664,133004,10.9950285080878,88.28148334981647,3.8230275841779395
775,116449,56380,60069,111365.1257241478,50098,51.58395520785923,43.021408513598224,1.9752594133406847
776,235458,129776,105682,269243.565073786,187954,44.88358858055365,79.82485199058856,2.0746791785367558
777,241465,103545,137920,283670.20774752315,193515,57.118008821154206,80.1420495724018,2.7395838306777067
778,262740,232054,30686,1035348.5117330216,85376,11.679226611859633,32.49448123620309,4.461670610000351
779,139931,96761,43170,773866.4592314432,37772,30.850919381695263,26.993303842608142,7.997710433247313
780,98478,79607,18871,132025.9825340154,170492,19.16265561851378,173.12699283088608,1.6584720255004637
781,95568,73328,22240,176274.28533846803,74965,23.27138791227189,78.44152854511971,2.403915084803459
782,217912,173514,44398,640538.0523969213,189414,20.37427952568009,86.92224384155071,3.691564095098501
783,285588,135366,150222,923258.6936390856,35428,52.60094961973192,12.405283135145734,6.820462255212429
784,279779,238783,40996,252866.1902648626,132212,14.652993970240797,47.25586981152981,1.0589790322797796
785,299937,228273,71664,974062.127265245,150667,23.893017533682073,50.23288223860344,4.267093030122901
786,116021,53987,62034,341418.01810814574,16859,53.46790667206799,14.53099007938218,6.32407835419908
787,47684,38009,9675,83853.19601332661,66093,20.289824679137656,138.60624108715712,2.2061405460108556
788,200761,175067,25694,208394.11180676305,125074,12.79830245914296,62.29994869521471,1.190367755240925
789,143065,127398,15667,492681.12422485545,95071,10.950966343969524,66.45301086918533,3.867259487785173
790,249477,173228,76249,520141.1943127744,72805,30.563538923427814,29.18305094257186,3.0026392633568153
791,230026,115383,114643,703188.4857258627,20878,49.83914861798232,9.076365280446558,6.094385531021578
792,222170,145663,76507,573708.8511472973,36593,34.43624251699149,16.470720619345546,3.9386038400094554
793,76304,63545,12759,498568.6527040722,152155,16.72127280352275,199.40632208010067,7.845914748667435
794,58354,40909,17445,193550.87296971653,41862,29.89512287075436,71.7380128183158,4.731254075379905
795,269740,172159,97581,1371932.2470958123,100167,36.175947208422926,37.13464817972863,7.968983597115529
796,122035,49007,73028,250993.58923681988,146144,59.84184864997747,119.75580776006882,5.1215864924769905
797,142239,73991,68248,184621.7986287737,21826,47.981214716076465,15.3445960671827,2.4951926400342432
798,108026,44873,63153,348764.81768954307,181948,58.46092607335272,168.42982245015088,7.772264339124709
799,263518,202122,61396,1233100.0679070088,167260,23.298598198225548,63.47194499047504,6.100771157553402
800,176917,134696,42221,746250.7871865784,153385,23.86486318443112,86.69884748215266,5.540259452296864
801,198015,108848,89167,312363.74008472863,143016,45.030426987854455,72.22483145216272,2.8697242033361077
802,92887,71200,21687,301078.09129776346,56622,23.347723578111037,60.9579381398904,4.228624877777577
803,67810,60955,6855,330045.1381748204,168048,10.109128447131692,247.82185518360126,5.414570390859165
804,166439,91093,75346,10432.172708203956,66624,45.26943805237955,40.029079722901486,0.11452222133647982
805,239971,196073,43898,1161499.0129641788,120356,18.293043742785585,50.15439365590009,5.923809055628153
806,257228,199792,57436,1228996.9638627984,138367,22.328828898875706,53.791577899762075,6.151382256861128
807,212232,166189,46043,1124662.705108821,75969,21.694654905951978,35.79526178898564,6.767371517421856
808,186110,82689,103421,322571.647628576,54189,55.569824297458496,29.11665144269518,3.9010224773376874
809,88511,65825,22686,12900.882857745728,197706,25.63071256679961,223.36884681000103,0.1959875861412188
810,59810,40345,19465,204013.31337143475,61388,32.54472496238087,102.63835479016888,5.056718636049938
811,281324,210677,70647,10262.073703396609,22031,25.112326001336537,7.831183972928011,0.048709985918712576
812,241793,106009,135784,424565.4242710154,89833,56.157126136819514,37.15285388741609,4.004994144563343
813,227771,171635,56136,68964.3318209531,111041,24.645806533755394,48.75115796128568,0.4018080917117901
814,156185,93935,62250,221904.9004671484,100859,39.85658033742037,64.57662387553222,2.362323952383546
815,291169,157377,133792,1011597.6295346704,123853,45.9499465945894,42.53646507698278,6.427861946375076
816,241335,145416,95919,1054104.2998887936,101084,39.745167505749265,41.885346095676134,7.2488880170599765
817,63782,40706,23076,73605.89108078468,146664,36.17948637546643,229.94575272020322,1.808231982527998
818,193245,171889,21356,829870.5982864025,111668,11.051256177391394,57.78571243757924,4.827944768347029
819,232274,168145,64129,165347.97984450075,16566,27.609202924132703,7.1320939924399624,0.9833654277231005
820,178262,148575,29687,539561.2236615932,89571,16.65357731877798,50.24682770304384,3.631574784866856
821,160263,108550,51713,553249.6829210579,143217,32.26758515689835,89.3637333632841,5.09672669664724
822,251981,159147,92834,298755.1303864088,139316,36.84166663359539,55.288295546092755,1.8772275342067952
823,54743,29834,24909,134441.29572860888,84227,45.50170798092907,153.8589408691522,4.506311447630518
824,270604,232285,38319,1339179.0433767035,74763,14.160544559577835,27.628194705178043,5.765241162264905
825,264886,126963,137923,895842.9747549444,176481,52.068814508883065,66.62526520842928,7.055937357773087
826,219838,93907,125931,562424.2240087125,89678,57.28354515597849,40.792765581928506,5.989161873009599
827,152056,60832,91224,248744.0623846333,162969,59.99368653653917,107.17696111958752,4.089033113897838
828,90961,48944,42017,276818.0576162606,27990,46.19232418289157,30.77142951374765,5.65581189964573
829,102551,84057,18494,2568.7299113001627,80811,18.033953837602752,78.8007918011526,0.030559381268664868
830,294840,130129,164711,969083.5427112076,19008,55.86453669787003,6.446886446886448,7.447098976486468
831,242346,129702,112644,874411.3530722264,136643,46.48065163031369,56.383435253728145,6.741695217284439
832,267939,228712,39227,1725373.7176930455,91218,14.640272599360301,34.04431605701298,7.543870534528339
833,173296,102011,71285,764120.4579003813,129714,41.13482134613609,74.85112178007572,7.490569231753255
834,281060,128728,152332,43553.05835149844,62368,54.19910339429303,22.190279655589553,0.33833399378144957
835,281467,201630,79837,1135349.6430898416,127881,28.364604021075294,45.433745341372166,5.6308567330746495
836,111854,54078,57776,308480.8346096215,15372,51.653047722924526,13.74291487117135,5.70436840507455
837,69796,61631,8165,375228.160407568,120592,11.698378130551895,172.77780961659695,6.088302322006263
838,133635,100395,33240,239383.6118908552,78356,24.873723201257157,58.63433980618849,2.3844176691155456
839,56211,44457,11754,229095.53551323837,125737,20.910497945242035,223.68753446834248,5.153193771807328
840,85968,49863,36105,381671.2735959437,150043,41.99818537130095,174.53354736646193,7.654398523874289
841,196671,121221,75450,443862.4306961182,87697,38.36356148084873,44.590712408031685,3.661596841274352
842,146239,85455,60784,252819.13432307343,38342,41.56483564575797,26.218724143354372,2.958506047897413
843,257064,126735,130329,559732.0874347667,111715,50.69904770796377,43.45804935735848,4.416554917227023
844,66654,50645,16009,150379.83984659117,52389,24.018063432052088,78.59843370240345,2.969292918285935
845,266762,204139,62623,1057788.1522209095,158819,23.475232604343947,59.53584093686507,5.18170536850337
846,116396,90441,25955,26002.637588641643,85896,22.298876250042955,73.79635039004778,0.2875093993724267
847,58135,50310,7825,50601.50378399121,154626,13.460049883890942,265.9774662423669,1.0057941519378097
848,102491,90939,11552,37975.12901376541,16923,11.27123357172825,16.51169370969158,0.4175890323597731
849,87591,55539,32052,257334.51606605356,60948,36.59280063020173,69.58249135185122,4.633402042997777
850,280891,118396,162495,631634.7611406954,26672,57.849842109572755,9.495498253771036,5.334933284407374
851,44213,34972,9241,152143.79131950444,57134,20.901092438875445,129.22443625178116,4.350445822929899
852,173172,128843,44329,249325.51539013465,18199,25.598249139583768,10.509204721317534,1.9351110684331678
853,76609,31383,45226,31224.427726664097,31881,59.03483924865225,41.615214922528686,0.9949471920040818
854,253666,163977,89689,530353.7590848934,167093,35.35712314618436,65.87126378781547,3.234317978038953
855,94131,38119,56012,141526.7470656649,132473,59.50430782632714,140.73259606293357,3.712761275628031
856,256251,153449,102802,935804.4692378758,102518,40.11769710166985,40.00686826587994,6.098472256175509
857,59611,31809,27802,55934.306725734816,2745,46.63904312962372,4.604854808676251,1.7584427905855202
858,95243,44076,51167,5975.882221385375,71354,53.72258328696072,74.91784173115084,0.13558131911664795
859,91374,73426,17948,70610.68804325945,81029,19.642349027075536,88.67839866920568,0.9616578329646099
860,133574,54601,78973,128119.5476578369,40992,59.123032925569355,30.68860706424903,2.3464688862445175
861,95350,62833,32517,174975.12324434437,151165,34.102779234399584,158.53696906135292,2.7847647453463047
862,177227,71010,106217,170310.6836992592,152035,59.932741625147415,85.78546158316736,2.398404220521887
863,221196,196222,24974,1329695.756739478,152008,11.29043924844934,68.72095336262862,6.776486615871197
864,156895,133247,23648,834870.7118144161,178904,15.072500717040057,114.0278530227222,6.2655873063890075
865,68151,42866,25285,136487.15910230175,176743,37.10143651597188,259.34028847705827,3.184042343636023
866,130306,98389,31917,737821.8172203948,87265,24.493883627768483,66.96928767669947,7.499027505314566
867,71131,45289,25842,21636.00055202085,49067,36.3301514107773,68.98117557745567,0.47773191176711455
868,229657,158716,70941,1257295.9580372234,98934,30.88997940406781,43.07902654828723,7.921671148700971
869,182980,121749,61231,634027.2367463218,61215,33.46322002404634,33.45447589900535,5.207658680944581
870,226907,178908,47999,293382.2258721894,177241,21.153600373721392,78.11173740783669,1.6398496762145314
871,178731,126875,51856,909516.238471492,113688,29.013433595738846,63.60843949846418,7.168600894356587
872,86473,48215,38258,106550.26098941604,106956,44.24271159783979,123.68716246689718,2.2098985998012246
873,158452,105153,53299,762503.0689479582,7006,33.63731603261556,4.421528286168682,7.251367711315495
874,289243,208662,80581,1351896.371320277,32430,27.859274036018157,11.212025874437757,6.4788814988846894
875,63091,35877,27214,208081.19546692184,18990,43.13451997907784,30.09938026025899,5.79984935939242
876,130270,98205,32065,48869.34260403707,108272,24.614262685192294,83.11353343056729,0.497625809317622
877,56241,22716,33525,114656.1550947654,178634,59.60953752600416,317.6223751355773,5.047374321833307
878,75063,35064,39999,268712.0161658768,175841,53.28723871947564,234.25789003903387,7.6634729684541645
879,87118,50278,36840,381739.2128665418,128557,42.2874721641911,147.5665189742648,7.592569570518752
880,67076,47654,19422,354035.0185392578,39121,28.95521498002266,58.323394358637955,7.429282296119062
881,236173,159012,77161,550583.505146657,67293,32.67138919351492,28.4930961625588,3.462528017675754
882,136258,65795,70463,234515.2969681817,77227,51.71292694740859,56.677039146325356,3.564333109935127
883,171564,72912,98652,492097.47444277257,47153,57.501573756732185,27.484204145391804,6.74919731241459
884,148042,88222,59820,465186.6762322445,28328,40.40745193931452,19.135110306534635,5.272910115756212
885,152911,109831,43080,437774.0653666852,73402,28.173251106853,48.003086762888216,3.9858880039941837
886,55449,36666,18783,64273.2920179581,172388,33.874371043661746,310.8946960269798,1.7529398357595074
887,234136,201285,32851,283563.01557423,123749,14.030734274097107,52.85346977824854,1.4087637706447573
888,163765,66572,97193,7557.279747000101,197227,59.349067261014255,120.43293744084511,0.11352039516613743
889,270258,207034,63224,588044.5606517978,34064,23.393942084970657,12.60425223305138,2.840328451615666
890,265898,158901,106997,1211330.0302468063,50081,40.23986641494107,18.83466592452745,7.62317436798262
891,241974,144312,97662,986195.7739829068,76253,40.36053460289122,31.51288981460818,6.833775250726944
892,76191,42286,33905,78496.28963929733,187818,44.500006562454885,246.50943024766704,1.8563186312088478
893,192614,152294,40320,1169822.3408598364,125681,20.933057825495553,65.25018949816732,7.681342277829963
894,127893,105844,22049,510645.9073784973,84388,17.240192973814047,65.98328290054968,4.824514449364133
895,62601,49593,13008,149566.75184600006,167849,20.77922077922078,268.1251098225268,3.0158843354102407
896,59710,42822,16888,76077.86347863499,63227,28.283369619829173,105.89013565566907,1.7766069655465646
897,176039,145059,30980,845823.2956338897,5722,17.598373087781685,3.2504161009776245,5.830891538159575
898,198485,121939,76546,28455.454473119236,83596,38.565130866312316,42.117036551880496,0.23335810916211577
899,106732,49016,57716,113279.87332457332,40695,54.07562867743507,38.12820897200464,2.3110795112733253
900,190774,164020,26754,1303309.5010373965,107096,14.023923595458502,56.13762881734409,7.946040123383712
901,132764,85071,47693,432462.61103921,100755,35.923141815552405,75.89030158777982,5.083549165276181
902,270004,112405,157599,51888.78134871289,126310,58.36913527207004,46.780788432763956,0.46162342732719086
903,191130,102784,88346,511485.7150299218,45740,46.22298958823837,23.931355621828075,4.97631649896795
904,146611,86964,59647,399228.2465755592,66641,40.68385046142513,45.45429742652325,4.590730032836107
905,103811,85502,18309,617144.1357506262,155801,17.63685929236786,150.08139792507538,7.217891227697904
906,152492,135288,17204,29784.124154212037,143674,11.28190331296068,94.21740156860687,0.22015348112332236
907,158474,122957,35517,224956.62797312523,91328,22.411878289183086,57.629642717417376,1.8295552752029183
908,258512,122557,135955,666268.8033580033,157608,52.59136906603948,60.967382558643315,5.436399417071267
909,124700,76776,47924,441713.7619825298,133943,38.43143544506816,107.4121892542101,5.7532791755565516
910,86002,52783,33219,137800.97119906466,108946,38.625845910560216,126.67844933838748,2.610707447455898
911,106668,61496,45172,439865.7858286783,194886,42.34822064724191,182.70334120823492,7.152754420266006
912,144601,122372,22229,410629.519332355,133251,15.372646108948071,92.15081500127938,3.3555839516585086
913,214870,137123,77747,545793.2571666398,125555,36.18327360729744,58.433006003630105,3.9803188171688175
914,272556,189580,82976,282301.1479686376,93330,30.443651946755896,34.24250429269581,1.4890871820267833
915,265391,219615,45776,363815.63071873575,152026,17.248512572016384,57.28378128874001,1.6566064736868418
916,202627,110962,91665,780725.5878490749,178048,45.23829499523755,87.86982978576398,7.035972565825011
917,251650,112620,139030,744865.7681209275,145342,55.24736737532287,57.7556129545003,6.613974144209976
918,201980,154186,47794,954604.0376794542,10775,23.662738885038124,5.334686602633925,6.191249774165321
919,248873,202182,46691,834056.3999589557,158128,18.76097447292394,63.53762762533501,4.125275246851627
920,177686,75108,102578,174268.1014126562,174956,57.72992807536891,98.4635818241167,2.320233549191247
921,188036,112052,75984,490071.093835416,168616,40.409283328724285,89.67219043161948,4.373604164454147
922,89976,62552,27424,30690.991499188916,34148,30.479238908153285,37.952342846981416,0.49064764514626097
923,232312,205953,26359,372569.5227749095,85076,11.346379007541582,36.62144013223596,1.8090026499973757
924,248188,153564,94624,1084449.779469867,90453,38.12593678985286,36.44535593985205,7.061875045387376
925,193390,95836,97554,237738.0945329302,151538,50.44418015409276,78.35875691607632,2.4806763067420405
926,135742,97777,37965,325357.9772664003,153484,27.968499064401588,113.07038352168084,3.32755123665484
927,133526,94111,39415,674618.3655723244,144228,29.51859562931564,108.01491844285007,7.1683263972577524
928,194136,102194,91942,221915.1520219957,130429,47.35958297276136,67.18434499526106,2.171508621073602
929,257583,219195,38388,1414585.488395907,126479,14.903157428867589,49.10223112550129,6.453548157557914
930,198199,154841,43358,671974.0211772891,18375,21.875993319845204,9.270985221923421,4.339768027701249
931,55088,32520,22568,107828.44119471556,195497,40.96717978507116,354.88128085971533,3.3157577243147465
932,174345,71539,102806,153963.17209843468,78077,58.96699073675757,44.78304511170381,2.152157174386484
933,179784,96080,83704,483039.5462081393,27128,46.558091932541274,15.089218172918613,5.027472379351991
934,108368,75941,32427,180168.45034264468,32920,29.9230400118116,30.37797135685811,2.3724792976474456
935,291514,227235,64279,186361.72075716255,173784,22.050055914981783,59.61428953669463,0.8201277125317955
936,173682,101541,72141,757840.9877614966,122049,41.536255915984384,70.27153072857291,7.463398900557377
937,60583,29691,30892,23333.56122468791,150528,50.99120215241899,248.46574121453213,0.7858799375126438
938,131118,97984,33134,571427.8427622681,101968,25.270367150200585,77.76811726841471,5.8318484932465315
939,190945,153431,37514,239647.68761774024,21644,19.64649506402367,11.335201235957998,1.5619248236519363
940,102021,57928,44093,453472.18666276906,132610,43.21953323335392,129.98304270689368,7.8282037471131245
941,207248,155557,51691,904790.149332842,174,24.94161584188991,0.08395738438971667,5.816454092923121
942,132268,115542,16726,458709.83060427057,105410,12.645537847400732,79.6942571143436,3.970070023058893
943,115225,55482,59743,348962.09598998417,33919,51.84899110436103,29.437188110219136,6.289645218088464
944,113155,67007,46148,13505.080713328654,34675,40.78299677433609,30.64380716716009,0.20154731167383488
945,272866,110704,162162,623219.0432324356,181517,59.42917036200919,66.52239560810068,5.629598237032407
946,110305,68260,42045,128314.27700018988,159034,38.11703911880694,144.1766012420108,1.8797872399676219
947,255964,206963,49001,904726.860051356,103591,19.143707708896564,40.47092559891235,4.3714425286227785
948,181650,111678,69972,275920.0864343345,109903,38.52023121387283,60.50261491879989,2.470675392058727
949,171461,78742,92719,605691.8667056485,144866,54.07585398428797,84.48918412933554,7.692106711864678
950,98002,58632,39370,61781.72444519531,1481,40.172649537764535,1.511193649109202,1.0537202286327485
951,96408,46144,50264,114358.8078027574,27798,52.13675213675214,28.833706746328108,2.478302873672794
952,131649,110019,21630,592080.88575895,127815,16.430052639974477,97.08771050292823,5.381623953671184
953,214598,119409,95189,893463.1299215922,142961,44.356890558159904,66.61804863046254,7.482376788362621
954,64335,57319,7016,287967.6215798744,53747,10.905416958109894,83.54239527473382,5.023947060832786
955,77327,37225,40102,55663.12041319988,87051,51.8602816609981,112.57516779391416,1.4953155248676933
956,190653,113503,77150,173820.92815791658,147595,40.46618726167435,77.41551404908394,1.53142144399634
957,106960,92787,14173,319588.27535634907,154692,13.250747943156322,144.62602842183995,3.4443216760575197
958,275637,144314,131323,410838.5898218707,118639,47.643458606790816,43.041754191200745,2.846838074073691
959,158248,117534,40714,312599.2157945337,26049,25.727971285577066,16.46087154340023,2.659649257189696
960,117789,69137,48652,522370.7332938885,46220,41.304366282080665,39.23965735340312,7.555588661554428
961,86163,63393,22770,320658.10052440723,75277,26.42665645346611,87.36580666875572,5.058257229101119
962,259350,157987,101363,949109.8073922044,22931,39.08347792558319,8.841719683824948,6.007518386906545
963,129116,72644,56472,547022.3658406485,94776,43.73741441804269,73.40376095913751,7.530179585934813
964,65991,28623,37368,118774.22849724618,186384,56.62590353229986,282.43851434286495,4.14960795504476
965,181633,160806,20827,145759.06704963683,156989,11.46652865943964,86.43198097262061,0.9064280378197134
966,102120,78524,23596,442595.4552514169,145328,23.106149627888758,142.31100665883275,5.636435424219562
967,158490,104579,53911,61946.08885644353,59778,34.01539529307843,37.71720613287904,0.592337743298784
968,85833,56512,29321,334623.9941715824,103937,34.16052101173209,121.09212074609998,5.921290950091704
969,242363,163547,78816,902490.0916638598,90265,32.5198153183448,37.243721195066904,5.518230793984969
970,137718,60387,77331,36514.14151844434,30949,56.15170130266196,22.47273413787595,0.6046689108325358
971,193619,106228,87391,78240.73438055361,195691,45.13554971361282,101.07014290952851,0.7365358886598035
972,101842,72493,29349,376096.47939891246,30109,28.81816932110524,29.564423322401367,5.188038560949505
973,170356,69429,100927,536000.4166868362,165582,59.24475803611261,97.19763319166921,7.720122955635774
974,41306,30484,10822,172327.23962706066,94767,26.199583595603542,229.42671766813535,5.653038959029677
975,216872,143759,73113,286970.98761839827,18689,33.71251244973994,8.617525545021948,1.996194934705989
976,69084,33646,35438,31510.432238060628,186633,51.2969718024434,270.1537258989057,0.9365283313933492
977,102260,89208,13052,525638.6771943214,125844,12.763543907686289,123.06278114609819,5.8922818266783406
978,284602,223740,60862,1119066.521077929,84381,21.384951616643594,29.648772672012143,5.001638156243537
979,289880,123269,166611,618797.1377382106,173123,57.4758520767214,59.72229888229612,5.019892574274235
980,249926,131598,118328,474020.4662712967,1920,47.34521418339829,0.7682273953090114,3.602033969143123
981,146121,87602,58519,588546.4027761369,12905,40.04831612157048,8.831721655340436,6.718412853315414
982,161759,119091,42668,930821.8816887058,109200,26.377512224976662,67.50783573093305,7.816055635511548
983,274313,110866,163447,384556.7191040594,150946,59.584124704261185,55.026921801008335,3.4686623410609148
984,222003,171872,50131,1257482.4636238362,191758,22.581226379823697,86.37631023004194,7.316389310788471
985,265923,164128,101795,949904.3475846796,90009,38.27987800979983,33.84776796290655,5.787582542800007
986,239570,166435,73135,816585.6125938474,91176,30.52761197144885,38.05818758609175,4.9063334790990325
987,115945,87009,28936,142015.85712998395,10278,24.956660485575057,8.864547845961447,1.6321973259086295
988,261552,211643,49909,84688.65323320522,95667,19.08186517403805,36.57666544320059,0.4001486145688977
989,94318,39118,55200,111398.99879104808,21869,58.52541402489451,23.186454335333657,2.8477682599071548
990,273540,119967,153573,874481.0053455884,10442,56.14279447247203,3.8173576076624993,7.289346281440633
991,113788,69682,44106,120045.01746799226,86346,38.761556578901114,75.8832214293247,1.722755051060421
992,107087,47179,59908,359123.0417234452,66897,55.943298439586506,62.46976757216095,7.611925681414299
993,197221,116684,80537,460669.35814835975,174398,40.835915039473484,88.42770293224352,3.948007937235266
994,54924,43575,11349,138550.42749502335,869,20.66309809919161,1.5821862937877795,3.179585255192733
995,137088,72201,64887,570480.0818130458,164530,47.332370448179276,120.01779878618113,7.901276738730014
996,261677,153226,108451,1128683.0747872512,160133,41.44460537227192,61.19490822655411,7.366132867706859
997,195242,130649,64593,281003.5424041536,174875,33.0835578410383,89.56833058460782,2.150828115057548
998,190368,161369,28999,860371.8041308636,143927,15.233127416372499,75.60461842326441,5.331704380214686
999,125178,78508,46670,395835.5896405124,135530,37.28290913738836,108.26982377095015,5.041977755649264
1000,103610,77990,25620,266789.0241241862,174499,24.727342920567512,168.41907151819322,3.4208106696266984
